pedido_id,item_id,cliente_id,produto_id,data_pedido,UF_Sigla,canal_venda,vendedor_id,quantidade,preco_unitario,desconto_percentual,custo_unitario,status_pedido
2305,4249,104,3,2025-02-05,SP,Site Próprio,4,2,66.65,0.1706,26.91,Concluído
1459,2659,125,47,2025-11-12,MA,Site Próprio,1,1,229.52,0.0887,89.54,Concluído
2509,4628,531,40,2025-11-13,SP,Aplicativo,6,1,115.67,0.1643,53.25,Concluído
2155,3967,460,41,2024-09-20,SP,Site Próprio,5,1,412.22,0.2103,180.53,Concluído
2312,4261,278,1,2025-07-15,BA,Marketplace,6,1,172.33,0.1594,91.78,Concluído
492,891,308,20,2024-07-20,BA,Marketplace,3,1,80.05,0.0481,55.18,Concluído
2308,4254,599,8,2024-05-26,SC,Site Próprio,4,2,72.36,0.0823,43.6,Concluído
2046,3769,33,45,2025-12-14,MG,Site Próprio,4,1,83.87,0.0437,39.57,Concluído
2093,3854,169,29,2025-08-11,SP,Site Próprio,2,1,122.95,0.1941,78.75,Concluído
1270,2302,569,26,2025-05-04,MG,Site Próprio,5,1,395.38,0.0643,164.45,Concluído
597,1079,558,10,2025-11-14,PA,Marketplace,1,3,176.69,0.0914,120.42,Cancelado
1692,3076,125,31,2024-07-09,MA,Site Próprio,6,1,93.34,0.0478,39.52,Concluído
114,214,632,32,2025-06-18,SP,Marketplace,2,1,231.6,0.1923,130.06,Concluído
2188,4032,361,6,2024-12-14,SP,Site Próprio,3,1,91.16,0.2117,52.6,Concluído
74,146,75,29,2025-07-07,PR,Marketplace,5,1,107.15,0.1008,78.75,Concluído
98,188,241,53,2024-08-10,SP,Site Próprio,2,1,200.52,,152.79,Concluído
1430,2605,538,24,2024-11-21,RJ,Site Próprio,4,2,477.17,0.0972,217.31,Concluído
875,1585,543,9,2025-12-27,DF,Marketplace,2,1,168.73,0.0492,108.49,Concluído
2325,4284,25,20,2025-05-02,MG,Site Próprio,3,1,94.18,0.0906,55.18,Concluído
2390,4401,62,45,2025-04-22,SP,Marketplace,1,1,65.63,0.2366,39.57,Concluído
1503,2730,381,13,2025-04-24,PR,Site Próprio,2,2,113.88,0.0786,77.45,Concluído
1849,3388,484,7,2024-11-21,SP,Marketplace,5,2,188.46,0.1647,103.55,Concluído
2495,4599,11,36,2024-12-14,SP,Site Próprio,6,2,105.65,0.2071,66.1,Concluído
1006,1807,577,14,2024-08-18,SP,Marketplace,6,1,142.46,0.1946,105.23,Concluído
588,1062,46,38,2025-06-05,SP,Marketplace,6,2,78.25,0.207,48.05,Concluído
1275,2307,322,46,2025-11-01,CE,Site Próprio,1,2,165.44,0.0383,81.26,Concluído
369,665,14,32,2025-04-24,DF,Marketplace,2,1,211.46,0.0697,130.06,Concluído
2117,3901,329,30,2024-09-07,MG,Marketplace,6,2,268.55,0.0664,145.7,Concluído
1464,2668,96,28,2025-03-09,PE,Site Próprio,5,1,302.07,0.0903,142.78,Concluído
230,427,466,46,2025-08-26,SP,Site Próprio,6,1,133.92,0.2137,81.26,Concluído
2085,3840,437,26,2024-11-06,RJ,Site Próprio,1,1,412.57,0.0869,164.45,Concluído
2341,4318,115,21,2025-02-12,MG,Marketplace,3,2,154.26,0.0589,94.68,Concluído
1038,1874,427,6,2025-12-12,PR,Site Próprio,6,1,64.57,0.0758,52.6,Concluído
2245,4139,532,32,2025-09-02,SP,Site Próprio,5,1,231.1,0.2156,130.06,Concluído
2255,4158,12,32,2025-12-07,DF,Site Próprio,6,2,271.88,0.0611,130.06,Concluído
2565,4725,180,3,2025-06-27,SP,Site Próprio,5,1,57.96,0.2196,26.91,Concluído
236,434,379,47,2024-02-13,PR,Site Próprio,1,1,209.56,0.0907,89.54,Concluído
175,329,636,9,2024-12-22,SP,Marketplace,6,1,239.17,0.1699,108.49,Concluído
2531,4666,57,41,2024-12-12,RS,Marketplace,1,1,353.33,0.1031,180.53,Concluído
1922,3525,73,50,2024-03-12,SP,Marketplace,6,3,242.17,0.213,118.05,Cancelado
1912,3512,621,37,2025-12-21,PR,Marketplace,5,1,122.48,0.0323,61.9,Concluído
939,1699,613,46,2025-11-21,PR,Site Próprio,5,1,134.22,0.0309,81.26,Concluído
221,408,198,1,2025-10-25,SP,Marketplace,6,1,139.81,0.2904,91.78,Concluído
1184,2130,368,22,2024-04-02,SP,Site Próprio,3,1,187.39,0.24,88.13,Concluído
1850,3391,350,50,2025-01-02,PR,Site Próprio,1,1,181.63,0.069,118.05,Concluído
2179,4016,166,47,2025-03-23,RJ,Site Próprio,2,1,169.65,0.1166,89.54,Concluído
340,617,399,29,2025-11-25,SC,Marketplace,5,1,96.44,0.0435,78.75,Concluído
1130,2037,323,21,2024-12-01,MG,Site Próprio,5,2,145.69,0.1043,94.68,Concluído
377,679,10,43,2025-11-20,PE,Site Próprio,2,1,392.82,0.09,182.69,Concluído
520,941,288,36,2024-09-18,PR,Site Próprio,1,2,78.26,0.03,66.1,Concluído
1150,2070,335,26,2025-11-16,SP,Site Próprio,4,3,229.2,0.1756,164.45,Concluído
273,501,248,5,2025-01-15,SP,Marketplace,2,1,220.58,0.1733,185.65,Concluído
943,1703,85,31,2025-04-14,MT,Site Próprio,1,1,69.14,0.0409,39.52,Concluído
2546,4687,110,20,2024-06-23,SP,Marketplace,4,3,80.05,0.2071,55.18,Concluído
355,641,110,21,2025-03-23,SP,Marketplace,3,1,107.92,0.2387,94.68,Cancelado
2319,4276,234,16,2025-09-12,MG,Site Próprio,5,1,234.62,0.0459,150.82,Concluído
1476,2687,486,51,2025-11-04,SP,Site Próprio,1,1,267.51,0.2391,201.19,Concluído
2431,4478,147,5,2025-05-27,SP,Aplicativo,2,1,220.58,0.2299,185.65,Concluído
570,1033,300,13,2025-11-27,BA,Site Próprio,3,1,89.32,0.048,77.45,Concluído
39,79,525,13,2024-03-15,RS,Site Próprio,2,1,99.24,0.054,77.45,Concluído
2579,4750,219,23,2024-11-18,GO,Marketplace,6,1,92.37,0.2137,43.89,Concluído
1251,2262,427,48,2025-05-09,PR,Site Próprio,4,1,169.67,0.0358,66.62,Cancelado
1582,2868,561,5,2025-08-19,SP,Marketplace,6,1,173.01,0.1841,185.65,Cancelado
2593,4773,114,8,2025-03-01,PA,Marketplace,4,1,72.36,,43.6,Concluído
1819,3329,419,1,2025-11-05,SP,Marketplace,2,1,164.12,0.2778,91.78,Concluído
1412,2568,607,7,2024-11-17,RJ,Marketplace,3,1,226.15,0.1497,103.55,Concluído
411,745,403,7,2025-11-26,SP,Marketplace,5,3,197.88,0.2207,103.55,Concluído
2291,4225,171,8,2025-12-07,SP,Site Próprio,4,1,53.48,0.2357,43.6,Concluído
2328,4291,342,1,2025-09-05,RS,Site Próprio,2,3,188.74,0.163,91.78,Concluído
1214,2190,548,36,2024-04-16,MT,Site Próprio,3,1,130.51,0.0352,66.1,Concluído
2293,4229,568,13,2024-11-09,BA,Aplicativo,6,1,133.97,0.0976,77.45,Concluído
1191,2143,641,34,2024-08-21,BA,Marketplace,2,1,78.34,0.104,37.12,Concluído
448,808,428,53,2025-02-25,MS,Site Próprio,2,2,270.7,0.0927,152.79,Concluído
917,1662,258,2,2025-05-25,SP,Aplicativo,2,1,376.29,0.1606,137.72,Concluído
1230,2223,308,24,2024-11-26,BA,Marketplace,6,1,386.28,0.034,217.31,Concluído
2564,4724,332,53,2024-07-22,PR,Site Próprio,4,1,334.39,0.0991,152.79,Concluído
542,982,196,7,2024-10-12,SP,Aplicativo,6,1,167.52,0.2042,103.55,Concluído
1302,2359,555,31,2025-05-16,SP,Aplicativo,1,1,81.16,0.2013,39.52,Concluído
2555,4704,300,21,2025-11-11,BA,Aplicativo,3,1,154.26,0.0371,94.68,Concluído
2167,3990,504,29,2024-07-27,SP,Site Próprio,6,2,151.89,0.1983,78.75,Concluído
514,930,100,1,2025-03-13,SP,Site Próprio,3,1,109.41,0.2887,91.78,Concluído
2634,4857,322,50,2025-03-06,CE,Site Próprio,1,1,211.9,0.0656,118.05,Concluído
1609,2924,554,36,2025-07-14,RS,Site Próprio,5,1,82.86,0.0566,66.1,Concluído
225,416,287,42,2025-09-25,MG,Site Próprio,3,1,80.66,0.0512,37.56,Concluído
1968,3618,550,11,2024-12-14,PR,Site Próprio,5,1,209.09,0.0473,139.55,Concluído
1761,3215,184,32,2025-08-26,SP,Marketplace,5,1,285.47,0.2168,130.06,Concluído
1296,2351,461,8,2024-11-01,MG,Site Próprio,2,1,66.07,0.0483,43.6,Concluído
2182,4024,132,41,2024-04-16,MG,Marketplace,2,2,392.59,0.0807,180.53,Cancelado
1392,2520,298,7,2025-01-11,CE,Marketplace,5,1,188.46,0.0342,103.55,Concluído
1901,3488,82,9,2025-05-10,MG,Site Próprio,3,1,239.17,0.0672,108.49,Concluído
517,935,13,6,2025-04-24,SP,Site Próprio,5,1,59.08,0.1947,52.6,Concluído
441,799,80,50,2025-09-05,CE,Site Próprio,3,2,134.54,0.0484,118.05,Concluído
201,373,307,52,2025-12-21,PR,Site Próprio,1,2,162.62,0.0947,115.34,Concluído
368,662,547,46,2024-11-03,SP,Marketplace,5,1,99.2,0.1885,81.26,Concluído
2018,3719,461,17,2025-02-19,MG,Site Próprio,5,1,216.64,0.1585,127.08,Concluído
2313,4264,494,35,2025-10-14,MA,Marketplace,4,2,176.61,0.0852,79.44,Concluído
742,1338,582,13,2024-05-25,BA,Marketplace,5,1,84.35,0.0821,77.45,Concluído
1712,3118,115,12,2025-02-27,MG,Marketplace,2,1,419.47,0.098,209.52,Concluído
634,1145,75,39,2025-12-25,PR,Marketplace,5,1,520.48,,144.85,Concluído
2430,4476,160,46,2025-02-16,MG,Marketplace,1,1,133.92,0.0878,81.26,Concluído
1985,3650,133,47,2024-11-16,RJ,Marketplace,5,2,169.65,0.1075,89.54,Concluído
103,196,440,23,2025-09-26,BA,Marketplace,4,1,80.83,0.1605,43.89,Concluído
199,371,556,33,2024-10-03,RS,Marketplace,1,2,230.81,0.0819,122.16,Concluído
1384,2506,82,1,2025-06-14,MG,Site Próprio,4,1,172.33,0.1316,91.78,Concluído
362,654,644,22,2025-09-20,PE,Site Próprio,3,1,160.62,0.0957,88.13,Concluído
102,195,294,6,2025-10-11,SP,Site Próprio,3,1,68.37,0.2201,52.6,Concluído
1626,2954,556,1,2025-03-04,RS,Marketplace,1,1,164.12,0.1844,91.78,Concluído
1636,2972,142,11,2025-09-02,RJ,Marketplace,6,1,221.39,,139.55,Concluído
2537,4677,646,12,2024-11-15,SP,Site Próprio,5,3,489.38,0.1778,209.52,Concluído
1836,3360,164,20,2024-04-08,BA,Site Próprio,4,2,84.76,0.0556,55.18,Concluído
224,413,202,5,2024-12-13,SP,Site Próprio,5,2,201.84,,185.65,Concluído
995,1789,216,35,2024-05-11,RJ,Marketplace,2,1,161.25,0.1209,79.44,Concluído
1789,3272,289,45,2025-03-14,MS,Site Próprio,5,1,83.87,0.0329,39.57,Concluído
1277,2312,221,26,2025-08-18,SP,Marketplace,1,3,267.4,0.2278,164.45,Cancelado
227,420,88,5,2024-05-21,BA,Site Próprio,6,1,272.49,0.0811,185.65,Concluído
1811,3312,351,17,2025-03-08,MA,Site Próprio,3,2,185.69,0.2142,127.08,Concluído
732,1321,359,32,2025-03-26,SP,Marketplace,1,2,271.88,0.1831,130.06,Concluído
26,55,40,23,2024-07-09,BA,Site Próprio,2,1,57.02,0.2012,43.89,Concluído
1090,1967,211,43,2025-08-14,ES,Site Próprio,5,1,333.9,0.0605,182.69,Concluído
1433,2610,542,28,2025-11-03,RJ,Site Próprio,5,1,262.67,0.1458,142.78,Concluído
2470,4553,96,6,2025-09-10,PE,Aplicativo,5,1,87.36,0.0917,52.6,Concluído
1729,3154,482,24,2025-11-09,SP,Marketplace,2,1,409.01,0.1727,217.31,Concluído
112,211,535,43,2025-11-15,PE,Site Próprio,4,1,333.9,0.103,182.69,Concluído
1491,2713,190,50,2024-12-15,SP,Site Próprio,1,1,211.9,0.1999,118.05,Concluído
1906,3499,374,33,2025-01-14,SP,Aplicativo,1,2,207.73,0.1995,122.16,Concluído
1651,2999,645,21,2025-11-17,MS,Site Próprio,2,3,145.69,0.0829,94.68,Concluído
632,1142,650,40,2024-12-17,CE,Site Próprio,5,1,102.82,0.0759,53.25,Concluído
955,1722,36,50,2025-02-10,DF,Site Próprio,4,2,211.9,0.0702,118.05,Concluído
257,475,434,24,2025-07-06,SP,Site Próprio,4,1,336.63,0.1667,217.31,Concluído
244,447,326,36,2024-08-08,PR,Marketplace,2,1,105.65,0.0471,66.1,Concluído
1430,2604,538,17,2024-11-21,RJ,Site Próprio,4,1,216.64,0.2218,127.08,Concluído
2001,3683,14,5,2024-05-02,DF,Site Próprio,4,2,272.49,0.0947,185.65,Concluído
1510,2740,122,40,2025-08-05,MS,Marketplace,4,1,138.8,0.0884,53.25,Concluído
351,636,41,30,2025-03-21,BA,Site Próprio,4,1,280.84,0.0675,145.7,Concluído
858,1558,224,16,2024-07-01,SC,Site Próprio,1,2,248.42,0.0392,150.82,Concluído
760,1375,96,46,2024-07-01,PE,Site Próprio,5,1,181.19,0.0691,81.26,Concluído
2170,3998,579,14,2025-12-15,SP,Marketplace,3,2,183.17,0.2197,105.23,Concluído
1309,2371,240,5,2025-12-18,SC,Aplicativo,4,3,259.51,0.036,185.65,Concluído
516,933,520,17,2025-07-16,SP,Aplicativo,4,1,160.47,0.3316,127.08,Concluído
1482,2700,370,18,2025-05-03,RJ,Site Próprio,6,1,583.5,0.146,173.9,Concluído
2536,4673,435,5,2025-12-21,RS,Aplicativo,6,1,163.4,0.0788,185.65,Concluído
1178,2117,160,52,2024-09-06,MG,Marketplace,3,1,219.54,0.0729,115.34,Concluído
2496,4600,70,49,2025-12-25,MS,Site Próprio,6,1,150.0,0.0471,73.39,Concluído
1261,2282,422,8,2024-06-09,SP,Site Próprio,1,2,53.48,,43.6,Concluído
1725,3143,68,32,2024-11-09,RJ,Site Próprio,3,1,271.88,0.0922,130.06,Concluído
661,1189,308,25,2025-05-06,BA,Site Próprio,2,1,29.07,0.0341,16.13,Concluído
576,1043,437,22,2025-07-20,RJ,Site Próprio,6,3,289.12,0.1381,88.13,Concluído
1591,2890,61,26,2025-06-17,SP,Marketplace,4,3,229.2,0.2285,164.45,Concluído
1360,2467,513,36,2025-07-14,SP,Site Próprio,4,1,78.26,0.2062,66.1,Concluído
1133,2041,295,46,2025-10-16,BA,Aplicativo,3,1,141.8,0.0445,81.26,Concluído
1390,2517,315,23,2025-01-05,MS,Aplicativo,6,1,92.37,0.1424,43.89,Cancelado
2379,4376,361,6,2025-01-02,SP,Marketplace,5,2,91.16,0.2052,52.6,Concluído
997,1794,26,43,2025-03-20,SP,Aplicativo,3,1,412.46,,182.69,Concluído
2273,4191,485,13,2025-12-26,RS,Site Próprio,1,1,133.97,0.036,77.45,Concluído
1767,3231,313,7,2024-06-07,SP,Marketplace,2,2,160.19,0.1955,103.55,Concluído
839,1522,317,32,2025-10-20,SC,Site Próprio,2,1,285.47,0.0868,130.06,Concluído
425,771,315,17,2024-08-25,MS,Site Próprio,4,1,247.58,0.134,127.08,Concluído
374,673,4,35,2024-11-01,SP,Marketplace,1,1,113.76,0.2245,79.44,Concluído
775,1407,87,6,2025-07-21,SP,Marketplace,4,1,75.96,0.2251,52.6,Concluído
173,326,182,24,2025-12-08,SP,Marketplace,3,2,286.14,0.1861,217.31,Cancelado
210,388,396,46,2024-06-20,SC,Site Próprio,5,1,105.04,0.0682,81.26,Concluído
99,189,490,19,2025-02-22,SP,Marketplace,5,1,376.26,0.1675,137.57,Concluído
1538,2788,345,1,2024-11-19,MG,Marketplace,3,1,147.71,0.1798,91.78,Concluído
597,1078,558,5,2025-11-14,PA,Marketplace,1,2,192.23,0.0851,185.65,Cancelado
1317,2388,378,44,2024-10-14,RJ,Aplicativo,5,1,191.7,0.1414,119.7,Concluído
1432,2608,436,9,2025-01-11,MA,Marketplace,2,1,193.62,0.0958,108.49,Concluído
1880,3448,499,6,2025-11-10,SP,Site Próprio,2,1,47.83,0.2228,52.6,Concluído
168,319,87,8,2025-12-09,SP,Aplicativo,2,1,46.61,0.1737,43.6,Concluído
525,952,8,31,2025-11-12,SP,Site Próprio,4,2,51.1,0.2308,39.52,Concluído
2615,4815,471,46,2025-11-24,RJ,Marketplace,5,1,157.56,0.0892,81.26,Concluído
1285,2326,360,17,2024-04-22,CE,Marketplace,1,2,185.69,0.1835,127.08,Concluído
1909,3505,256,31,2024-09-02,RJ,Site Próprio,5,2,68.99,,39.52,Concluído
1646,2990,212,16,2025-12-13,MG,Site Próprio,5,1,276.02,0.0899,150.82,Concluído
954,1721,379,18,2024-06-17,PR,Site Próprio,1,2,680.75,0.0737,173.9,Concluído
2191,4040,497,17,2025-06-05,PE,Marketplace,6,2,216.64,0.222,127.08,Concluído
362,652,644,5,2025-09-20,PE,Site Próprio,3,1,173.01,0.0841,185.65,Concluído
2286,4215,472,23,2025-09-27,SC,Site Próprio,5,1,92.37,0.1925,43.89,Concluído
2561,4720,422,42,2024-12-23,SP,Site Próprio,2,1,57.13,0.1954,37.56,Concluído
1120,2020,319,38,2024-12-01,MG,Site Próprio,3,1,105.64,0.0385,48.05,Concluído
2225,4098,438,12,2024-06-16,MG,Marketplace,4,1,489.38,0.081,209.52,Concluído
120,230,199,1,2025-10-13,SP,Site Próprio,3,1,103.33,0.314,91.78,Concluído
2258,4165,216,52,2025-11-16,RJ,Site Próprio,2,1,271.2,0.1162,115.34,Concluído
1606,2917,437,5,2025-05-08,RJ,Marketplace,2,2,311.41,0.12,185.65,Concluído
344,626,238,8,2025-06-11,RJ,Marketplace,5,1,39.62,0.0821,43.6,Concluído
2329,4294,114,8,2025-12-15,PA,Site Próprio,2,2,72.36,0.0667,43.6,Concluído
309,563,480,25,2025-10-06,SP,Site Próprio,1,1,21.53,0.182,16.13,Concluído
243,445,408,3,2025-06-04,SP,Site Próprio,6,1,52.16,0.2244,26.91,Concluído
2276,4199,346,6,2024-03-05,SP,Site Próprio,3,1,91.16,0.2148,52.6,Concluído
1738,3171,295,52,2025-10-05,BA,Aplicativo,3,2,232.45,0.0516,115.34,Concluído
2110,3890,133,43,2025-11-18,RJ,Site Próprio,5,1,333.9,0.1018,182.69,Concluído
485,874,352,5,2024-09-27,SP,Site Próprio,5,1,272.49,0.1759,185.65,Concluído
1753,3198,138,3,2025-12-25,MG,Marketplace,5,1,60.85,0.0533,26.91,Concluído
486,877,403,6,2025-11-07,SP,Site Próprio,2,1,79.76,0.1601,52.6,Concluído
1083,1954,650,19,2025-10-11,CE,Site Próprio,3,2,609.54,0.0826,137.57,Cancelado
2048,3772,491,32,2025-11-11,RJ,Marketplace,2,1,285.47,0.095,130.06,Cancelado
2524,4655,286,8,2025-12-12,PR,Site Próprio,2,1,72.36,0.035,43.6,Concluído
403,724,118,36,2024-04-19,RS,Marketplace,6,1,82.86,0.0945,66.1,Concluído
2025,3731,472,30,2024-11-04,SC,Marketplace,6,2,379.13,0.0549,145.7,Concluído
686,1237,311,17,2024-05-01,SP,Site Próprio,2,1,237.27,0.2671,127.08,Concluído
1353,2453,12,7,2025-10-25,DF,Site Próprio,6,3,188.46,0.0392,103.55,Concluído
1835,3357,299,16,2025-12-27,BA,Aplicativo,2,1,317.42,0.1017,150.82,Concluído
1121,2022,377,48,2024-07-16,SP,Site Próprio,1,1,169.67,0.1873,66.62,Concluído
1408,2559,161,45,2024-05-15,RJ,Site Próprio,6,3,61.99,0.0956,39.57,Concluído
1742,3179,229,41,2024-06-24,MS,Site Próprio,3,1,333.7,0.0835,180.53,Concluído
1403,2544,540,7,2024-11-15,PR,Aplicativo,2,1,169.61,0.0869,103.55,Concluído
82,162,639,20,2025-10-23,DF,Marketplace,3,1,83.71,0.0532,55.18,Concluído
1477,2692,407,5,2025-08-20,MG,Site Próprio,3,1,173.01,0.0649,185.65,Concluído
442,800,482,41,2024-07-16,SP,Site Próprio,5,2,261.73,0.1702,180.53,Concluído
1550,2808,346,1,2025-07-24,SP,Marketplace,4,2,196.94,0.2621,91.78,Cancelado
701,1263,247,53,2024-07-15,DF,Marketplace,1,1,200.52,0.0401,152.79,Concluído
932,1685,564,47,2025-12-05,DF,Site Próprio,3,1,199.58,0.0772,89.54,Concluído
2462,4536,618,12,2025-04-05,SP,Site Próprio,5,2,396.16,0.1622,209.52,Concluído
2009,3700,318,45,2024-03-01,PE,Marketplace,1,1,61.99,0.0997,39.57,Concluído
1397,2532,46,12,2025-03-17,SP,Site Próprio,4,3,466.07,0.1793,209.52,Concluído
2055,3784,139,5,2025-12-16,RS,Site Próprio,2,2,311.41,0.0964,185.65,Cancelado
2424,4465,475,50,2025-12-19,RJ,Marketplace,1,3,201.81,0.1214,118.05,Concluído
1124,2029,358,6,2024-10-15,DF,Marketplace,6,1,64.57,0.074,52.6,Concluído
2507,4624,82,47,2025-06-06,MG,Site Próprio,2,1,209.56,0.0711,89.54,Cancelado
934,1689,11,34,2024-02-22,SP,Site Próprio,2,1,78.34,,37.12,Concluído
748,1354,477,34,2025-11-02,RJ,Site Próprio,6,1,82.95,0.0786,37.12,Concluído
502,910,70,37,2025-10-17,MS,Marketplace,4,1,127.8,0.0947,61.9,Concluído
2553,4699,370,8,2024-12-26,RJ,Site Próprio,5,1,56.63,0.0714,43.6,Concluído
763,1383,170,48,2025-11-02,SP,Site Próprio,4,1,169.67,0.2098,66.62,Concluído
894,1626,3,5,2025-11-21,PE,Site Próprio,1,1,233.56,0.0927,185.65,Concluído
1471,2680,441,1,2024-09-02,RJ,Aplicativo,6,1,172.33,0.1703,91.78,Concluído
1577,2854,645,27,2025-08-17,MS,Site Próprio,2,3,142.77,0.0684,88.49,Concluído
161,306,27,5,2024-08-24,SP,Site Próprio,1,2,192.23,0.1721,185.65,Cancelado
2201,4057,572,6,2024-09-16,MG,Site Próprio,1,2,91.16,0.097,52.6,Concluído
1712,3116,115,34,2025-02-27,MG,Marketplace,2,2,82.95,0.0822,37.12,Concluído
370,666,438,6,2025-01-09,MG,Site Próprio,4,3,59.08,0.1089,52.6,Concluído
794,1442,454,38,2025-12-07,SP,Site Próprio,3,1,121.48,0.1806,48.05,Concluído
2509,4627,531,52,2025-11-13,SP,Aplicativo,6,1,258.28,0.1835,115.34,Concluído
2005,3692,208,28,2025-02-26,PR,Site Próprio,6,2,262.67,0.064,142.78,Concluído
2384,4388,257,1,2025-10-06,MG,Site Próprio,2,1,164.12,0.203,91.78,Concluído
1826,3340,462,5,2024-08-19,MG,Site Próprio,4,1,220.58,0.0486,185.65,Cancelado
1430,2603,538,5,2024-11-21,RJ,Site Próprio,4,1,272.49,0.1007,185.65,Concluído
2520,4649,240,8,2025-08-01,SC,Marketplace,2,1,62.92,,43.6,Concluído
1443,2630,399,1,2025-11-07,SC,Site Próprio,5,1,147.71,0.1633,91.78,Concluído
2315,4269,184,31,2025-12-07,SP,Site Próprio,1,1,85.22,0.1868,39.52,Concluído
653,1171,246,5,2025-11-20,PR,Site Próprio,6,2,163.4,0.0843,185.65,Concluído
1899,3482,205,5,2024-12-24,CE,Site Próprio,3,1,220.58,0.0904,185.65,Concluído
383,688,333,3,2025-09-08,SC,Site Próprio,6,1,36.49,,26.91,Concluído
324,589,617,35,2024-11-13,BA,Site Próprio,1,1,96.7,0.0852,79.44,Concluído
1807,3304,362,36,2025-06-14,BA,Site Próprio,4,1,149.15,0.105,66.1,Concluído
2038,3757,648,42,2025-09-24,GO,Site Próprio,6,1,67.22,0.0715,37.56,Concluído
2388,4398,329,8,2024-04-09,MG,Site Próprio,3,1,53.48,0.1055,43.6,Concluído
1688,3068,488,1,2025-08-09,RJ,Site Próprio,5,1,139.5,0.2319,91.78,Concluído
729,1314,385,5,2024-04-01,DF,Site Próprio,5,1,259.51,0.0337,185.65,Concluído
1003,1803,457,12,2025-05-19,SP,Site Próprio,6,3,489.38,0.2248,209.52,Concluído
846,1538,350,38,2024-12-16,PR,Marketplace,4,1,95.07,0.0653,48.05,Concluído
1241,2243,214,47,2024-10-11,PR,Site Próprio,6,2,229.52,0.0964,89.54,Concluído
604,1091,177,19,2025-11-06,SP,Site Próprio,6,1,533.35,0.1875,137.57,Concluído
357,645,92,17,2025-01-10,RS,Site Próprio,1,1,129.91,0.1762,127.08,Concluído
3,5,20,35,2025-03-01,SP,Marketplace,4,1,119.45,0.1995,79.44,Concluído
1116,2014,642,49,2025-12-10,RJ,Site Próprio,2,1,111.11,0.1442,73.39,Concluído
2413,4444,339,31,2025-05-25,SP,Site Próprio,2,2,81.16,0.1907,39.52,Concluído
231,428,91,30,2024-08-27,SP,Aplicativo,4,1,268.55,0.2177,145.7,Concluído
2557,4713,560,13,2025-11-08,SP,Site Próprio,6,1,120.58,0.2064,77.45,Concluído
2063,3798,455,47,2025-06-11,ES,Site Próprio,2,1,179.63,0.0446,89.54,Concluído
1219,2201,296,37,2024-11-22,DF,Marketplace,6,2,78.89,,61.9,Concluído
1236,2235,497,14,2024-07-16,PE,Aplicativo,2,1,192.33,0.0657,105.23,Concluído
1392,2521,298,23,2025-01-11,CE,Marketplace,5,1,76.98,0.119,43.89,Concluído
327,595,546,1,2024-12-11,SP,Site Próprio,6,1,103.33,0.3426,91.78,Concluído
1616,2939,26,3,2025-05-22,SP,Site Próprio,5,1,60.85,0.2267,26.91,Concluído
791,1437,188,5,2025-08-13,ES,Site Próprio,3,1,220.58,0.072,185.65,Concluído
2215,4083,27,8,2025-05-07,SP,Aplicativo,1,1,62.92,,43.6,Concluído
2329,4292,114,4,2025-12-15,PA,Site Próprio,2,3,312.39,0.0685,160.15,Concluído
353,639,57,5,2024-10-17,RS,Marketplace,3,1,173.01,0.0529,185.65,Concluído
1635,2970,390,30,2025-11-17,SP,Site Próprio,4,1,331.74,0.1662,145.7,Concluído
2229,4109,310,17,2024-10-11,RS,Site Próprio,6,3,175.37,0.1484,127.08,Concluído
1614,2934,298,9,2025-09-21,CE,Site Próprio,5,2,227.79,,108.49,Concluído
2509,4630,531,21,2025-11-13,SP,Aplicativo,6,3,171.4,0.2179,94.68,Concluído
2273,4190,485,31,2025-12-26,RS,Site Próprio,1,1,81.16,0.0495,39.52,Concluído
960,1731,280,8,2025-09-23,GO,Aplicativo,3,1,53.48,0.0691,43.6,Concluído
2052,3779,390,8,2024-03-24,SP,Marketplace,1,2,66.07,0.1855,43.6,Concluído
1634,2969,383,6,2025-04-13,CE,Marketplace,4,1,79.76,0.1011,52.6,Concluído
1673,3041,49,5,2024-11-23,RS,Site Próprio,1,1,201.84,0.0974,185.65,Cancelado
1760,3211,367,38,2025-06-24,RJ,Aplicativo,3,2,89.79,0.1374,48.05,Concluído
2443,4501,318,12,2024-02-22,PE,Marketplace,6,1,396.16,0.1031,209.52,Concluído
510,922,607,37,2025-05-03,RJ,Marketplace,3,1,127.8,0.079,61.9,Concluído
2047,3770,395,6,2024-09-26,RJ,Site Próprio,1,3,91.16,0.0967,52.6,Concluído
1327,2407,235,6,2025-09-12,RJ,Site Próprio,2,2,75.96,0.0918,52.6,Concluído
1698,3092,428,26,2025-07-14,MS,Marketplace,2,1,292.23,0.0651,164.45,Concluído
1426,2595,519,42,2024-11-09,RJ,Site Próprio,4,2,57.13,0.0959,37.56,Cancelado
1440,2624,118,18,2024-12-10,RS,Marketplace,3,1,583.5,0.0971,173.9,Concluído
250,460,294,8,2025-11-18,SP,Marketplace,6,1,56.63,0.2362,43.6,Concluído
2387,4394,257,22,2025-10-08,MG,Site Próprio,4,1,240.93,0.0489,88.13,Concluído
2197,4050,382,3,2025-07-01,SP,Site Próprio,1,1,57.96,0.2174,26.91,Concluído
665,1197,397,5,2025-05-09,SP,Aplicativo,5,2,221.06,0.2189,185.65,Concluído
607,1097,174,17,2025-09-18,MS,Site Próprio,1,2,183.4,0.1139,127.08,Concluído
1316,2387,280,5,2024-12-14,GO,Marketplace,2,3,220.58,,185.65,Concluído
1301,2356,44,20,2025-09-03,SP,Marketplace,5,2,69.76,0.1936,55.18,Concluído
1031,1859,567,8,2025-12-15,RJ,Site Próprio,2,1,75.51,0.142,43.6,Concluído
1838,3366,380,36,2025-10-13,SP,Aplicativo,4,2,105.65,0.1848,66.1,Concluído
1420,2585,454,32,2025-11-22,SP,Aplicativo,2,2,312.66,0.2166,130.06,Concluído
642,1154,443,53,2024-08-10,SP,Aplicativo,5,3,286.62,0.1692,152.79,Concluído
558,1013,264,1,2024-11-14,CE,Marketplace,2,1,121.57,0.1202,91.78,Cancelado
1338,2426,159,6,2025-06-04,MG,Marketplace,2,2,64.57,0.0455,52.6,Concluído
312,568,153,38,2025-02-01,GO,Aplicativo,5,1,66.51,0.04,48.05,Concluído
825,1500,582,6,2024-11-13,BA,Site Próprio,4,1,64.57,0.071,52.6,Concluído
875,1587,543,47,2025-12-27,DF,Marketplace,2,1,147.84,0.0698,89.54,Concluído
927,1678,43,1,2024-11-05,SP,Site Próprio,6,2,147.71,0.3024,91.78,Concluído
2173,4006,289,5,2025-10-02,MS,Site Próprio,4,1,298.44,0.0779,185.65,Concluído
1818,3325,420,34,2025-05-16,SP,Site Próprio,5,2,78.34,0.1911,37.12,Concluído
2250,4148,538,17,2025-12-17,RJ,Site Próprio,5,3,216.64,0.2516,127.08,Concluído
2151,3955,397,46,2025-11-05,SP,Aplicativo,3,2,181.19,0.1608,81.26,Concluído
1765,3223,419,19,2024-10-27,SP,Aplicativo,5,2,507.95,0.1647,137.57,Concluído
2315,4267,184,46,2025-12-07,SP,Site Próprio,1,1,165.44,0.1716,81.26,Concluído
829,1507,245,5,2025-06-24,CE,Marketplace,2,1,201.84,0.0767,185.65,Concluído
2315,4268,184,17,2025-12-07,SP,Site Próprio,1,2,216.64,0.2777,127.08,Concluído
1087,1962,71,6,2025-11-17,SP,Marketplace,1,1,64.57,0.1893,52.6,Concluído
1915,3515,82,5,2025-05-20,MG,Marketplace,3,1,272.49,0.0497,185.65,Concluído
1918,3518,207,7,2025-08-04,SC,Marketplace,2,2,197.88,,103.55,Concluído
1207,2173,369,47,2024-12-06,RJ,Site Próprio,5,1,169.65,,89.54,Concluído
1809,3306,195,12,2024-04-20,SP,Site Próprio,5,1,489.38,0.1703,209.52,Concluído
2614,4813,203,22,2024-10-17,MG,Site Próprio,6,1,252.98,0.0537,88.13,Concluído
2325,4285,25,10,2025-05-02,MG,Site Próprio,3,1,238.53,0.0341,120.42,Concluído
1630,2963,361,5,2024-06-15,SP,Site Próprio,4,1,311.41,0.2395,185.65,Concluído
423,767,340,5,2025-07-26,BA,Marketplace,3,1,220.58,0.1051,185.65,Concluído
256,474,190,24,2025-10-05,SP,Aplicativo,4,1,477.17,0.2363,217.31,Concluído
2389,4400,352,35,2024-10-13,SP,Site Próprio,4,1,161.25,0.1854,79.44,Concluído
278,512,608,35,2024-10-01,SP,Marketplace,3,1,161.25,0.1941,79.44,Concluído
42,84,343,36,2024-05-21,ES,Aplicativo,2,3,96.67,0.0698,66.1,Concluído
245,450,223,1,2024-07-09,GO,Aplicativo,2,1,147.71,0.1586,91.78,Concluído
66,132,185,4,2025-10-27,RS,Marketplace,4,1,181.1,0.0515,160.15,Concluído
436,789,214,53,2024-02-23,PR,Site Próprio,2,1,366.23,0.0633,152.79,Concluído
371,668,36,8,2024-10-01,DF,Aplicativo,2,1,66.07,0.0775,43.6,Concluído
412,747,178,45,2025-05-27,SP,Site Próprio,4,1,65.63,0.1953,39.57,Concluído
2456,4524,258,41,2025-03-08,SP,Marketplace,6,2,412.22,0.1931,180.53,Concluído
2375,4367,395,14,2024-10-10,RJ,Site Próprio,2,1,219.8,0.135,105.23,Concluído
129,246,10,36,2024-05-26,PE,Site Próprio,5,1,124.29,0.0944,66.1,Concluído
1146,2064,568,51,2025-12-26,BA,Site Próprio,1,1,361.14,0.0709,201.19,Concluído
573,1040,438,36,2024-07-06,MG,Marketplace,1,1,130.51,0.0955,66.1,Concluído
1055,1906,276,47,2025-02-01,SC,Site Próprio,4,1,133.06,0.0987,89.54,Concluído
1154,2078,311,49,2025-03-09,SP,Aplicativo,1,1,143.75,0.2138,73.39,Cancelado
1974,3632,336,15,2025-03-24,SP,Site Próprio,6,1,50.56,0.2163,22.05,Concluído
47,96,322,50,2025-11-19,CE,Site Próprio,5,2,156.96,,118.05,Concluído
2625,4835,151,17,2024-09-21,PR,Marketplace,3,2,175.37,0.2313,127.08,Concluído
862,1565,47,24,2025-03-21,SP,Site Próprio,2,1,454.45,,217.31,Concluído
2176,4011,123,5,2025-08-18,RJ,Marketplace,1,2,233.56,0.1194,185.65,Concluído
2463,4538,638,41,2024-08-02,SC,Marketplace,6,2,392.59,0.0526,180.53,Concluído
2211,4076,338,10,2025-12-10,RS,Marketplace,6,1,274.31,0.0302,120.42,Cancelado
2596,4781,301,6,2024-11-20,RS,Site Próprio,4,1,91.16,0.1033,52.6,Concluído
1653,3002,578,16,2025-12-07,SP,Marketplace,3,1,248.42,0.2306,150.82,Concluído
1342,2433,150,45,2025-10-03,SP,Site Próprio,3,1,65.63,0.1709,39.57,Concluído
2282,4207,485,16,2024-07-04,RS,Aplicativo,3,1,276.02,0.0422,150.82,Concluído
539,975,457,46,2025-12-02,SP,Site Próprio,1,1,165.44,0.1843,81.26,Concluído
530,961,537,30,2025-07-15,RJ,Site Próprio,5,1,284.35,0.0732,145.7,Concluído
1710,3113,315,45,2025-05-12,MS,Site Próprio,2,3,87.51,0.0656,39.57,Concluído
2469,4550,520,27,2025-07-01,SP,Site Próprio,6,1,238.1,0.2068,88.49,Concluído
796,1445,545,33,2025-09-10,SC,Marketplace,4,1,170.97,0.1018,122.16,Concluído
1615,2937,139,51,2024-07-16,RS,Site Próprio,5,2,433.37,0.0384,201.19,Concluído
2218,4086,585,12,2025-08-02,DF,Marketplace,2,1,535.99,0.0996,209.52,Concluído
2502,4616,30,8,2024-03-16,RJ,Aplicativo,2,1,72.36,0.0749,43.6,Concluído
1457,2656,609,32,2024-12-18,RJ,Marketplace,4,1,231.1,0.086,130.06,Concluído
1227,2218,352,29,2024-08-22,SP,Aplicativo,2,3,151.89,0.1834,78.75,Concluído
1948,3563,232,47,2024-02-20,SP,Site Próprio,3,1,239.5,0.2178,89.54,Concluído
1233,2229,312,9,2025-01-18,RS,Marketplace,5,2,227.79,0.0897,108.49,Concluído
2152,3957,468,8,2025-11-03,SP,Site Próprio,5,1,53.48,0.1947,43.6,Concluído
2318,4275,396,40,2025-09-20,SC,Site Próprio,3,2,104.1,0.0394,53.25,Concluído
1774,3243,26,1,2025-11-13,SP,Site Próprio,1,1,172.33,0.2755,91.78,Concluído
1755,3200,351,15,2024-06-23,MA,Site Próprio,1,1,43.34,0.0747,22.05,Concluído
2501,4611,631,17,2024-08-03,SP,Marketplace,4,3,185.69,0.3386,127.08,Concluído
144,276,115,40,2025-12-26,MG,Marketplace,5,1,77.11,0.0319,53.25,Concluído
1832,3354,184,23,2024-11-11,SP,Site Próprio,4,3,80.83,0.3083,43.89,Concluído
1600,2907,406,24,2025-11-11,SP,Marketplace,5,3,545.34,0.1681,217.31,Concluído
2080,3829,395,36,2025-06-19,RJ,Site Próprio,4,2,149.15,0.1111,66.1,Concluído
2428,4472,453,12,2024-10-23,SP,Aplicativo,4,2,466.07,0.2033,209.52,Concluído
1445,2636,450,8,2024-11-01,MG,Marketplace,3,1,62.92,0.0945,43.6,Concluído
2223,4095,237,37,2025-04-02,SP,Site Próprio,1,3,127.8,0.2223,61.9,Concluído
1848,3385,26,17,2025-05-11,SP,Marketplace,2,1,216.64,0.2913,127.08,Concluído
1684,3059,464,36,2024-05-16,SP,Site Próprio,6,2,124.29,0.1836,66.1,Concluído
899,1633,436,35,2024-05-04,MA,Site Próprio,5,1,96.7,0.0826,79.44,Concluído
2565,4726,180,18,2025-06-27,SP,Site Próprio,5,1,648.34,0.1733,173.9,Concluído
2217,4085,646,6,2025-08-15,SP,Site Próprio,3,2,79.76,0.2105,52.6,Concluído
1439,2622,179,40,2024-08-13,SP,Marketplace,4,2,98.32,0.2231,53.25,Concluído
670,1209,128,29,2024-06-06,MT,Site Próprio,4,1,144.65,0.0678,78.75,Cancelado
396,709,65,6,2025-07-01,CE,Marketplace,5,3,56.27,0.0855,52.6,Concluído
283,518,631,46,2025-04-05,SP,Marketplace,2,1,105.04,0.2393,81.26,Concluído
664,1196,150,7,2024-11-03,SP,Marketplace,1,1,125.64,0.1628,103.55,Concluído
2274,4194,136,5,2025-05-22,SP,Marketplace,3,1,259.51,0.1924,185.65,Concluído
375,675,528,5,2025-12-09,PE,Site Próprio,3,2,201.84,0.1092,185.65,Concluído
779,1415,89,14,2025-07-27,RJ,Marketplace,2,1,155.69,0.0975,105.23,Concluído
1578,2858,90,46,2024-11-10,RJ,Marketplace,5,1,140.05,0.1195,81.26,Concluído
2119,3903,403,1,2025-04-15,SP,Site Próprio,5,1,172.33,0.2986,91.78,Concluído
2494,4597,58,16,2024-05-25,SP,Aplicativo,2,1,289.82,0.2179,150.82,Concluído
1129,2035,347,13,2024-08-27,MS,Site Próprio,4,2,140.67,0.0909,77.45,Concluído
1009,1813,450,39,2025-07-17,MG,Marketplace,2,1,520.48,0.0514,144.85,Concluído
2150,3954,294,38,2025-05-10,SP,Site Próprio,4,1,95.07,0.2057,48.05,Concluído
679,1223,361,20,2025-11-22,SP,Aplicativo,1,1,83.71,0.1861,55.18,Concluído
2196,4047,221,29,2025-05-23,SP,Marketplace,2,1,151.89,0.2226,78.75,Concluído
753,1365,213,3,2025-10-22,CE,Site Próprio,6,1,66.65,0.1042,26.91,Concluído
248,454,555,30,2025-12-19,SP,Marketplace,2,2,234.03,0.2197,145.7,Concluído
2622,4827,435,17,2025-10-19,RS,Marketplace,2,2,175.37,0.2147,127.08,Concluído
190,357,348,25,2025-08-21,SC,Marketplace,3,2,21.53,0.0834,16.13,Concluído
1229,2221,134,52,2024-10-18,SC,Marketplace,2,1,191.32,0.0623,115.34,Concluído
806,1460,146,31,2024-06-19,DF,Site Próprio,6,1,54.11,0.0345,39.52,Concluído
1333,2417,631,12,2025-05-08,SP,Marketplace,5,1,419.47,0.1665,209.52,Concluído
1286,2329,202,6,2025-08-16,SP,Site Próprio,4,2,79.76,0.1649,52.6,Concluído
1215,2191,253,20,2024-12-16,RJ,Marketplace,3,2,80.05,0.1299,55.18,Concluído
408,738,446,52,2025-08-22,RS,Site Próprio,2,2,191.32,0.0501,115.34,Concluído
677,1219,7,3,2025-12-02,RJ,Marketplace,1,1,49.37,0.0773,26.91,Concluído
493,893,506,3,2025-04-14,BA,Site Próprio,2,2,38.64,0.0378,26.91,Concluído
1107,1998,139,5,2024-10-18,RS,Marketplace,1,1,311.41,0.077,185.65,Concluído
1925,3530,379,41,2024-04-21,PR,Site Próprio,2,1,412.22,0.1088,180.53,Cancelado
1164,2095,73,5,2025-02-08,SP,Site Próprio,6,3,311.41,0.1934,185.65,Concluído
1590,2886,411,35,2025-08-12,RJ,Site Próprio,5,1,130.54,0.1291,79.44,Concluído
1934,3544,633,23,2025-01-25,PR,Marketplace,4,2,51.32,0.1717,43.89,Concluído
1050,1896,610,8,2025-07-19,SC,Marketplace,1,1,56.63,0.0329,43.6,Concluído
308,562,390,29,2025-12-17,SP,Marketplace,3,2,151.89,0.164,78.75,Concluído
1538,2787,345,46,2024-11-19,MG,Marketplace,3,1,141.8,0.0344,81.26,Concluído
1713,3120,585,34,2024-04-24,DF,Marketplace,3,1,105.99,0.0994,37.12,Concluído
1952,3572,261,31,2025-07-10,MG,Site Próprio,6,1,68.99,0.0905,39.52,Concluído
1108,2001,377,17,2025-06-02,SP,Site Próprio,5,1,175.37,0.3522,127.08,Concluído
490,885,28,6,2025-05-20,ES,Site Próprio,5,1,87.36,0.0792,52.6,Cancelado
1854,3398,535,4,2025-03-16,PE,Site Próprio,6,1,230.9,0.11,160.15,Concluído
2434,4485,187,8,2024-07-10,MS,Site Próprio,5,1,53.48,0.0607,43.6,Concluído
795,1443,463,4,2025-11-04,RJ,Site Próprio,5,1,285.23,0.1441,160.15,Concluído
1976,3635,65,6,2025-10-13,CE,Marketplace,4,2,75.96,0.0708,52.6,Concluído
397,713,360,42,2025-05-22,CE,Marketplace,5,1,60.49,0.0884,37.56,Concluído
343,623,342,12,2024-05-01,RS,Marketplace,2,1,535.99,0.0351,209.52,Concluído
2104,3874,271,7,2025-12-01,RJ,Site Próprio,4,2,188.46,0.1152,103.55,Concluído
465,841,352,46,2025-07-12,SP,Site Próprio,6,1,165.44,0.2081,81.26,Concluído
379,682,132,41,2025-06-20,MG,Site Próprio,5,1,392.59,0.0836,180.53,Concluído
820,1490,603,38,2025-11-09,RS,Marketplace,5,1,66.51,0.103,48.05,Cancelado
1685,3062,482,43,2024-02-01,SP,Site Próprio,4,1,353.54,0.1844,182.69,Concluído
572,1036,610,21,2025-07-08,SC,Aplicativo,2,1,154.26,0.0647,94.68,Concluído
1828,3347,88,14,2025-06-21,BA,Site Próprio,5,1,192.33,0.0826,105.23,Concluído
1444,2634,437,8,2024-12-21,RJ,Site Próprio,2,1,75.51,0.0866,43.6,Concluído
2059,3791,568,5,2024-12-23,BA,Site Próprio,5,1,259.51,0.0554,185.65,Concluído
1548,2802,158,22,2025-08-04,PR,Marketplace,4,1,289.12,0.0656,88.13,Concluído
1512,2746,509,5,2025-11-04,PE,Site Próprio,1,1,220.58,0.0555,185.65,Concluído
1868,3424,411,46,2024-11-03,RJ,Site Próprio,6,1,133.92,0.1341,81.26,Concluído
1874,3433,32,32,2025-04-07,CE,Site Próprio,6,2,244.69,0.0704,130.06,Concluído
1642,2984,244,45,2025-04-03,SP,Site Próprio,4,1,61.99,0.2329,39.57,Concluído
1620,2944,431,31,2025-12-07,PR,Site Próprio,2,1,73.05,0.04,39.52,Concluído
2314,4265,343,8,2025-08-09,ES,Site Próprio,1,3,66.07,0.0469,43.6,Concluído
2550,4694,204,5,2024-08-24,SP,Site Próprio,6,1,272.49,0.186,185.65,Concluído
953,1719,77,30,2025-07-26,SP,Site Próprio,1,1,331.74,0.1687,145.7,Concluído
2588,4764,341,31,2025-12-14,MG,Site Próprio,3,2,93.34,0.0707,39.52,Concluído
1936,3548,14,25,2024-08-15,DF,Site Próprio,4,1,35.91,0.0902,16.13,Concluído
931,1683,264,3,2024-10-20,CE,Marketplace,5,1,57.96,0.0399,26.91,Concluído
1829,3348,541,25,2024-11-26,PE,Site Próprio,1,2,29.07,0.0954,16.13,Concluído
1797,3286,360,26,2024-09-06,CE,Marketplace,6,2,309.42,0.0303,164.45,Concluído
2304,4248,603,21,2024-10-17,RS,Site Próprio,2,1,145.69,0.0766,94.68,Concluído
2206,4066,589,52,2024-12-11,SP,Site Próprio,2,1,271.2,0.1628,115.34,Concluído
588,1063,46,23,2025-06-05,SP,Marketplace,6,2,57.02,0.309,43.89,Concluído
1026,1850,174,19,2025-12-07,MS,Marketplace,3,1,609.54,0.0313,137.57,Concluído
599,1083,214,17,2024-03-23,PR,Marketplace,4,1,237.27,0.1652,127.08,Concluído
650,1168,635,17,2025-07-11,MG,Marketplace,5,1,216.64,0.1675,127.08,Concluído
923,1671,372,44,2025-11-12,BA,Site Próprio,2,2,191.7,0.088,119.7,Concluído
1714,3123,20,49,2024-11-22,SP,Marketplace,1,1,131.25,0.1735,73.39,Concluído
1608,2920,30,5,2025-11-09,RJ,Site Próprio,1,1,298.44,0.092,185.65,Concluído
721,1298,75,5,2025-12-25,PR,Site Próprio,1,1,259.51,0.1052,185.65,Concluído
2127,3917,487,49,2025-06-21,PR,Aplicativo,1,1,125.0,0.0411,73.39,Concluído
1893,3472,556,36,2024-05-03,RS,Site Próprio,1,1,124.29,0.0922,66.1,Concluído
67,133,24,17,2025-11-09,DF,Marketplace,4,3,152.83,,127.08,Concluído
2013,3707,328,18,2025-07-12,PE,Marketplace,5,1,583.5,0.0809,173.9,Concluído
2204,4060,494,4,2024-11-12,MA,Site Próprio,4,1,312.39,0.0606,160.15,Concluído
1816,3322,516,32,2025-11-06,RJ,Site Próprio,4,2,171.18,0.1177,130.06,Concluído
2079,3826,532,53,2024-11-10,SP,Site Próprio,6,2,270.7,0.1635,152.79,Concluído
340,616,399,1,2025-11-25,SC,Marketplace,5,2,109.41,0.1385,91.78,Concluído
1219,2202,296,6,2024-11-22,DF,Marketplace,6,2,56.27,0.0575,52.6,Concluído
25,52,321,45,2025-04-26,SP,Site Próprio,2,1,64.82,0.2262,39.57,Cancelado
1415,2577,164,29,2025-12-03,BA,Site Próprio,3,1,130.19,0.0572,78.75,Concluído
1259,2274,611,6,2025-12-13,SC,Site Próprio,4,2,79.76,0.0369,52.6,Concluído
611,1108,94,5,2024-04-12,PR,Site Próprio,3,2,163.4,0.105,185.65,Concluído
2477,4567,58,13,2025-10-18,SP,Aplicativo,6,2,140.67,,77.45,Concluído
1273,2305,132,5,2024-11-04,MG,Marketplace,2,3,259.51,0.0453,185.65,Concluído
553,1004,166,1,2025-12-25,RJ,Marketplace,6,1,103.33,0.1702,91.78,Concluído
2634,4856,322,42,2025-03-06,CE,Site Próprio,1,2,70.58,0.0861,37.56,Concluído
1697,3088,47,1,2025-11-17,SP,Site Próprio,5,2,164.12,0.3309,91.78,Concluído
1853,3397,363,36,2025-10-05,RS,Site Próprio,3,1,105.65,0.0725,66.1,Concluído
1028,1855,80,41,2024-06-25,CE,Site Próprio,5,1,353.33,0.0772,180.53,Concluído
2638,4864,385,53,2024-06-18,DF,Marketplace,2,2,318.47,0.0849,152.79,Concluído
2375,4368,395,5,2024-10-10,RJ,Site Próprio,2,1,311.41,0.1282,185.65,Concluído
2567,4730,216,52,2024-05-03,RJ,Aplicativo,5,2,271.2,0.0976,115.34,Concluído
1764,3220,576,8,2024-07-19,SP,Site Próprio,3,1,56.63,0.2155,43.6,Concluído
1415,2578,164,5,2025-12-03,BA,Site Próprio,3,1,233.56,0.0704,185.65,Concluído
70,139,231,42,2025-09-14,RS,Site Próprio,2,1,42.32,0.0717,37.56,Concluído
1082,1952,243,24,2024-12-07,SP,Marketplace,2,1,454.45,0.2037,217.31,Concluído
805,1458,164,18,2025-01-24,BA,Site Próprio,2,1,583.5,0.0988,173.9,Concluído
630,1138,47,35,2025-04-14,SP,Marketplace,6,1,153.58,0.2091,79.44,Concluído
2230,4112,73,25,2024-11-06,SP,Site Próprio,6,1,41.03,0.1935,16.13,Concluído
57,116,526,4,2024-05-10,SP,Marketplace,3,3,241.46,0.2281,160.15,Concluído
656,1180,362,6,2025-12-07,BA,Site Próprio,2,2,91.16,0.0392,52.6,Concluído
435,786,72,52,2024-08-14,SP,Site Próprio,1,1,271.2,0.1737,115.34,Concluído
740,1335,249,17,2025-09-13,MG,Site Próprio,3,1,185.69,0.1476,127.08,Concluído
1261,2281,422,24,2024-06-09,SP,Site Próprio,1,1,386.28,0.2258,217.31,Concluído
313,570,599,9,2024-11-12,SC,Aplicativo,4,1,194.04,0.0875,108.49,Concluído
917,1663,258,42,2025-05-25,SP,Aplicativo,2,1,70.58,0.2128,37.56,Concluído
1509,2739,188,41,2025-08-21,ES,Marketplace,3,1,333.7,0.069,180.53,Concluído
1037,1869,104,16,2024-07-10,SP,Marketplace,3,1,317.42,0.2252,150.82,Concluído
1845,3381,297,29,2025-12-06,SP,Site Próprio,1,1,128.58,0.1877,78.75,Concluído
784,1423,500,44,2025-05-11,MG,Site Próprio,1,1,202.98,0.0325,119.7,Concluído
2351,4334,605,33,2025-01-03,PE,Site Próprio,2,1,196.19,0.0655,122.16,Concluído
122,232,188,17,2024-11-12,ES,Site Próprio,4,1,129.91,0.1605,127.08,Concluído
1897,3478,215,6,2025-10-13,SP,Site Próprio,2,1,56.27,0.2156,52.6,Concluído
2124,3911,552,30,2025-05-04,SP,Marketplace,1,2,268.55,0.166,145.7,Concluído
235,432,214,41,2024-06-22,PR,Marketplace,1,1,334.43,0.106,180.53,Concluído
2204,4061,494,23,2024-11-12,MA,Site Próprio,4,2,88.52,0.1853,43.89,Concluído
536,969,476,46,2025-09-07,AM,Site Próprio,5,1,133.92,0.0433,81.26,Concluído
228,423,472,5,2025-12-11,SC,Marketplace,5,2,230.68,,185.65,Concluído
2288,4221,632,6,2025-03-09,SP,Site Próprio,4,2,87.36,0.1815,52.6,Concluído
2129,3922,476,8,2024-05-07,AM,Site Próprio,4,1,53.48,0.0684,43.6,Concluído
1867,3423,630,43,2025-11-23,SP,Marketplace,1,1,305.53,0.1799,182.69,Concluído
1510,2742,122,27,2025-08-05,MS,Marketplace,4,1,272.11,0.0539,88.49,Concluído
2021,3723,638,17,2024-05-10,SC,Site Próprio,4,2,206.32,0.1354,127.08,Concluído
1884,3454,331,11,2025-09-13,CE,Marketplace,6,1,258.28,0.0734,139.55,Concluído
1960,3594,114,28,2025-11-04,PA,Site Próprio,5,1,302.07,0.1007,142.78,Concluído
602,1087,589,5,2025-09-18,SP,Aplicativo,4,2,201.84,0.2129,185.65,Concluído
1547,2800,428,25,2024-11-27,MS,Marketplace,6,2,29.07,0.0389,16.13,Concluído
2449,4511,525,8,2024-11-14,RS,Marketplace,5,1,62.92,0.0746,43.6,Concluído
841,1527,387,7,2024-07-07,SC,Marketplace,2,3,160.19,0.0893,103.55,Concluído
1450,2645,102,49,2025-03-05,SC,Marketplace,6,1,125.0,0.0726,73.39,Concluído
2412,4441,621,28,2025-07-01,PR,Marketplace,5,1,302.07,0.0585,142.78,Concluído
635,1147,227,28,2025-12-10,SP,Site Próprio,1,2,262.67,0.1694,142.78,Concluído
1641,2982,392,40,2024-11-23,SP,Site Próprio,6,1,133.02,0.1612,53.25,Concluído
1997,3674,235,9,2024-04-27,RJ,Marketplace,5,2,227.79,0.1036,108.49,Concluído
97,187,93,47,2025-08-27,PR,Marketplace,1,1,125.66,0.0597,89.54,Concluído
443,801,553,52,2024-06-21,MS,Site Próprio,1,1,162.62,0.0918,115.34,Concluído
984,1773,542,23,2024-12-10,RJ,Marketplace,2,1,76.98,,43.89,Concluído
2636,4860,648,46,2025-12-20,GO,Site Próprio,6,1,157.56,0.0676,81.26,Concluído
586,1059,583,5,2025-11-11,SP,Site Próprio,3,1,298.44,0.1727,185.65,Concluído
1224,2212,301,28,2024-07-09,RS,Site Próprio,6,2,315.2,0.0818,142.78,Concluído
329,597,413,14,2025-06-14,PE,Site Próprio,1,1,122.11,0.0799,105.23,Concluído
1810,3310,494,23,2024-11-10,MA,Site Próprio,5,2,88.52,0.1543,43.89,Concluído
1285,2327,360,24,2024-04-22,CE,Marketplace,1,1,409.01,0.075,217.31,Concluído
1520,2757,343,18,2025-06-05,ES,Marketplace,3,1,680.75,0.1066,173.9,Concluído
134,256,291,12,2025-10-22,PE,Site Próprio,5,1,293.45,0.0846,209.52,Concluído
167,316,461,36,2025-10-03,MG,Site Próprio,2,2,96.67,0.0338,66.1,Concluído
846,1537,350,14,2024-12-16,PR,Marketplace,4,1,164.85,0.1099,105.23,Concluído
1660,3015,387,1,2024-08-16,SC,Marketplace,3,1,139.5,0.1885,91.78,Concluído
629,1135,109,13,2025-05-19,RS,Site Próprio,6,1,99.24,0.0619,77.45,Concluído
1360,2468,513,40,2025-07-14,SP,Site Próprio,4,1,72.83,0.2013,53.25,Concluído
2424,4466,475,23,2025-12-19,RJ,Marketplace,1,1,76.98,0.2317,43.89,Concluído
2207,4069,467,30,2025-12-19,RJ,Marketplace,4,1,331.74,0.1438,145.7,Concluído
2335,4303,203,5,2025-08-06,MG,Site Próprio,5,3,272.49,,185.65,Concluído
194,361,581,20,2024-11-07,BA,Site Próprio,5,1,69.76,0.1036,55.18,Concluído
500,906,105,42,2025-02-01,MS,Site Próprio,3,2,42.32,0.0338,37.56,Concluído
1258,2271,375,22,2025-09-08,PR,Site Próprio,1,2,240.93,0.0715,88.13,Concluído
2085,3839,437,11,2024-11-06,RJ,Site Próprio,1,3,295.18,0.1283,139.55,Concluído
707,1273,94,34,2025-09-21,PR,Site Próprio,2,1,78.34,0.0644,37.12,Concluído
760,1376,96,12,2024-07-01,PE,Site Próprio,5,2,535.99,0.0388,209.52,Concluído
1256,2268,511,15,2024-04-26,BA,Site Próprio,4,3,40.93,0.0517,22.05,Concluído
204,379,213,9,2025-12-25,CE,Marketplace,2,3,194.04,0.0484,108.49,Concluído
1267,2298,590,33,2025-03-21,RS,Marketplace,1,3,207.73,0.0469,122.16,Concluído
840,1525,145,6,2025-03-03,RS,Site Próprio,3,2,64.57,0.0584,52.6,Concluído
961,1733,532,21,2025-10-18,SP,Marketplace,5,1,145.69,0.1712,94.68,Cancelado
390,700,98,34,2025-11-07,BA,Site Próprio,1,1,68.27,0.0329,37.12,Concluído
541,980,341,3,2025-06-23,MG,Site Próprio,3,1,49.37,0.0879,26.91,Concluído
2637,4863,610,17,2025-06-03,SC,Site Próprio,3,1,185.69,0.1398,127.08,Concluído
955,1724,36,31,2025-02-10,DF,Site Próprio,4,2,85.22,0.0608,39.52,Concluído
1734,3165,318,5,2024-02-08,PE,Site Próprio,3,2,220.58,0.0836,185.65,Concluído
2017,3714,551,5,2024-06-21,SP,Site Próprio,4,1,259.51,0.2124,185.65,Concluído
229,424,43,49,2024-11-18,SP,Marketplace,4,1,83.33,0.202,73.39,Concluído
1799,3290,277,1,2024-03-15,RJ,Marketplace,6,1,139.5,,91.78,Concluído
2572,4739,433,3,2025-11-02,ES,Marketplace,4,1,60.85,0.0535,26.91,Concluído
2070,3806,310,50,2025-11-07,RS,Site Próprio,1,2,171.54,0.0996,118.05,Concluído
1269,2300,55,25,2025-09-25,SC,Site Próprio,6,1,34.2,0.0469,16.13,Concluído
1043,1884,177,12,2024-11-11,SP,Marketplace,2,1,489.38,0.2118,209.52,Concluído
798,1448,228,30,2025-12-25,SP,Marketplace,1,1,234.03,0.1649,145.7,Concluído
2626,4836,511,27,2025-12-15,BA,Site Próprio,4,2,192.75,0.0371,88.49,Concluído
2485,4582,571,24,2024-11-02,SC,Marketplace,2,1,477.17,0.0464,217.31,Concluído
1526,2766,413,5,2025-10-18,PE,Marketplace,1,1,233.56,0.0484,185.65,Concluído
1783,3259,92,6,2024-09-24,RS,Marketplace,6,1,64.57,0.0534,52.6,Cancelado
1497,2722,317,28,2025-12-07,SC,Site Próprio,2,2,275.8,0.0779,142.78,Concluído
2530,4665,461,44,2025-05-03,MG,Site Próprio,6,1,236.81,0.1034,119.7,Concluído
402,722,359,7,2025-05-06,SP,Marketplace,2,1,188.46,0.1757,103.55,Concluído
1567,2832,414,6,2024-01-23,RS,Site Próprio,1,1,79.76,0.0613,52.6,Concluído
24,49,592,5,2025-11-27,MG,Marketplace,3,2,192.23,0.1055,185.65,Concluído
2469,4549,520,12,2025-07-01,SP,Site Próprio,6,2,489.38,0.2161,209.52,Concluído
78,157,440,6,2025-08-07,BA,Marketplace,2,2,59.08,0.09,52.6,Concluído
2345,4324,9,36,2024-07-10,DF,Site Próprio,5,1,105.65,0.0828,66.1,Concluído
2039,3759,131,25,2025-09-05,BA,Site Próprio,5,1,34.2,0.0905,16.13,Concluído
785,1424,566,47,2024-09-21,GO,Site Próprio,3,1,125.66,0.0515,89.54,Concluído
267,493,379,36,2025-12-11,PR,Site Próprio,2,2,130.51,0.0424,66.1,Concluído
2326,4287,44,33,2025-05-22,SP,Marketplace,2,2,230.81,0.1737,122.16,Concluído
1052,1901,569,31,2024-08-26,MG,Aplicativo,3,2,93.34,0.1051,39.52,Concluído
2590,4768,579,8,2025-01-02,SP,Site Próprio,3,1,62.92,0.1795,43.6,Concluído
1941,3554,583,17,2025-07-03,SP,Site Próprio,4,1,237.27,0.2658,127.08,Concluído
1876,3439,52,41,2025-10-06,SP,Site Próprio,6,1,451.48,0.1641,180.53,Concluído
1015,1821,184,37,2025-11-10,SP,Marketplace,1,1,111.83,0.2139,61.9,Concluído
699,1259,485,31,2025-11-12,RS,Site Próprio,5,2,60.12,0.0907,39.52,Concluído
1468,2675,18,49,2025-06-06,MG,Site Próprio,3,1,97.22,0.0769,73.39,Cancelado
279,514,36,5,2025-06-10,DF,Site Próprio,5,1,201.84,0.081,185.65,Concluído
2418,4453,251,44,2024-11-02,RJ,Site Próprio,6,1,225.53,0.0742,119.7,Concluído
657,1181,557,47,2025-10-26,MS,Site Próprio,2,1,155.23,0.0945,89.54,Concluído
1414,2572,134,15,2024-07-16,SC,Site Próprio,5,1,48.15,0.0844,22.05,Concluído
1200,2161,287,20,2025-04-10,MG,Site Próprio,4,1,113.01,0.0945,55.18,Concluído
43,88,356,33,2025-09-14,RJ,Site Próprio,5,1,170.97,0.1013,122.16,Concluído
847,1539,26,41,2024-10-04,SP,Site Próprio,4,1,305.35,0.1793,180.53,Concluído
1294,2348,358,20,2024-10-22,DF,Site Próprio,5,1,80.05,0.0702,55.18,Concluído
1388,2513,30,6,2025-11-12,RJ,Marketplace,1,1,87.36,0.1419,52.6,Concluído
533,965,270,23,2025-05-12,SC,Site Próprio,5,1,48.47,0.128,43.89,Concluído
1007,1808,390,29,2024-09-05,SP,Marketplace,3,1,151.89,0.1908,78.75,Concluído
1663,3020,178,7,2025-07-02,SP,Marketplace,2,1,169.61,0.2371,103.55,Cancelado
2637,4861,610,48,2025-06-03,SC,Site Próprio,3,1,179.65,0.076,66.62,Concluído
1998,3675,29,4,2025-11-04,SP,Site Próprio,1,1,171.04,0.2213,160.15,Concluído
36,76,419,32,2025-08-06,SP,Site Próprio,3,2,201.39,0.2226,130.06,Concluído
878,1592,43,35,2025-12-23,SP,Marketplace,6,1,138.22,0.1861,79.44,Concluído
2446,4506,122,48,2025-01-25,MS,Site Próprio,5,1,239.53,0.1043,66.62,Cancelado
2505,4621,103,1,2024-12-05,RJ,Site Próprio,3,2,139.5,0.1764,91.78,Concluído
1668,3032,151,8,2025-12-24,PR,Aplicativo,2,2,53.48,0.0993,43.6,Concluído
2032,3742,322,8,2024-07-02,CE,Marketplace,3,1,66.07,0.0438,43.6,Concluído
482,869,116,6,2025-10-12,PR,Marketplace,6,1,64.57,0.0704,52.6,Concluído
1803,3296,470,20,2025-02-10,PR,Site Próprio,6,2,80.05,0.1092,55.18,Concluído
1061,1916,79,30,2025-03-07,BA,Site Próprio,4,1,284.35,0.1076,145.7,Concluído
2527,4661,289,10,2024-12-17,MS,Site Próprio,3,1,274.31,0.092,120.42,Concluído
1336,2421,177,27,2025-11-25,SP,Marketplace,4,2,238.1,0.2336,88.49,Concluído
2533,4669,28,1,2024-02-03,ES,Site Próprio,2,1,188.74,0.2333,91.78,Concluído
1205,2168,606,23,2025-12-26,SP,Site Próprio,4,3,88.52,0.3316,43.89,Cancelado
1534,2780,111,8,2025-03-27,DF,Marketplace,1,1,56.63,0.0504,43.6,Concluído
419,758,295,14,2025-12-03,BA,Site Próprio,1,1,122.11,0.1026,105.23,Concluído
1790,3273,189,7,2025-02-25,SC,Site Próprio,5,1,188.46,0.0593,103.55,Concluído
611,1105,94,16,2024-04-12,PR,Site Próprio,3,2,173.79,0.1074,150.82,Concluído
1038,1875,427,25,2025-12-12,PR,Site Próprio,6,3,29.07,0.0987,16.13,Concluído
83,163,559,32,2025-10-24,SC,Marketplace,2,1,285.47,0.0898,130.06,Concluído
1742,3178,229,6,2024-06-24,MS,Site Próprio,3,2,64.57,0.035,52.6,Concluído
2464,4540,615,19,2025-11-09,SP,Aplicativo,2,2,609.54,,137.57,Concluído
2438,4492,132,22,2024-10-26,MG,Marketplace,1,1,240.93,0.0757,88.13,Concluído
1626,2957,556,30,2025-03-04,RS,Marketplace,1,1,315.94,,145.7,Concluído
2330,4297,624,52,2025-06-04,SP,Site Próprio,5,1,258.28,0.1785,115.34,Concluído
1052,1902,569,47,2024-08-26,MG,Aplicativo,3,2,229.52,0.0995,89.54,Concluído
1021,1838,82,25,2025-02-13,MG,Marketplace,6,1,35.91,0.0887,16.13,Concluído
763,1385,170,29,2025-11-02,SP,Site Próprio,4,1,122.95,0.2158,78.75,Concluído
2123,3910,605,45,2025-12-21,PE,Marketplace,4,1,61.99,0.1025,39.57,Concluído
1759,3208,635,47,2024-12-22,MG,Site Próprio,5,1,209.56,0.0575,89.54,Concluído
2149,3953,80,5,2024-12-04,CE,Site Próprio,1,1,233.56,0.0302,185.65,Concluído
1354,2454,450,13,2024-06-12,MG,Site Próprio,4,1,133.97,0.0395,77.45,Cancelado
716,1292,350,16,2025-11-19,PR,Aplicativo,3,2,248.42,0.0933,150.82,Concluído
2487,4586,45,23,2025-06-10,SP,Site Próprio,5,1,80.83,0.3034,43.89,Cancelado
2081,3830,650,5,2024-11-26,CE,Site Próprio,3,1,311.41,0.0357,185.65,Concluído
1196,2153,184,45,2025-10-23,SP,Site Próprio,5,1,76.57,0.2254,39.57,Concluído
1424,2593,464,5,2025-12-22,SP,Aplicativo,4,1,259.51,0.1745,185.65,Concluído
3,3,20,42,2025-03-01,SP,Marketplace,4,1,52.28,0.1977,37.56,Concluído
165,314,567,33,2025-08-08,RJ,Site Próprio,2,1,205.16,0.0743,122.16,Concluído
2180,4018,24,9,2024-11-04,DF,Marketplace,5,1,227.79,0.0689,108.49,Concluído
1711,3114,469,11,2025-09-18,SP,Site Próprio,2,1,258.28,0.1781,139.55,Concluído
544,986,562,45,2025-09-23,RJ,Site Próprio,3,1,72.93,0.0861,39.57,Concluído
1966,3613,621,32,2024-09-23,PR,Site Próprio,6,1,312.66,0.0629,130.06,Concluído
2028,3737,413,42,2025-06-20,PE,Site Próprio,4,1,60.49,0.101,37.56,Concluído
2343,4321,25,53,2025-06-21,MG,Site Próprio,3,2,318.47,0.0876,152.79,Concluído
2618,4821,284,15,2025-11-04,SP,Site Próprio,6,2,43.34,0.2021,22.05,Concluído
1191,2144,641,31,2024-08-21,BA,Marketplace,2,1,68.99,0.0695,39.52,Concluído
1776,3248,68,18,2025-03-20,RJ,Site Próprio,1,1,648.34,0.1123,173.9,Concluído
1472,2681,269,45,2024-11-09,RJ,Marketplace,5,1,61.99,0.142,39.57,Concluído
1502,2728,523,32,2025-12-14,SP,Site Próprio,4,1,271.88,0.1761,130.06,Concluído
18,38,281,23,2025-04-09,RJ,Site Próprio,4,1,48.47,0.1955,43.89,Concluído
477,861,533,6,2025-12-16,BA,Aplicativo,5,1,64.71,,52.6,Cancelado
1785,3263,70,29,2024-12-09,MS,Marketplace,6,1,173.58,0.0507,78.75,Concluído
2086,3842,582,4,2024-08-13,BA,Site Próprio,1,1,230.9,0.0816,160.15,Concluído
1722,3139,9,42,2025-11-03,DF,Marketplace,5,2,57.13,0.0406,37.56,Cancelado
298,542,177,25,2025-11-03,SP,Site Próprio,2,3,26.6,0.177,16.13,Concluído
293,534,440,44,2025-09-16,BA,Aplicativo,2,1,236.81,0.1021,119.7,Concluído
871,1581,419,17,2025-01-02,SP,Site Próprio,4,1,206.32,0.2839,127.08,Concluído
2479,4570,181,8,2025-03-01,RJ,Site Próprio,2,1,62.92,0.1344,43.6,Concluído
2007,3695,382,36,2025-11-25,SP,Site Próprio,6,2,92.07,0.1648,66.1,Concluído
1117,2015,32,12,2024-11-23,CE,Marketplace,3,1,419.47,0.0704,209.52,Concluído
2137,3934,171,40,2025-11-22,SP,Aplicativo,2,2,98.32,0.237,53.25,Concluído
2151,3956,397,38,2025-11-05,SP,Aplicativo,3,1,121.48,0.1939,48.05,Concluído
680,1228,263,1,2025-12-05,SP,Site Próprio,5,1,103.33,0.2825,91.78,Concluído
1221,2205,411,20,2025-12-19,RJ,Site Próprio,3,1,80.05,0.1407,55.18,Concluído
1549,2804,427,16,2025-08-27,PR,Site Próprio,3,1,234.62,0.0314,150.82,Concluído
74,148,75,32,2025-07-07,PR,Marketplace,5,2,201.39,0.0885,130.06,Concluído
2571,4735,87,27,2025-08-10,SP,Site Próprio,1,1,226.76,0.1623,88.49,Concluído
2266,4181,169,25,2024-11-06,SP,Site Próprio,4,2,29.07,0.1837,16.13,Concluído
907,1648,302,2,2024-06-22,BA,Aplicativo,5,1,322.53,0.0551,137.72,Concluído
195,363,42,4,2025-03-18,RJ,Site Próprio,3,1,171.04,0.1104,160.15,Concluído
1973,3631,298,38,2025-01-26,CE,Marketplace,4,1,105.64,0.0566,48.05,Concluído
2193,4043,162,1,2025-07-07,SP,Marketplace,6,1,109.41,0.3538,91.78,Concluído
1749,3188,569,4,2025-10-17,MG,Marketplace,6,1,312.39,0.0788,160.15,Concluído
1910,3509,28,6,2025-06-21,ES,Marketplace,1,1,87.36,0.0619,52.6,Concluído
1756,3202,137,12,2025-04-09,RJ,Aplicativo,2,1,559.29,0.0737,209.52,Concluído
848,1540,273,31,2025-11-01,SP,Marketplace,4,1,60.12,0.1866,39.52,Concluído
1828,3344,88,8,2025-06-21,BA,Site Próprio,5,1,66.07,0.0855,43.6,Concluído
1954,3578,204,1,2025-05-13,SP,Marketplace,5,1,172.33,0.3424,91.78,Cancelado
1558,2821,274,14,2025-11-14,RJ,Site Próprio,1,2,183.17,0.0865,105.23,Concluído
1037,1872,104,18,2024-07-10,SP,Marketplace,3,2,745.59,0.1739,173.9,Concluído
2355,4339,552,23,2025-09-09,SP,Site Próprio,5,2,65.43,0.3393,43.89,Concluído
2001,3684,14,41,2024-05-02,DF,Site Próprio,4,2,412.22,0.031,180.53,Concluído
1044,1885,494,33,2025-01-26,MA,Site Próprio,1,2,265.43,0.0868,122.16,Concluído
34,71,618,3,2024-09-11,SP,Marketplace,2,3,36.49,0.2,26.91,Concluído
1538,2786,345,49,2024-11-19,MG,Marketplace,3,3,112.5,0.041,73.39,Concluído
30,61,184,7,2024-07-02,SP,Marketplace,4,3,146.58,0.2083,103.55,Concluído
391,701,494,10,2024-11-09,MA,Marketplace,2,1,274.31,0.0558,120.42,Concluído
180,337,345,11,2024-05-09,MG,Marketplace,5,1,163.99,0.0585,139.55,Concluído
319,579,605,16,2025-12-11,PE,Marketplace,1,1,173.79,0.0468,150.82,Concluído
507,918,2,52,2025-04-09,RS,Marketplace,6,1,258.28,0.0441,115.34,Concluído
686,1236,311,39,2024-05-01,SP,Site Próprio,2,1,598.55,0.2205,144.85,Concluído
368,663,547,52,2024-11-03,SP,Marketplace,5,1,162.62,0.2205,115.34,Concluído
1717,3130,339,5,2025-08-24,SP,Marketplace,1,2,259.51,0.2367,185.65,Concluído
698,1257,139,7,2024-04-05,RS,Marketplace,3,1,226.15,,103.55,Cancelado
2487,4585,45,28,2025-06-10,SP,Site Próprio,5,1,275.8,0.2115,142.78,Cancelado
2371,4362,433,38,2025-12-20,ES,Marketplace,2,2,82.16,0.0586,48.05,Concluído
1199,2159,165,23,2024-12-09,MG,Marketplace,6,1,76.98,0.1615,43.89,Concluído
1539,2789,461,28,2025-01-05,MG,Marketplace,2,1,275.8,0.057,142.78,Concluído
506,916,438,39,2025-06-22,MG,Marketplace,5,1,546.5,0.1088,144.85,Concluído
2537,4676,646,16,2024-11-15,SP,Site Próprio,5,2,289.82,0.2262,150.82,Concluído
1801,3294,335,43,2025-06-23,SP,Marketplace,6,2,353.54,0.1797,182.69,Concluído
1403,2545,540,1,2024-11-15,PR,Aplicativo,2,1,147.71,0.1572,91.78,Concluído
474,856,14,7,2025-10-08,DF,Site Próprio,5,1,197.88,0.0774,103.55,Concluído
1433,2609,542,12,2025-11-03,RJ,Site Próprio,5,1,466.07,0.1499,209.52,Concluído
1758,3205,582,13,2024-12-14,BA,Marketplace,4,1,113.88,0.0607,77.45,Concluído
984,1772,542,22,2024-12-10,RJ,Marketplace,2,1,240.93,0.1389,88.13,Concluído
420,761,202,6,2025-07-13,SP,Site Próprio,5,1,79.76,0.2198,52.6,Concluído
1968,3617,550,1,2024-12-14,PR,Site Próprio,5,1,139.5,0.215,91.78,Concluído
2108,3883,192,13,2025-12-26,PR,Site Próprio,4,1,133.97,0.0605,77.45,Concluído
1770,3235,557,48,2025-12-21,MS,Marketplace,1,1,209.59,0.0722,66.62,Concluído
1357,2463,165,53,2024-10-05,MG,Site Próprio,4,2,318.47,0.1016,152.79,Concluído
1460,2660,121,49,2025-03-13,SP,Marketplace,5,1,92.59,0.2244,73.39,Concluído
6,10,22,4,2024-11-21,SP,Site Próprio,5,2,181.1,0.16,160.15,Concluído
1025,1848,291,17,2025-12-11,PE,Site Próprio,6,1,175.37,0.143,127.08,Cancelado
1762,3217,429,16,2024-12-10,RJ,Aplicativo,6,3,331.23,0.1401,150.82,Concluído
335,610,409,47,2024-03-18,SP,Marketplace,4,2,147.84,0.1885,89.54,Concluído
2066,3802,579,36,2025-06-19,SP,Marketplace,2,1,124.29,0.2145,66.1,Concluído
1098,1983,32,7,2024-12-10,CE,Marketplace,2,1,169.61,0.0769,103.55,Concluído
2171,4001,592,30,2025-11-15,MG,Marketplace,3,1,315.94,0.0699,145.7,Concluído
427,774,389,31,2025-10-11,SP,Site Próprio,2,1,93.34,0.1924,39.52,Concluído
2286,4218,472,37,2025-09-27,SC,Site Próprio,5,2,127.8,0.0907,61.9,Concluído
560,1016,539,4,2025-11-06,MT,Site Próprio,5,2,211.28,0.0942,160.15,Concluído
697,1253,424,47,2025-11-12,RS,Marketplace,6,1,177.41,0.0891,89.54,Concluído
410,743,635,1,2024-06-24,MG,Marketplace,5,1,172.33,0.1993,91.78,Concluído
1746,3183,512,13,2025-07-02,RJ,Site Próprio,5,1,113.88,0.1153,77.45,Concluído
965,1740,572,37,2025-06-02,MG,Site Próprio,2,3,127.8,0.1079,61.9,Concluído
243,446,408,27,2025-06-04,SP,Site Próprio,6,1,204.08,0.1931,88.49,Concluído
2617,4820,251,35,2024-11-03,RJ,Marketplace,2,1,153.58,0.1313,79.44,Concluído
1224,2210,301,6,2024-07-09,RS,Site Próprio,6,1,91.16,0.0718,52.6,Concluído
219,406,532,4,2025-11-14,SP,Site Próprio,1,1,171.04,0.1776,160.15,Concluído
149,285,385,38,2024-02-11,DF,Site Próprio,4,1,78.25,,48.05,Concluído
185,346,569,21,2024-12-05,MG,Site Próprio,5,1,197.11,0.0647,94.68,Concluído
1253,2265,406,37,2024-12-26,SP,Aplicativo,6,2,127.8,0.1771,61.9,Concluído
2308,4255,599,26,2024-05-26,SC,Site Próprio,4,1,395.38,0.0414,164.45,Concluído
1957,3587,315,11,2024-09-21,MS,Site Próprio,3,1,295.18,0.0861,139.55,Concluído
2354,4337,485,7,2024-07-03,RS,Site Próprio,2,1,188.46,0.0337,103.55,Concluído
1228,2219,572,25,2024-01-22,MG,Marketplace,1,3,41.03,0.031,16.13,Concluído
612,1109,229,8,2025-03-01,MS,Aplicativo,3,1,39.62,0.1006,43.6,Concluído
845,1534,260,47,2025-08-23,SP,Site Próprio,2,1,239.5,0.1813,89.54,Cancelado
1581,2865,423,46,2024-02-26,MS,Aplicativo,4,3,133.92,0.038,81.26,Concluído
1342,2432,150,46,2025-10-03,SP,Site Próprio,3,2,141.8,0.1672,81.26,Concluído
2502,4614,30,24,2024-03-16,RJ,Aplicativo,2,1,522.62,0.1294,217.31,Concluído
1842,3374,176,37,2024-07-17,GO,Site Próprio,6,1,106.5,0.0988,61.9,Concluído
2282,4208,485,5,2024-07-04,RS,Aplicativo,3,2,259.51,0.0449,185.65,Concluído
531,962,444,30,2024-05-20,RJ,Site Próprio,4,2,284.35,0.1327,145.7,Concluído
884,1609,60,21,2025-09-20,CE,Site Próprio,5,1,133.31,0.0615,94.68,Concluído
2036,3754,346,28,2025-06-18,SP,Site Próprio,5,1,315.2,0.2345,142.78,Concluído
709,1277,494,40,2025-01-06,MA,Marketplace,2,3,133.02,0.0642,53.25,Concluído
783,1421,24,1,2025-09-26,DF,Marketplace,5,2,164.12,0.1933,91.78,Concluído
272,499,240,13,2025-07-07,SC,Site Próprio,1,1,99.24,0.0695,77.45,Concluído
622,1123,579,30,2025-07-17,SP,Marketplace,3,1,234.03,0.1918,145.7,Concluído
1315,2384,250,38,2025-07-15,PE,Marketplace,4,1,95.07,0.0909,48.05,Concluído
524,951,114,32,2025-12-10,PA,Site Próprio,1,1,231.6,0.0576,130.06,Concluído
2436,4487,486,5,2025-10-22,SP,Site Próprio,4,1,259.51,0.1713,185.65,Concluído
881,1597,358,36,2025-11-06,DF,Aplicativo,3,2,105.65,0.0262,66.1,Concluído
669,1207,116,8,2024-10-01,PR,Marketplace,2,1,53.48,0.074,43.6,Concluído
1513,2747,38,8,2025-01-07,BA,Aplicativo,6,2,66.07,0.046,43.6,Concluído
2257,4162,405,49,2025-04-21,SP,Site Próprio,6,1,150.0,0.2102,73.39,Concluído
1951,3569,552,8,2024-07-14,SP,Site Próprio,6,1,53.48,0.1733,43.6,Concluído
247,453,96,13,2025-11-18,PE,Site Próprio,5,1,154.07,0.0798,77.45,Concluído
14,29,294,32,2025-07-19,SP,Aplicativo,6,1,181.25,0.2175,130.06,Concluído
100,191,614,38,2025-11-13,SP,Marketplace,5,1,66.51,0.2078,48.05,Cancelado
409,741,586,42,2024-06-26,RJ,Site Próprio,4,1,70.58,0.0831,37.56,Concluído
965,1741,572,4,2025-06-02,MG,Site Próprio,2,1,325.98,,160.15,Concluído
944,1704,77,35,2025-01-21,SP,Aplicativo,1,1,119.45,0.187,79.44,Concluído
1647,2991,44,29,2025-07-25,SP,Site Próprio,3,1,144.65,0.2178,78.75,Concluído
1688,3069,488,32,2025-08-09,RJ,Site Próprio,5,1,231.1,0.1259,130.06,Concluído
2104,3875,271,38,2025-12-01,RJ,Site Próprio,4,1,105.64,0.075,48.05,Concluído
991,1782,168,26,2025-12-14,SP,Site Próprio,5,1,292.87,0.1715,164.45,Concluído
2597,4782,633,47,2025-02-15,PR,Site Próprio,6,1,179.63,0.0807,89.54,Concluído
1087,1963,71,5,2025-11-17,SP,Marketplace,1,2,220.58,0.219,185.65,Concluído
1404,2548,603,38,2024-11-21,RS,Aplicativo,5,1,89.79,0.0631,48.05,Concluído
263,487,188,33,2024-12-06,ES,Marketplace,4,1,196.19,0.0451,122.16,Concluído
1945,3558,279,50,2025-06-20,RS,Site Próprio,3,3,181.63,0.0414,118.05,Concluído
874,1584,423,46,2025-01-15,MS,Site Próprio,1,1,99.2,0.0311,81.26,Concluído
713,1284,469,47,2025-10-27,SP,Marketplace,4,1,209.56,0.1837,89.54,Concluído
1124,2028,358,43,2024-10-15,DF,Marketplace,6,1,333.9,0.0242,182.69,Concluído
1599,2904,503,29,2025-02-13,CE,Site Próprio,6,2,91.08,0.0467,78.75,Concluído
2107,3878,383,15,2025-11-17,CE,Marketplace,5,1,50.56,0.07,22.05,Concluído
2490,4590,98,18,2025-05-18,BA,Site Próprio,2,2,648.34,0.037,173.9,Concluído
714,1287,53,52,2025-12-17,PR,Site Próprio,6,1,172.19,0.0999,115.34,Concluído
1030,1858,512,27,2024-12-08,RJ,Site Próprio,1,1,192.75,0.0855,88.49,Concluído
2012,3703,202,5,2024-11-07,SP,Site Próprio,4,2,272.49,0.2148,185.65,Concluído
76,151,135,4,2025-11-16,SP,Site Próprio,5,1,171.04,0.2398,160.15,Concluído
2071,3808,80,25,2024-08-13,CE,Site Próprio,4,3,30.78,0.0498,16.13,Concluído
2281,4205,274,6,2025-08-07,RJ,Site Próprio,5,1,75.96,0.0836,52.6,Concluído
2480,4573,139,29,2024-06-10,RS,Site Próprio,5,1,173.58,0.0914,78.75,Concluído
788,1431,272,41,2025-04-05,SC,Site Próprio,3,1,333.7,0.0808,180.53,Concluído
2482,4576,20,10,2025-05-26,SP,Aplicativo,2,1,250.46,0.2096,120.42,Concluído
492,890,308,13,2024-07-20,BA,Marketplace,3,3,113.88,0.0425,77.45,Concluído
2225,4099,438,38,2024-06-16,MG,Marketplace,4,3,110.92,0.0677,48.05,Concluído
1963,3602,107,1,2024-08-13,MG,Marketplace,4,1,188.74,,91.78,Concluído
2332,4300,425,23,2025-12-26,MG,Marketplace,6,2,69.28,0.2008,43.89,Cancelado
192,359,248,36,2024-06-02,SP,Marketplace,6,1,78.26,0.1863,66.1,Concluído
2410,4437,269,5,2025-06-24,RJ,Site Próprio,5,2,220.58,0.0941,185.65,Concluído
1890,3465,245,5,2025-01-19,CE,Site Próprio,1,1,272.49,0.0311,185.65,Concluído
744,1344,476,16,2024-04-15,AM,Site Próprio,5,1,234.62,0.1017,150.82,Concluído
1249,2259,636,50,2025-04-01,SP,Site Próprio,3,1,211.9,0.1774,118.05,Concluído
1072,1933,21,46,2025-02-09,CE,Site Próprio,5,2,157.56,0.1041,81.26,Concluído
882,1600,530,14,2025-05-13,SP,Site Próprio,2,1,115.33,0.1983,105.23,Concluído
1692,3077,125,16,2024-07-09,MA,Site Próprio,6,2,317.42,0.0856,150.82,Concluído
2353,4336,599,37,2025-08-09,SC,Site Próprio,2,1,122.48,0.0764,61.9,Concluído
1761,3214,184,7,2025-08-26,SP,Marketplace,5,1,197.88,0.1919,103.55,Concluído
2272,4188,72,27,2025-07-05,SP,Site Próprio,2,2,238.1,0.1676,88.49,Concluído
2274,4195,136,31,2025-05-22,SP,Marketplace,3,3,81.16,0.2394,39.52,Concluído
1588,2882,519,12,2024-10-25,RJ,Site Próprio,1,1,396.16,0.1429,209.52,Concluído
2623,4830,588,21,2024-11-04,PR,Marketplace,6,1,145.69,0.0711,94.68,Concluído
607,1096,174,12,2025-09-18,MS,Site Próprio,1,1,414.29,0.0743,209.52,Concluído
1466,2671,475,35,2024-12-07,RJ,Marketplace,5,1,153.58,0.1164,79.44,Concluído
1606,2918,437,49,2025-05-08,RJ,Marketplace,2,1,150.0,0.0971,73.39,Concluído
992,1783,301,40,2025-08-01,RS,Marketplace,4,3,138.8,0.0372,53.25,Concluído
1879,3446,583,41,2025-11-08,SP,Marketplace,6,1,451.48,0.2033,180.53,Concluído
1474,2684,350,45,2025-10-11,PR,Site Próprio,6,3,65.63,0.0476,39.57,Concluído
1994,3668,465,20,2024-08-04,RS,Site Próprio,6,2,98.88,0.0713,55.18,Concluído
435,787,72,1,2024-08-14,SP,Site Próprio,1,1,172.33,0.2452,91.78,Concluído
989,1779,469,36,2024-04-08,SP,Marketplace,4,1,130.51,0.2059,66.1,Concluído
915,1658,584,4,2024-11-23,SP,Marketplace,3,2,171.04,0.2357,160.15,Concluído
2229,4110,310,51,2024-10-11,RS,Site Próprio,6,1,306.97,0.084,201.19,Concluído
1193,2148,298,52,2024-11-27,CE,Marketplace,4,1,258.28,0.048,115.34,Concluído
2544,4685,400,9,2024-12-07,DF,Site Próprio,5,1,205.01,0.0814,108.49,Concluído
1684,3060,464,3,2024-05-16,SP,Site Próprio,6,1,57.96,0.1806,26.91,Concluído
292,532,601,7,2025-11-10,BA,Site Próprio,5,2,118.66,0.1085,103.55,Concluído
2627,4839,495,37,2024-05-18,PE,Site Próprio,4,1,106.5,0.0369,61.9,Concluído
227,421,88,36,2024-05-21,BA,Site Próprio,6,1,130.51,0.1098,66.1,Concluído
421,762,641,36,2025-07-14,BA,Site Próprio,6,2,78.26,0.0891,66.1,Concluído
1117,2016,32,6,2024-11-23,CE,Marketplace,3,1,68.37,0.0462,52.6,Concluído
1156,2082,190,31,2025-02-24,SP,Site Próprio,5,1,85.22,0.1821,39.52,Cancelado
1089,1966,479,21,2024-11-21,SP,Site Próprio,4,3,179.97,0.2186,94.68,Concluído
1526,2767,413,16,2025-10-18,PE,Marketplace,1,1,248.42,,150.82,Concluído
183,341,398,44,2025-11-25,CE,Site Próprio,4,2,167.06,0.0574,119.7,Concluído
762,1382,342,36,2024-11-19,RS,Marketplace,6,2,142.94,0.0476,66.1,Concluído
1063,1919,92,33,2024-04-06,RS,Marketplace,3,1,196.19,0.0418,122.16,Concluído
1579,2863,398,12,2025-12-25,CE,Marketplace,2,1,466.07,0.0609,209.52,Concluído
407,733,107,38,2025-11-22,MG,Site Próprio,4,1,121.48,0.0559,48.05,Concluído
1536,2784,576,8,2025-11-27,SP,Site Próprio,4,1,56.63,0.1678,43.6,Concluído
1156,2080,190,25,2025-02-24,SP,Site Próprio,5,3,35.91,0.1965,16.13,Cancelado
692,1245,311,23,2025-05-25,SP,Site Próprio,2,2,88.52,0.3258,43.89,Concluído
661,1190,308,1,2025-05-06,BA,Site Próprio,2,1,139.5,0.1304,91.78,Concluído
2220,4091,397,45,2024-12-24,SP,Site Próprio,4,3,83.87,0.2285,39.57,Concluído
1717,3129,339,1,2025-08-24,SP,Marketplace,1,1,164.12,0.256,91.78,Concluído
2111,3891,104,5,2024-12-24,SP,Site Próprio,3,1,298.44,0.1788,185.65,Concluído
213,393,408,1,2025-11-17,SP,Aplicativo,1,2,109.41,0.3004,91.78,Concluído
682,1230,347,26,2025-03-17,MS,Site Próprio,1,1,360.99,0.0396,164.45,Concluído
654,1176,360,14,2025-03-24,CE,Site Próprio,4,1,164.85,0.0323,105.23,Concluído
1728,3151,274,22,2024-11-01,RJ,Marketplace,4,1,240.93,0.1022,88.13,Concluído
2055,3783,139,24,2025-12-16,RS,Site Próprio,2,1,545.34,0.1009,217.31,Cancelado
2407,4432,396,17,2025-11-09,SC,Marketplace,3,3,185.69,0.1516,127.08,Concluído
1338,2424,159,47,2025-06-04,MG,Marketplace,2,1,169.65,0.0938,89.54,Concluído
1628,2960,585,53,2024-10-01,DF,Site Próprio,3,1,366.23,0.0825,152.79,Concluído
48,99,19,45,2025-11-20,SP,Marketplace,3,1,56.72,0.236,39.57,Concluído
2170,3999,579,6,2025-12-15,SP,Marketplace,3,1,75.96,0.1827,52.6,Concluído
625,1128,617,45,2025-05-05,BA,Site Próprio,4,2,61.99,0.0631,39.57,Concluído
807,1461,527,17,2025-06-08,SP,Marketplace,2,2,137.55,0.2526,127.08,Concluído
203,378,184,41,2024-11-22,SP,Site Próprio,5,1,412.22,0.2296,180.53,Concluído
1183,2129,485,45,2025-09-23,RS,Aplicativo,4,1,72.93,0.0321,39.57,Concluído
2336,4307,464,7,2025-05-14,SP,Marketplace,5,1,188.46,0.2337,103.55,Cancelado
2036,3755,346,1,2025-06-18,SP,Site Próprio,5,1,196.94,0.2844,91.78,Concluído
1835,3358,299,34,2025-12-27,BA,Aplicativo,2,3,105.99,0.0875,37.12,Concluído
2623,4831,588,6,2024-11-04,PR,Marketplace,6,1,64.57,0.0998,52.6,Concluído
2444,4503,12,2,2024-11-12,DF,Site Próprio,1,1,358.37,0.0934,137.72,Cancelado
2135,3932,325,34,2025-11-03,RJ,Marketplace,6,1,58.03,0.1386,37.12,Concluído
2047,3771,395,5,2024-09-26,RJ,Site Próprio,1,1,311.41,0.0707,185.65,Concluído
1367,2475,410,6,2025-08-04,BA,Site Próprio,2,1,64.57,0.0694,52.6,Concluído
1575,2851,485,16,2025-05-23,RS,Marketplace,4,1,276.02,0.1039,150.82,Concluído
794,1441,454,8,2025-12-07,SP,Site Próprio,3,1,72.36,0.1896,43.6,Concluído
2276,4197,346,52,2024-03-05,SP,Site Próprio,3,3,309.94,0.1648,115.34,Concluído
1627,2958,351,36,2025-10-19,MA,Marketplace,2,1,111.87,0.0397,66.1,Concluído
1254,2266,95,40,2025-12-04,AM,Site Próprio,1,2,104.1,,53.25,Concluído
2070,3807,310,5,2025-11-07,RS,Site Próprio,1,3,220.58,0.0568,185.65,Concluído
1343,2435,114,50,2024-11-06,PA,Aplicativo,6,2,232.08,,118.05,Concluído
1902,3491,410,8,2025-07-12,BA,Marketplace,6,1,53.48,0.0363,43.6,Concluído
1719,3134,219,1,2024-04-02,GO,Site Próprio,5,1,196.94,0.1886,91.78,Cancelado
623,1125,91,35,2024-11-07,SP,Marketplace,5,1,130.54,0.2061,79.44,Cancelado
1704,3100,494,29,2024-03-22,MA,Site Próprio,1,3,166.35,0.0829,78.75,Concluído
389,696,95,13,2025-11-17,AM,Aplicativo,3,1,89.32,0.0855,77.45,Concluído
372,671,610,2,2025-11-11,SC,Marketplace,6,2,322.53,0.0572,137.72,Concluído
1610,2926,387,8,2025-07-02,SC,Site Próprio,1,1,53.48,0.0768,43.6,Concluído
218,403,32,17,2024-11-25,CE,Aplicativo,1,2,137.55,0.163,127.08,Concluído
398,714,205,23,2025-12-25,CE,Site Próprio,3,1,48.47,0.1895,43.89,Concluído
773,1403,165,5,2025-12-04,MG,Aplicativo,1,2,259.51,0.0306,185.65,Concluído
2240,4125,196,39,2024-07-06,SP,Site Próprio,1,1,624.57,0.1926,144.85,Concluído
1186,2133,124,35,2025-11-08,SP,Marketplace,1,1,184.29,0.1686,79.44,Concluído
1897,3477,215,8,2025-10-13,SP,Site Próprio,2,2,46.61,0.1656,43.6,Concluído
225,417,287,5,2025-09-25,MG,Site Próprio,3,1,311.41,0.1099,185.65,Concluído
790,1436,346,5,2025-10-22,SP,Site Próprio,3,1,230.68,0.224,185.65,Cancelado
1496,2719,546,17,2024-11-20,SP,Site Próprio,3,3,175.37,0.3368,127.08,Concluído
1964,3606,112,29,2025-10-23,SP,Site Próprio,5,1,122.95,0.2379,78.75,Concluído
1728,3152,274,35,2024-11-01,RJ,Marketplace,4,1,153.58,0.1188,79.44,Concluído
1171,2107,100,3,2025-07-27,SP,Site Próprio,6,1,52.16,0.1715,26.91,Concluído
225,415,287,8,2025-09-25,MG,Site Próprio,3,2,75.51,0.0699,43.6,Concluído
2516,4641,314,23,2025-12-27,BA,Marketplace,6,1,69.28,0.2163,43.89,Concluído
1564,2828,107,14,2024-04-05,MG,Site Próprio,2,1,210.64,0.0578,105.23,Concluído
1864,3415,605,4,2025-05-14,PE,Site Próprio,1,1,230.9,0.0813,160.15,Concluído
716,1290,350,8,2025-11-19,PR,Aplicativo,3,1,56.63,0.04,43.6,Concluído
2084,3837,61,5,2025-06-09,SP,Marketplace,4,1,233.56,0.2076,185.65,Concluído
92,180,6,13,2025-12-08,RS,Site Próprio,6,1,84.35,0.108,77.45,Concluído
1353,2451,12,1,2025-10-25,DF,Site Próprio,6,2,164.12,0.1456,91.78,Concluído
2581,4754,388,5,2025-03-07,SP,Site Próprio,3,1,220.58,0.2017,185.65,Concluído
2021,3722,638,28,2024-05-10,SC,Site Próprio,4,1,262.67,0.0361,142.78,Concluído
2477,4564,58,40,2025-10-18,SP,Aplicativo,6,3,121.45,0.1795,53.25,Concluído
2166,3988,224,29,2024-08-26,SC,Aplicativo,5,1,130.19,0.0544,78.75,Concluído
759,1374,103,31,2024-12-23,RJ,Site Próprio,2,1,51.1,0.079,39.52,Concluído
1949,3565,85,52,2024-05-13,MT,Marketplace,5,1,297.02,0.0754,115.34,Concluído
114,213,632,49,2025-06-18,SP,Marketplace,2,1,106.48,0.1884,73.39,Concluído
2613,4812,575,42,2024-09-27,CE,Marketplace,3,1,67.22,0.0346,37.56,Concluído
2128,3920,429,3,2025-04-23,RJ,Site Próprio,4,1,69.55,0.1245,26.91,Concluído
1358,2465,603,25,2025-11-15,RS,Site Próprio,4,1,29.07,0.0478,16.13,Concluído
2083,3835,475,5,2025-12-03,RJ,Site Próprio,4,1,259.51,0.1207,185.65,Concluído
767,1391,278,6,2025-12-14,BA,Site Próprio,2,1,79.76,0.0633,52.6,Concluído
1670,3035,237,11,2025-03-15,SP,Aplicativo,4,1,295.18,0.2142,139.55,Concluído
2315,4270,184,23,2025-12-07,SP,Site Próprio,1,1,80.83,,43.89,Concluído
2285,4213,450,17,2025-11-22,MG,Marketplace,2,2,206.32,0.2153,127.08,Concluído
1847,3384,312,23,2025-09-04,RS,Marketplace,6,2,76.98,0.2043,43.89,Concluído
1584,2873,450,4,2024-05-06,MG,Marketplace,4,1,271.65,0.0818,160.15,Concluído
1083,1956,650,44,2025-10-11,CE,Site Próprio,3,1,270.64,0.0333,119.7,Cancelado
2539,4680,77,16,2024-04-15,SP,Site Próprio,4,1,289.82,,150.82,Concluído
1497,2721,317,3,2025-12-07,SC,Site Próprio,2,1,60.85,0.1008,26.91,Concluído
1209,2175,278,32,2025-12-08,BA,Site Próprio,3,1,285.47,0.0877,130.06,Concluído
315,573,593,6,2025-08-25,BA,Marketplace,5,2,64.57,0.0552,52.6,Concluído
1797,3287,360,8,2024-09-06,CE,Marketplace,6,1,56.63,0.0828,43.6,Concluído
2265,4178,352,38,2025-09-01,SP,Aplicativo,3,1,110.92,0.1697,48.05,Concluído
407,735,107,1,2025-11-22,MG,Site Próprio,4,2,188.74,,91.78,Concluído
1637,2973,361,25,2025-04-19,SP,Marketplace,3,1,41.03,0.2336,16.13,Concluído
2097,3861,247,5,2024-06-03,DF,Site Próprio,3,3,220.58,0.078,185.65,Concluído
1960,3595,114,31,2025-11-04,PA,Site Próprio,5,1,93.34,0.1002,39.52,Concluído
1952,3573,261,1,2025-07-10,MG,Site Próprio,6,1,139.5,0.1648,91.78,Concluído
2628,4842,326,10,2024-11-07,PR,Aplicativo,3,1,202.75,0.0871,120.42,Cancelado
772,1400,585,10,2025-12-02,DF,Site Próprio,3,1,274.31,0.0927,120.42,Concluído
1969,3619,245,17,2025-05-14,CE,Site Próprio,4,3,216.64,0.1982,127.08,Concluído
549,994,620,5,2025-09-20,SP,Site Próprio,3,1,311.41,0.2029,185.65,Concluído
1648,2993,606,17,2025-10-19,SP,Marketplace,2,1,237.27,0.2834,127.08,Concluído
741,1336,548,1,2025-06-17,MT,Marketplace,1,1,172.33,0.1756,91.78,Concluído
843,1531,129,29,2025-04-25,PR,Marketplace,6,1,144.65,0.0617,78.75,Concluído
1353,2452,12,22,2025-10-25,DF,Site Próprio,6,1,240.93,0.0485,88.13,Concluído
2556,4708,135,13,2025-12-15,SP,Aplicativo,6,2,113.88,0.1945,77.45,Concluído
217,401,211,36,2025-11-20,ES,Marketplace,5,1,78.26,0.0339,66.1,Concluído
2468,4545,642,51,2025-12-25,RJ,Site Próprio,2,1,433.37,0.0825,201.19,Concluído
633,1144,25,5,2025-12-16,MG,Site Próprio,5,1,192.23,0.0702,185.65,Concluído
1895,3474,338,21,2025-10-04,RS,Marketplace,4,1,197.11,0.1019,94.68,Concluído
2613,4811,575,16,2024-09-27,CE,Marketplace,3,3,276.02,0.0977,150.82,Concluído
1934,3545,633,14,2025-01-25,PR,Marketplace,4,1,122.11,0.0585,105.23,Concluído
2195,4045,344,21,2025-10-10,SP,Site Próprio,2,1,179.97,0.1975,94.68,Concluído
216,399,91,15,2025-07-27,SP,Marketplace,1,1,30.32,0.2373,22.05,Concluído
969,1747,245,37,2025-10-11,CE,Marketplace,4,1,111.83,0.0903,61.9,Concluído
1964,3604,112,8,2025-10-23,SP,Site Próprio,5,1,53.48,0.1877,43.6,Concluído
935,1691,252,5,2025-11-26,RS,Marketplace,4,2,233.56,,185.65,Concluído
2255,4157,12,29,2025-12-07,DF,Site Próprio,6,2,144.65,0.0661,78.75,Concluído
1865,3416,101,27,2024-09-26,SP,Site Próprio,4,1,192.75,0.2002,88.49,Concluído
1609,2922,554,21,2025-07-14,RS,Site Próprio,5,1,114.26,0.0835,94.68,Concluído
1292,2342,315,39,2025-11-08,MS,Site Próprio,5,1,624.57,0.0716,144.85,Concluído
451,815,494,39,2024-11-04,MA,Marketplace,6,1,598.55,0.0963,144.85,Concluído
882,1599,530,34,2025-05-13,SP,Site Próprio,2,2,58.03,0.2213,37.12,Concluído
9,20,587,43,2025-04-27,RS,Marketplace,3,1,261.88,0.0476,182.69,Concluído
2299,4240,145,34,2025-01-04,RS,Site Próprio,4,1,78.34,0.0351,37.12,Concluído
1061,1917,79,17,2025-03-07,BA,Site Próprio,4,1,185.69,0.1419,127.08,Concluído
2034,3748,204,47,2024-02-02,SP,Site Próprio,3,1,209.56,0.1738,89.54,Concluído
493,892,506,5,2025-04-14,BA,Site Próprio,2,1,173.01,0.0661,185.65,Concluído
360,649,358,36,2025-10-20,DF,Marketplace,6,1,78.26,0.0638,66.1,Concluído
2257,4161,405,10,2025-04-21,SP,Site Próprio,6,1,286.24,0.2227,120.42,Concluído
2242,4130,246,25,2025-03-13,PR,Site Próprio,4,1,29.07,0.0549,16.13,Concluído
1982,3643,621,37,2025-01-24,PR,Marketplace,4,1,122.48,0.0678,61.9,Concluído
1102,1990,586,7,2025-12-07,RJ,Marketplace,5,1,197.88,0.1463,103.55,Concluído
245,449,223,3,2024-07-09,GO,Aplicativo,2,2,52.16,0.0929,26.91,Concluído
586,1060,583,15,2025-11-11,SP,Site Próprio,3,3,55.38,0.1602,22.05,Concluído
1293,2344,642,53,2025-09-07,RJ,Site Próprio,5,1,382.16,0.1068,152.79,Concluído
117,220,427,17,2025-10-13,PR,Site Próprio,4,1,129.91,0.177,127.08,Concluído
2247,4144,646,52,2025-07-06,SP,Marketplace,3,1,271.2,0.172,115.34,Concluído
2344,4322,194,6,2025-11-10,RJ,Marketplace,6,1,50.64,0.0916,52.6,Concluído
2010,3701,283,7,2025-07-10,PR,Site Próprio,6,1,197.88,0.0761,103.55,Concluído
2379,4377,361,18,2025-01-02,SP,Marketplace,5,2,778.0,0.2011,173.9,Concluído
1636,2971,142,25,2025-09-02,RJ,Marketplace,6,2,30.78,0.0765,16.13,Concluído
1176,2114,208,44,2025-11-24,PR,Aplicativo,2,1,225.53,0.0475,119.7,Concluído
987,1777,336,32,2025-05-04,SP,Marketplace,1,2,285.47,0.1752,130.06,Concluído
407,736,107,11,2025-11-22,MG,Site Próprio,4,1,282.88,,139.55,Concluído
256,471,190,8,2025-10-05,SP,Aplicativo,4,1,66.07,0.1806,43.6,Concluído
2457,4525,394,5,2025-04-05,SP,Marketplace,1,1,220.58,0.2134,185.65,Cancelado
2354,4338,485,3,2024-07-03,RS,Site Próprio,2,1,57.96,0.0769,26.91,Concluído
2388,4396,329,11,2024-04-09,MG,Site Próprio,3,1,209.09,0.0902,139.55,Concluído
2404,4423,602,52,2024-11-25,PE,Site Próprio,6,1,232.45,0.0842,115.34,Concluído
2360,4347,80,44,2024-02-09,CE,Site Próprio,1,3,202.98,0.0707,119.7,Concluído
2265,4180,352,35,2025-09-01,SP,Aplicativo,3,1,161.25,0.1782,79.44,Concluído
656,1179,362,5,2025-12-07,BA,Site Próprio,2,2,311.41,0.0721,185.65,Concluído
2295,4235,379,5,2025-12-19,PR,Marketplace,6,1,272.49,0.0877,185.65,Concluído
2428,4471,453,20,2024-10-23,SP,Aplicativo,4,1,94.18,0.231,55.18,Concluído
1576,2853,196,7,2025-04-21,SP,Marketplace,4,2,226.15,0.2336,103.55,Cancelado
1858,3405,90,12,2024-07-16,RJ,Site Próprio,1,1,559.29,0.0744,209.52,Concluído
1048,1894,455,20,2025-03-20,ES,Aplicativo,1,1,62.78,0.0574,55.18,Cancelado
1777,3250,541,17,2025-10-18,PE,Marketplace,3,1,175.37,0.1328,127.08,Concluído
2396,4410,550,24,2024-11-05,PR,Aplicativo,1,1,386.28,0.1083,217.31,Concluído
1157,2083,158,47,2025-11-24,PR,Marketplace,6,2,177.41,0.0644,89.54,Concluído
127,244,392,38,2025-09-02,SP,Site Próprio,4,3,89.99,0.1859,48.05,Concluído
1242,2249,177,30,2025-02-14,SP,Aplicativo,4,1,331.74,0.2284,145.7,Concluído
857,1556,585,17,2024-12-05,DF,Site Próprio,4,1,237.27,0.15,127.08,Cancelado
1980,3640,225,41,2025-10-27,RJ,Marketplace,4,1,333.7,0.126,180.53,Concluído
1977,3637,549,5,2025-05-14,SP,Marketplace,5,1,233.56,0.2116,185.65,Concluído
1,1,389,29,2025-12-01,SP,Site Próprio,2,1,123.22,0.2306,78.75,Concluído
400,719,321,12,2025-12-25,SP,Marketplace,1,3,559.29,0.2143,209.52,Cancelado
1891,3466,624,27,2025-06-01,SP,Site Próprio,2,1,226.76,0.1802,88.49,Concluído
601,1086,399,43,2025-06-26,SC,Site Próprio,3,1,353.54,0.069,182.69,Cancelado
1388,2514,30,43,2025-11-12,RJ,Marketplace,1,1,451.75,0.1015,182.69,Concluído
1802,3295,511,8,2025-01-14,BA,Marketplace,5,1,53.48,0.0636,43.6,Concluído
331,601,602,46,2025-12-09,PE,Marketplace,5,1,105.04,0.0354,81.26,Concluído
392,702,547,51,2024-10-08,SP,Marketplace,1,1,306.97,0.1834,201.19,Concluído
2130,3923,527,52,2025-11-17,SP,Marketplace,3,1,232.45,0.2062,115.34,Cancelado
95,184,130,6,2025-09-15,SP,Site Próprio,3,1,56.27,0.2193,52.6,Concluído
1169,2104,47,41,2025-01-05,SP,Marketplace,4,1,392.59,0.2138,180.53,Concluído
2423,4464,203,13,2025-11-14,MG,Marketplace,4,1,140.67,0.0911,77.45,Concluído
835,1515,146,37,2024-07-14,DF,Site Próprio,6,1,95.85,0.0887,61.9,Concluído
1313,2380,296,2,2025-05-19,DF,Site Próprio,5,1,358.37,0.0796,137.72,Concluído
805,1459,164,34,2025-01-24,BA,Site Próprio,2,2,82.95,0.0496,37.12,Concluído
587,1061,301,6,2025-11-04,RS,Marketplace,3,1,67.52,0.0334,52.6,Concluído
663,1194,476,40,2025-12-22,AM,Site Próprio,3,1,98.32,0.0776,53.25,Cancelado
423,768,340,23,2025-07-26,BA,Marketplace,3,1,65.43,,43.89,Concluído
1074,1936,379,6,2025-11-24,PR,Marketplace,2,1,79.76,0.038,52.6,Concluído
2461,4533,610,38,2025-06-18,SC,Site Próprio,4,1,95.07,0.0851,48.05,Concluído
1711,3115,469,5,2025-09-18,SP,Site Próprio,2,2,272.49,0.1634,185.65,Concluído
2084,3836,61,31,2025-06-09,SP,Marketplace,4,1,73.05,0.1675,39.52,Concluído
474,855,14,5,2025-10-08,DF,Site Próprio,5,1,272.49,0.0866,185.65,Concluído
264,488,82,35,2024-03-16,MG,Marketplace,5,1,119.45,0.1091,79.44,Concluído
1792,3277,140,49,2024-11-11,SP,Site Próprio,6,3,143.75,0.2272,73.39,Cancelado
1230,2224,308,20,2024-11-26,BA,Marketplace,6,1,80.05,0.1087,55.18,Concluído
1892,3469,544,6,2025-12-15,SP,Site Próprio,4,1,75.96,0.2034,52.6,Concluído
1205,2170,606,13,2025-12-26,SP,Site Próprio,4,1,154.07,0.2387,77.45,Cancelado
2218,4087,585,17,2025-08-02,DF,Marketplace,2,1,237.27,0.1869,127.08,Concluído
322,585,608,29,2024-10-27,SP,Marketplace,3,1,151.89,0.1949,78.75,Concluído
1597,2901,190,9,2024-02-10,SP,Site Próprio,5,1,239.17,0.1848,108.49,Concluído
1023,1842,586,4,2025-09-19,RJ,Site Próprio,6,2,285.23,0.0957,160.15,Concluído
2372,4363,88,1,2025-01-16,BA,Marketplace,6,1,172.33,0.1776,91.78,Concluído
2030,3740,328,7,2025-02-09,PE,Marketplace,5,1,169.61,0.0603,103.55,Concluído
932,1687,564,7,2025-12-05,DF,Site Próprio,3,3,188.46,,103.55,Concluído
1861,3409,402,42,2025-12-06,RS,Marketplace,6,1,67.22,0.0595,37.56,Concluído
224,414,202,49,2024-12-13,SP,Site Próprio,5,1,97.22,0.2221,73.39,Concluído
1763,3219,107,43,2025-04-23,MG,Marketplace,5,2,451.75,0.052,182.69,Concluído
1476,2688,486,52,2025-11-04,SP,Site Próprio,1,3,191.32,0.2112,115.34,Concluído
2153,3960,617,7,2025-03-15,BA,Aplicativo,2,1,160.19,0.0811,103.55,Concluído
1761,3213,184,15,2025-08-26,SP,Marketplace,5,1,50.56,0.1868,22.05,Concluído
2226,4101,234,29,2025-11-23,MG,Site Próprio,5,1,122.95,0.0554,78.75,Concluído
702,1264,520,5,2025-07-18,SP,Marketplace,1,1,272.49,,185.65,Concluído
2429,4475,380,28,2024-10-09,SP,Site Próprio,5,1,223.27,0.1635,142.78,Concluído
17,37,474,4,2025-03-25,RS,Marketplace,1,1,201.22,0.0989,160.15,Concluído
1718,3133,559,16,2024-08-13,SC,Site Próprio,6,1,289.82,0.0682,150.82,Cancelado
325,590,1,29,2024-11-15,SC,Site Próprio,6,2,96.44,0.0317,78.75,Concluído
2609,4802,83,6,2024-11-12,DF,Marketplace,6,2,68.37,0.0837,52.6,Concluído
2011,3702,177,22,2025-08-22,SP,Marketplace,3,1,252.98,0.2312,88.13,Concluído
366,659,123,46,2025-11-07,RJ,Marketplace,4,2,105.04,0.1078,81.26,Concluído
1999,3679,514,42,2024-12-11,MS,Aplicativo,6,1,67.22,0.109,37.56,Concluído
9,21,587,8,2025-04-27,RS,Marketplace,3,1,41.95,0.089,43.6,Concluído
617,1115,83,5,2025-05-23,DF,Aplicativo,3,1,173.01,0.0968,185.65,Concluído
2158,3975,73,5,2024-08-10,SP,Site Próprio,1,3,311.41,0.1964,185.65,Concluído
1192,2146,253,8,2024-03-08,RJ,Aplicativo,1,3,53.48,0.124,43.6,Concluído
744,1345,476,45,2024-04-15,AM,Site Próprio,5,1,61.99,0.089,39.57,Concluído
297,541,614,36,2025-01-19,SP,Marketplace,1,1,105.65,,66.1,Concluído
705,1269,494,40,2025-02-08,MA,Site Próprio,4,1,133.02,0.0591,53.25,Concluído
854,1550,494,7,2024-04-26,MA,Marketplace,2,1,216.73,0.0335,103.55,Concluído
970,1748,497,51,2025-09-10,PE,Marketplace,6,3,280.89,0.0404,201.19,Concluído
622,1122,579,22,2025-07-17,SP,Marketplace,3,1,178.47,0.2345,88.13,Concluído
1477,2689,407,33,2025-08-20,MG,Site Próprio,3,3,153.87,0.067,122.16,Concluído
320,581,210,11,2025-07-26,MG,Site Próprio,5,1,163.99,0.0548,139.55,Concluído
649,1164,395,19,2025-03-02,RJ,Site Próprio,2,1,451.51,0.1149,137.57,Concluído
1080,1948,392,8,2025-02-11,SP,Marketplace,5,1,72.36,0.1917,43.6,Concluído
2549,4693,242,31,2024-12-26,SP,Site Próprio,3,1,68.99,0.2343,39.52,Concluído
259,480,11,31,2024-05-18,SP,Marketplace,5,1,51.1,0.2171,39.52,Concluído
1610,2927,387,1,2025-07-02,SC,Site Próprio,1,2,139.5,0.1901,91.78,Concluído
883,1603,345,35,2024-12-06,MG,Site Próprio,6,2,138.22,0.0483,79.44,Cancelado
31,64,564,10,2025-11-23,DF,Site Próprio,1,1,176.69,0.0933,120.42,Concluído
1289,2336,491,6,2025-08-04,RJ,Site Próprio,5,1,59.08,0.127,52.6,Concluído
691,1243,354,49,2025-04-21,RS,Marketplace,2,1,78.7,0.0505,73.39,Concluído
2002,3685,582,26,2025-11-06,BA,Aplicativo,6,1,292.23,0.0865,164.45,Concluído
135,260,167,38,2025-07-13,SP,Marketplace,4,1,78.25,0.1781,48.05,Concluído
394,706,298,37,2025-10-22,CE,Marketplace,5,1,106.5,0.0921,61.9,Concluído
2532,4668,583,8,2025-03-05,SP,Marketplace,3,1,72.36,0.1886,43.6,Concluído
239,440,549,31,2025-05-20,SP,Site Próprio,3,1,54.11,0.2142,39.52,Concluído
1846,3382,559,30,2025-06-09,SC,Site Próprio,2,1,331.74,0.0348,145.7,Concluído
1446,2639,320,40,2024-12-10,SP,Marketplace,6,2,138.8,0.1617,53.25,Concluído
512,925,269,5,2024-11-02,RJ,Marketplace,3,2,220.58,0.0987,185.65,Concluído
2510,4631,43,17,2024-04-15,SP,Marketplace,1,1,185.69,0.3043,127.08,Concluído
982,1766,298,52,2025-01-24,CE,Site Próprio,6,1,258.28,0.1058,115.34,Concluído
938,1697,599,28,2025-10-07,SC,Site Próprio,3,3,302.07,0.0919,142.78,Concluído
1493,2715,196,36,2024-02-05,SP,Site Próprio,1,2,149.15,,66.1,Concluído
2405,4427,342,35,2025-03-13,RS,Aplicativo,6,2,176.61,0.057,79.44,Concluído
1436,2615,533,46,2025-08-16,BA,Site Próprio,5,1,181.19,0.0303,81.26,Concluído
768,1392,52,12,2025-06-23,SP,Marketplace,3,1,535.99,0.2141,209.52,Concluído
324,588,617,18,2024-11-13,BA,Site Próprio,1,1,408.21,0.0614,173.9,Concluído
424,769,605,47,2025-03-22,PE,Marketplace,4,1,169.65,0.0821,89.54,Concluído
2035,3753,174,17,2025-12-17,MS,Site Próprio,6,1,247.58,0.2141,127.08,Concluído
2247,4145,646,16,2025-07-06,SP,Marketplace,3,1,289.82,0.2015,150.82,Concluído
1910,3507,28,14,2025-06-21,ES,Marketplace,1,2,210.64,0.0881,105.23,Concluído
734,1324,539,1,2024-03-12,MT,Site Próprio,5,1,172.33,0.1957,91.78,Concluído
1739,3173,107,39,2024-09-22,MG,Site Próprio,4,1,598.55,0.0465,144.85,Concluído
1408,2558,161,4,2024-05-15,RJ,Site Próprio,6,1,230.9,0.107,160.15,Concluído
353,638,57,14,2024-10-17,RS,Marketplace,3,1,122.11,0.0831,105.23,Concluído
1603,2912,482,17,2024-03-09,SP,Marketplace,4,1,185.69,0.3427,127.08,Concluído
1311,2374,276,26,2025-11-14,SC,Site Próprio,6,1,309.42,0.0898,164.45,Concluído
1396,2530,84,19,2025-11-21,GO,Marketplace,5,1,431.76,0.0749,137.57,Cancelado
624,1126,54,31,2024-07-10,SP,Aplicativo,1,1,68.99,0.2195,39.52,Concluído
2243,4135,572,44,2025-11-06,MG,Marketplace,6,1,270.64,0.0588,119.7,Cancelado
2364,4352,274,25,2025-08-15,RJ,Site Próprio,2,3,34.2,0.133,16.13,Concluído
2168,3996,359,40,2024-08-23,SP,Site Próprio,3,1,115.67,0.1827,53.25,Concluído
31,63,564,7,2025-11-23,DF,Site Próprio,1,1,139.6,0.0651,103.55,Concluído
1867,3422,630,17,2025-11-23,SP,Marketplace,1,1,160.47,0.2805,127.08,Concluído
79,158,283,20,2025-09-03,PR,Marketplace,4,2,73.25,0.0517,55.18,Concluído
238,439,597,18,2025-10-07,SP,Site Próprio,4,1,432.22,0.1674,173.9,Concluído
629,1137,109,49,2025-05-19,RS,Site Próprio,6,2,92.59,0.0356,73.39,Concluído
809,1465,92,17,2024-06-23,RS,Aplicativo,6,1,175.37,0.2113,127.08,Concluído
1223,2209,73,35,2024-11-22,SP,Site Próprio,2,1,184.29,0.2116,79.44,Concluído
1959,3590,455,15,2025-08-24,ES,Site Próprio,5,1,43.34,,22.05,Concluído
1990,3660,211,51,2025-07-01,ES,Marketplace,1,2,306.97,0.0727,201.19,Cancelado
1759,3210,635,10,2024-12-22,MG,Site Próprio,5,1,250.46,0.1042,120.42,Concluído
2088,3847,347,39,2025-10-27,MS,Site Próprio,1,1,546.5,0.1089,144.85,Concluído
2210,4075,237,17,2025-03-14,SP,Site Próprio,1,1,247.58,0.2531,127.08,Concluído
1187,2135,105,40,2025-10-26,MS,Site Próprio,4,1,98.32,0.0313,53.25,Concluído
1893,3470,556,40,2024-05-03,RS,Site Próprio,1,1,115.67,0.1015,53.25,Concluído
1569,2840,257,7,2025-11-27,MG,Marketplace,4,2,188.46,0.0883,103.55,Concluído
1153,2076,320,37,2025-11-24,SP,Marketplace,4,1,94.67,0.2317,61.9,Concluído
2018,3716,461,41,2025-02-19,MG,Site Próprio,5,1,412.22,0.0748,180.53,Concluído
1181,2124,475,5,2024-11-09,RJ,Aplicativo,2,2,192.23,0.1402,185.65,Concluído
2263,4175,165,13,2025-06-06,MG,Marketplace,3,1,133.97,0.1061,77.45,Concluído
959,1730,136,26,2025-03-17,SP,Site Próprio,3,1,254.67,0.1746,164.45,Concluído
72,141,467,46,2025-08-21,RJ,Marketplace,3,1,122.55,0.0983,81.26,Concluído
1547,2799,428,38,2024-11-27,MS,Marketplace,6,1,89.79,0.1019,48.05,Concluído
1654,3006,454,50,2025-10-11,SP,Site Próprio,5,1,232.08,0.1647,118.05,Concluído
1654,3004,454,38,2025-10-11,SP,Site Próprio,5,1,121.48,0.1665,48.05,Concluído
1265,2291,268,5,2025-07-03,SP,Site Próprio,2,1,259.51,0.23,185.65,Concluído
1838,3363,380,22,2025-10-13,SP,Aplicativo,4,2,204.79,0.2106,88.13,Concluído
941,1701,270,37,2024-10-20,SC,Site Próprio,5,3,90.53,0.0602,61.9,Concluído
582,1055,406,12,2024-10-18,SP,Site Próprio,3,1,414.29,0.2268,209.52,Concluído
1024,1846,571,5,2024-11-22,SC,Site Próprio,6,1,272.49,0.0706,185.65,Concluído
1669,3033,85,50,2025-11-02,MT,Site Próprio,4,2,232.08,0.052,118.05,Concluído
2474,4559,368,17,2025-11-18,SP,Site Próprio,3,1,216.64,0.3164,127.08,Concluído
2082,3831,352,23,2025-03-04,SP,Aplicativo,6,1,80.83,0.2982,43.89,Concluído
1672,3039,494,6,2025-11-10,MA,Marketplace,4,2,87.36,0.0703,52.6,Concluído
2550,4696,204,37,2024-08-24,SP,Site Próprio,6,1,111.83,0.2163,61.9,Concluído
1168,2100,390,50,2025-01-16,SP,Marketplace,2,1,211.9,0.2217,118.05,Concluído
53,110,315,23,2024-09-10,MS,Site Próprio,2,1,68.42,0.1862,43.89,Concluído
2126,3915,636,33,2024-08-04,SP,Site Próprio,1,1,242.35,0.1778,122.16,Concluído
2348,4330,478,4,2025-01-12,PR,Aplicativo,2,1,312.39,0.0538,160.15,Concluído
1570,2841,55,18,2025-09-14,SC,Aplicativo,1,1,648.34,0.0537,173.9,Concluído
823,1494,28,6,2024-06-22,ES,Site Próprio,4,3,87.36,0.0955,52.6,Cancelado
384,690,489,31,2025-11-11,MT,Site Próprio,4,1,68.99,0.074,39.52,Concluído
948,1709,541,29,2024-05-15,PE,Marketplace,1,1,91.08,0.0875,78.75,Concluído
671,1210,349,5,2025-09-06,SP,Marketplace,1,1,233.56,0.2376,185.65,Concluído
1546,2798,585,1,2025-06-09,DF,Site Próprio,1,1,188.74,0.1328,91.78,Concluído
2132,3927,296,8,2025-08-01,DF,Site Próprio,2,1,62.92,0.0449,43.6,Concluído
362,653,644,26,2025-09-20,PE,Site Próprio,3,1,229.2,0.0486,164.45,Concluído
1840,3372,487,51,2025-10-04,PR,Marketplace,1,1,361.14,0.0424,201.19,Concluído
2435,4486,322,5,2024-08-20,CE,Aplicativo,4,1,272.49,0.0785,185.65,Concluído
326,591,233,35,2025-11-27,SP,Marketplace,3,2,96.7,0.2094,79.44,Concluído
1725,3144,68,5,2024-11-09,RJ,Site Próprio,3,2,259.51,0.1278,185.65,Concluído
1179,2119,289,39,2024-12-16,MS,Marketplace,4,1,598.55,0.0455,144.85,Concluído
494,896,540,27,2025-12-05,PR,Site Próprio,3,1,204.08,0.0651,88.49,Concluído
1698,3091,428,35,2025-07-14,MS,Marketplace,2,2,130.54,0.0943,79.44,Concluído
1813,3316,416,31,2025-01-15,PR,Site Próprio,5,1,73.05,0.0511,39.52,Concluído
2350,4333,360,6,2024-12-08,CE,Marketplace,4,1,68.37,0.0716,52.6,Concluído
63,128,471,5,2025-12-04,RJ,Marketplace,3,2,192.23,0.1432,185.65,Concluído
58,118,125,4,2024-09-11,MA,Site Próprio,3,2,231.4,0.0529,160.15,Concluído
980,1764,591,50,2025-12-24,SP,Site Próprio,1,2,149.49,0.2129,118.05,Concluído
650,1167,635,5,2025-07-11,MG,Marketplace,5,1,272.49,0.0392,185.65,Concluído
870,1579,485,3,2024-06-17,RS,Site Próprio,2,1,57.96,0.0743,26.91,Cancelado
280,515,421,35,2025-06-03,ES,Marketplace,1,1,102.38,0.1099,79.44,Concluído
792,1439,585,9,2025-12-09,DF,Marketplace,3,1,261.95,,108.49,Concluído
2407,4430,396,24,2025-11-09,SC,Marketplace,3,1,409.01,0.109,217.31,Concluído
1159,2087,4,6,2024-05-22,SP,Site Próprio,3,1,75.96,0.203,52.6,Concluído
2199,4052,318,41,2025-08-03,PE,Site Próprio,2,1,333.7,0.0883,180.53,Concluído
1347,2442,65,29,2025-06-20,CE,Marketplace,5,1,144.65,0.086,78.75,Concluído
2171,4000,592,5,2025-11-15,MG,Marketplace,3,1,259.51,0.0859,185.65,Concluído
14,31,294,33,2025-07-19,SP,Aplicativo,6,2,153.87,,122.16,Concluído
2515,4640,75,31,2025-12-18,PR,Site Próprio,4,1,81.16,0.0605,39.52,Concluído
1688,3067,488,31,2025-08-09,RJ,Site Próprio,5,3,68.99,0.1355,39.52,Concluído
2054,3782,104,42,2024-09-18,SP,Site Próprio,5,1,77.3,0.1784,37.56,Concluído
1189,2139,579,21,2025-05-02,SP,Marketplace,3,1,171.4,0.1662,94.68,Concluído
1364,2472,461,17,2025-12-27,MG,Site Próprio,1,1,216.64,0.1609,127.08,Concluído
1742,3177,229,49,2024-06-24,MS,Site Próprio,3,2,106.25,0.0344,73.39,Concluído
711,1282,125,5,2025-06-27,MA,Site Próprio,6,1,298.44,0.0571,185.65,Concluído
246,451,113,45,2025-05-24,SP,Site Próprio,4,1,54.02,0.2313,39.57,Concluído
2504,4619,255,25,2025-05-09,RJ,Site Próprio,4,2,41.03,0.0924,16.13,Concluído
675,1217,396,20,2025-07-27,SC,Site Próprio,6,3,84.76,0.1011,55.18,Concluído
2175,4010,526,40,2024-09-20,SP,Aplicativo,2,3,138.8,0.2148,53.25,Concluído
984,1770,542,4,2024-12-10,RJ,Marketplace,2,1,271.65,,160.15,Concluído
620,1120,477,24,2024-11-17,RJ,Site Próprio,5,2,409.01,0.124,217.31,Concluído
172,325,151,17,2025-11-16,PR,Marketplace,6,1,129.91,0.1938,127.08,Concluído
1515,2750,621,21,2024-11-04,PR,Site Próprio,2,1,146.0,0.1012,94.68,Concluído
456,824,218,35,2025-06-08,AM,Marketplace,6,2,119.45,0.0851,79.44,Concluído
2190,4038,138,25,2025-10-26,MG,Marketplace,5,2,35.91,0.093,16.13,Concluído
248,457,555,6,2025-12-19,SP,Marketplace,2,1,56.27,0.1952,52.6,Concluído
500,905,105,31,2025-02-01,MS,Site Próprio,3,1,51.1,0.0544,39.52,Concluído
1467,2672,361,12,2024-11-18,SP,Marketplace,6,2,559.29,0.196,209.52,Concluído
151,290,402,30,2024-04-22,RS,Site Próprio,4,3,234.03,0.0884,145.7,Concluído
1294,2347,358,9,2024-10-22,DF,Site Próprio,5,3,193.62,0.0661,108.49,Concluído
1066,1922,364,32,2025-09-05,GO,Aplicativo,3,1,271.88,0.0424,130.06,Concluído
611,1107,94,1,2024-04-12,PR,Site Próprio,3,1,103.33,0.121,91.78,Concluído
581,1053,317,40,2025-10-22,SC,Site Próprio,3,1,89.96,0.0647,53.25,Concluído
1382,2503,551,46,2024-10-09,SP,Site Próprio,2,1,157.56,0.1988,81.26,Concluído
895,1628,190,5,2025-06-10,SP,Site Próprio,1,1,272.49,0.1946,185.65,Concluído
2013,3708,328,51,2025-07-12,PE,Marketplace,5,2,325.02,0.08,201.19,Concluído
2077,3820,395,38,2025-05-19,RJ,Marketplace,4,2,126.77,0.1173,48.05,Concluído
1071,1931,358,6,2025-09-12,DF,Marketplace,2,1,64.57,0.069,52.6,Concluído
1377,2493,263,16,2025-10-12,SP,Site Próprio,6,1,234.62,0.2272,150.82,Concluído
2416,4447,214,5,2025-05-03,PR,Site Próprio,6,2,298.44,,185.65,Concluído
69,137,445,8,2025-07-15,RJ,Site Próprio,6,1,39.62,0.1398,43.6,Concluído
1409,2563,50,5,2025-12-05,MG,Site Próprio,1,1,173.01,0.0615,185.65,Cancelado
849,1543,128,33,2025-01-11,MT,Site Próprio,1,1,230.81,0.07,122.16,Concluído
2044,3766,510,45,2025-12-09,GO,Site Próprio,4,2,48.62,0.0826,39.57,Concluído
1554,2812,615,5,2025-06-27,SP,Site Próprio,3,2,311.41,0.2396,185.65,Concluído
444,802,410,20,2024-03-06,BA,Site Próprio,1,2,59.3,0.0507,55.18,Concluído
1714,3124,20,25,2024-11-22,SP,Marketplace,1,1,35.91,0.1982,16.13,Concluído
1468,2677,18,16,2025-06-06,MG,Site Próprio,3,2,214.68,0.0788,150.82,Cancelado
473,853,386,8,2024-05-10,RJ,Site Próprio,1,2,46.61,0.0879,43.6,Concluído
292,533,601,44,2025-11-10,BA,Site Próprio,5,1,142.0,0.0481,119.7,Concluído
1419,2583,236,42,2025-04-22,RJ,Aplicativo,2,1,49.79,0.1211,37.56,Cancelado
1590,2889,411,15,2025-08-12,RJ,Site Próprio,5,2,40.93,0.0837,22.05,Concluído
1067,1926,484,25,2024-11-14,SP,Aplicativo,3,2,34.2,0.1705,16.13,Concluído
2051,3778,298,1,2025-04-09,CE,Site Próprio,6,1,164.12,0.2184,91.78,Concluído
547,992,125,20,2024-11-15,MA,Site Próprio,2,1,108.3,0.062,55.18,Concluído
2075,3814,77,38,2025-02-24,SP,Site Próprio,5,1,110.92,0.1629,48.05,Concluído
969,1746,245,20,2025-10-11,CE,Marketplace,4,1,98.88,0.0651,55.18,Concluído
333,604,268,19,2025-09-19,SP,Site Próprio,4,2,376.26,0.2101,137.57,Concluído
296,540,364,31,2025-10-21,GO,Site Próprio,6,1,60.12,0.0601,39.52,Concluído
1701,3095,508,37,2024-10-01,SP,Site Próprio,6,2,122.48,0.1722,61.9,Concluído
2147,3951,497,46,2024-09-03,PE,Site Próprio,5,1,165.44,0.1021,81.26,Concluído
1121,2023,377,5,2024-07-16,SP,Site Próprio,1,1,220.58,0.183,185.65,Concluído
902,1641,383,35,2025-11-27,CE,Marketplace,2,1,161.25,0.0454,79.44,Concluído
1793,3278,80,37,2024-09-16,CE,Site Próprio,1,1,95.85,0.0834,61.9,Concluído
16,35,420,45,2024-12-09,SP,Marketplace,3,1,45.92,0.2027,39.57,Concluído
1208,2174,260,38,2024-11-22,SP,Site Próprio,1,1,126.77,0.2208,48.05,Concluído
1763,3218,107,45,2025-04-23,MG,Marketplace,5,2,83.87,,39.57,Concluído
995,1791,216,36,2024-05-11,RJ,Marketplace,2,2,130.51,0.0887,66.1,Concluído
411,744,403,23,2025-11-26,SP,Marketplace,5,1,80.83,0.3251,43.89,Concluído
2260,4168,22,51,2025-11-26,SP,Aplicativo,6,2,325.02,0.2286,201.19,Concluído
1382,2502,551,42,2024-10-09,SP,Site Próprio,2,1,67.22,0.1837,37.56,Concluído
500,904,105,6,2025-02-01,MS,Site Próprio,3,1,47.83,0.051,52.6,Concluído
137,263,164,5,2024-09-06,BA,Site Próprio,5,1,173.01,0.1026,185.65,Concluído
2313,4263,494,43,2025-10-14,MA,Marketplace,4,1,451.75,0.0388,182.69,Concluído
596,1077,347,16,2024-12-11,MS,Site Próprio,5,2,214.68,0.0813,150.82,Concluído
946,1707,478,8,2025-12-04,PR,Site Próprio,4,1,72.36,0.0533,43.6,Concluído
1612,2932,641,29,2024-12-20,BA,Site Próprio,5,1,122.95,0.0975,78.75,Concluído
2409,4435,382,32,2025-03-24,SP,Aplicativo,3,1,271.88,0.219,130.06,Concluído
1226,2216,589,16,2025-12-11,SP,Site Próprio,2,2,289.82,,150.82,Concluído
882,1602,530,32,2025-05-13,SP,Site Próprio,2,2,171.18,0.2315,130.06,Concluído
816,1484,502,52,2025-04-22,GO,Marketplace,3,1,232.45,0.0749,115.34,Concluído
2253,4153,115,35,2025-03-08,MG,Site Próprio,2,1,138.22,0.0385,79.44,Concluído
1231,2227,107,5,2025-11-23,MG,Marketplace,2,1,298.44,0.0771,185.65,Concluído
996,1792,374,43,2024-05-22,SP,Site Próprio,5,1,353.54,0.2158,182.69,Concluído
61,122,387,19,2025-12-11,SC,Site Próprio,5,1,319.82,0.0813,137.57,Concluído
436,790,214,46,2024-02-23,PR,Site Próprio,2,1,181.19,0.0548,81.26,Concluído
93,182,223,5,2025-11-18,GO,Marketplace,5,1,173.01,0.0799,185.65,Concluído
1623,2950,455,7,2025-12-15,ES,Marketplace,4,2,169.61,0.0801,103.55,Concluído
1386,2511,542,34,2024-04-24,RJ,Marketplace,2,1,92.16,0.1245,37.12,Concluído
1765,3224,419,3,2024-10-27,SP,Aplicativo,5,1,57.96,0.1867,26.91,Concluído
1744,3181,300,7,2024-06-27,BA,Site Próprio,2,2,169.61,0.0954,103.55,Concluído
1258,2273,375,35,2025-09-08,PR,Site Próprio,1,2,153.58,0.0809,79.44,Concluído
2607,4798,405,49,2025-07-07,SP,Marketplace,5,3,150.0,0.2199,73.39,Concluído
55,112,456,40,2024-05-17,RJ,Marketplace,4,2,72.83,0.1007,53.25,Concluído
1111,2005,293,6,2025-11-19,PR,Marketplace,3,1,50.64,0.0491,52.6,Concluído
728,1311,496,38,2025-10-24,SP,Site Próprio,4,2,82.16,0.1615,48.05,Concluído
1710,3111,315,14,2025-05-12,MS,Site Próprio,2,2,219.8,0.0381,105.23,Concluído
771,1399,188,43,2024-08-18,ES,Site Próprio,2,1,333.9,0.051,182.69,Concluído
406,730,267,41,2025-12-13,SP,Marketplace,4,2,333.7,0.2185,180.53,Concluído
958,1728,428,31,2025-05-04,MS,Site Próprio,2,1,68.99,0.0878,39.52,Concluído
739,1333,24,45,2025-12-20,DF,Site Próprio,4,1,72.93,0.0537,39.57,Concluído
2419,4456,278,14,2025-06-02,BA,Site Próprio,5,1,192.33,0.0567,105.23,Concluído
2619,4822,82,4,2024-04-08,MG,Site Próprio,2,2,285.23,0.0475,160.15,Concluído
2278,4201,226,49,2025-02-26,RJ,Aplicativo,6,1,112.5,0.0954,73.39,Concluído
1984,3648,5,36,2024-06-16,SP,Site Próprio,3,1,124.29,0.2283,66.1,Concluído
104,199,481,24,2025-04-20,DF,Site Próprio,6,1,286.14,0.0836,217.31,Concluído
1914,3514,450,12,2024-11-09,MG,Marketplace,4,1,466.07,,209.52,Concluído
302,548,560,27,2024-06-25,SP,Site Próprio,3,1,204.08,0.172,88.49,Concluído
49,102,278,38,2024-12-19,BA,Site Próprio,2,1,82.16,0.0537,48.05,Concluído
1011,1815,538,5,2024-07-01,RJ,Site Próprio,4,1,272.49,0.0812,185.65,Concluído
971,1749,207,29,2024-12-14,SC,Site Próprio,6,1,151.89,0.0739,78.75,Concluído
311,565,97,17,2024-10-11,SC,Site Próprio,1,2,137.55,0.1608,127.08,Concluído
1319,2392,203,49,2025-07-23,MG,Marketplace,6,1,131.25,0.0942,73.39,Concluído
388,695,52,38,2025-12-22,SP,Aplicativo,5,1,89.99,0.1956,48.05,Concluído
952,1716,198,24,2025-01-16,SP,Marketplace,6,1,522.62,0.2042,217.31,Concluído
811,1471,498,6,2025-12-11,SP,Site Próprio,3,1,50.64,0.234,52.6,Concluído
1569,2839,257,50,2025-11-27,MG,Marketplace,4,1,201.81,0.1082,118.05,Concluído
1878,3445,279,11,2025-12-12,RS,Site Próprio,2,3,221.39,0.1049,139.55,Concluído
616,1114,171,33,2025-07-10,SP,Site Próprio,4,1,145.32,0.198,122.16,Concluído
413,749,588,16,2025-11-04,PR,Site Próprio,4,1,234.62,0.0568,150.82,Concluído
1492,2714,24,5,2025-11-22,DF,Site Próprio,2,2,259.51,0.0753,185.65,Concluído
1907,3502,642,9,2025-11-05,RJ,Site Próprio,1,2,273.34,0.1039,108.49,Cancelado
1204,2167,288,38,2025-04-05,PR,Marketplace,4,1,89.79,0.0741,48.05,Cancelado
1782,3257,47,5,2024-08-08,SP,Marketplace,2,1,259.51,0.1977,185.65,Concluído
951,1715,631,10,2024-11-27,SP,Site Próprio,2,1,214.68,0.2138,120.42,Concluído
393,705,602,32,2024-11-17,PE,Marketplace,5,1,244.69,0.0621,130.06,Concluído
371,669,36,5,2024-10-01,DF,Aplicativo,2,1,272.49,,185.65,Concluído
2181,4022,393,45,2025-08-16,RS,Marketplace,3,2,61.99,0.0472,39.57,Cancelado
1745,3182,303,42,2024-12-05,SC,Marketplace,3,1,57.13,0.044,37.56,Concluído
618,1117,585,16,2025-03-03,DF,Site Próprio,6,1,317.42,0.0924,150.82,Concluído
851,1546,416,46,2025-02-11,PR,Aplicativo,4,1,141.8,0.0816,81.26,Concluído
1354,2456,450,37,2024-06-12,MG,Site Próprio,4,1,106.5,0.0321,61.9,Cancelado
1715,3126,5,4,2025-02-16,SP,Marketplace,2,3,201.22,0.2064,160.15,Concluído
2142,3942,269,6,2025-02-11,RJ,Marketplace,2,1,64.57,0.0926,52.6,Concluído
524,950,114,31,2025-12-10,PA,Site Próprio,1,2,69.14,0.1016,39.52,Concluído
2120,3904,649,14,2025-11-13,PR,Site Próprio,3,2,192.33,0.0871,105.23,Concluído
248,456,555,23,2025-12-19,SP,Marketplace,2,3,57.02,0.2795,43.89,Concluído
2427,4470,208,46,2025-05-05,PR,Aplicativo,2,2,157.56,,81.26,Concluído
984,1771,542,5,2024-12-10,RJ,Marketplace,2,1,259.51,0.0977,185.65,Concluído
840,1524,145,11,2025-03-03,RS,Site Próprio,3,1,209.09,0.0872,139.55,Concluído
2162,3982,572,38,2025-11-11,MG,Site Próprio,2,2,126.77,0.0669,48.05,Concluído
405,728,145,45,2024-05-19,RS,Site Próprio,2,1,45.92,0.0762,39.57,Concluído
1321,2399,77,36,2024-10-18,SP,Site Próprio,3,2,130.51,0.2058,66.1,Concluído
513,928,646,22,2025-12-15,SP,Site Próprio,2,2,252.98,0.1985,88.13,Concluído
455,823,374,8,2025-02-16,SP,Site Próprio,2,1,41.95,0.2155,43.6,Concluído
1123,2027,586,23,2025-11-05,RJ,Site Próprio,1,1,80.83,0.2575,43.89,Concluído
1536,2783,576,53,2025-11-27,SP,Site Próprio,4,2,286.62,0.2206,152.79,Concluído
103,197,440,39,2025-09-26,BA,Marketplace,4,1,546.5,0.1047,144.85,Concluído
2203,4059,434,22,2025-06-14,SP,Site Próprio,1,1,240.93,0.198,88.13,Concluído
1416,2579,350,34,2024-07-04,PR,Site Próprio,3,1,82.95,0.0316,37.12,Concluído
2331,4299,502,12,2025-06-27,GO,Site Próprio,6,1,419.47,0.0729,209.52,Concluído
2001,3682,14,14,2024-05-02,DF,Site Próprio,4,1,192.33,0.043,105.23,Concluído
1451,2647,178,18,2024-12-23,SP,Marketplace,5,1,583.5,0.217,173.9,Concluído
2049,3774,27,24,2025-03-04,SP,Site Próprio,5,1,454.45,0.2148,217.31,Concluído
1326,2406,310,37,2024-09-22,RS,Marketplace,2,1,67.06,0.0805,61.9,Concluído
11,25,511,30,2024-04-22,BA,Aplicativo,3,1,198.93,0.0678,145.7,Concluído
400,717,321,1,2025-12-25,SP,Marketplace,1,2,196.94,0.3064,91.78,Cancelado
823,1496,28,5,2024-06-22,ES,Site Próprio,4,2,298.44,0.1049,185.65,Cancelado
1039,1876,488,16,2025-11-16,RJ,Aplicativo,4,3,173.79,0.0833,150.82,Concluído
1708,3109,425,37,2025-12-26,MG,Marketplace,3,1,95.85,0.0416,61.9,Concluído
1827,3342,401,5,2025-10-27,RS,Site Próprio,5,3,311.41,0.1005,185.65,Cancelado
1903,3495,196,53,2025-06-27,SP,Marketplace,5,1,382.16,0.2037,152.79,Concluído
2359,4346,135,26,2025-11-05,SP,Marketplace,6,2,292.23,0.2314,164.45,Concluído
352,637,437,8,2025-04-27,RJ,Aplicativo,5,2,55.93,0.1088,43.6,Concluído
234,431,484,33,2025-11-08,SP,Marketplace,5,2,170.97,0.237,122.16,Concluído
401,721,153,16,2025-11-04,GO,Marketplace,3,1,234.62,0.0396,150.82,Concluído
439,796,143,6,2025-06-02,SP,Site Próprio,2,1,47.83,0.1722,52.6,Cancelado
1172,2109,479,13,2025-04-10,SP,Aplicativo,2,1,140.67,0.2096,77.45,Concluído
1042,1882,258,12,2025-06-22,SP,Marketplace,5,1,489.38,0.1695,209.52,Concluído
748,1353,477,43,2025-11-02,RJ,Site Próprio,6,2,353.54,0.091,182.69,Concluído
140,268,70,15,2025-06-17,MS,Site Próprio,6,2,42.8,0.1052,22.05,Concluído
2611,4807,508,17,2025-02-09,SP,Marketplace,6,2,237.27,0.2967,127.08,Concluído
1280,2319,405,5,2024-04-11,SP,Site Próprio,4,1,311.41,0.2335,185.65,Concluído
1092,1972,344,46,2025-02-02,SP,Site Próprio,3,2,122.55,0.1696,81.26,Concluído
2553,4700,370,1,2024-12-26,RJ,Site Próprio,5,1,147.71,0.1842,91.78,Concluído
671,1211,349,2,2025-09-06,SP,Marketplace,1,1,322.53,,137.72,Concluído
49,100,278,44,2024-12-19,BA,Site Próprio,2,2,175.41,0.1011,119.7,Concluído
2547,4689,255,5,2024-04-17,RJ,Site Próprio,6,3,311.41,0.0916,185.65,Concluído
146,280,107,42,2025-12-14,MG,Site Próprio,6,2,57.26,0.0734,37.56,Concluído
341,620,209,42,2025-11-11,SP,Marketplace,5,1,42.32,0.1639,37.56,Concluído
1731,3158,289,12,2025-12-15,MS,Aplicativo,3,1,535.99,0.0496,209.52,Concluído
1610,2928,387,31,2025-07-02,SC,Site Próprio,1,1,68.99,0.0335,39.52,Concluído
278,513,608,13,2024-10-01,SP,Marketplace,3,1,140.67,0.2135,77.45,Concluído
728,1313,496,26,2025-10-24,SP,Site Próprio,4,1,267.4,0.1636,164.45,Concluído
2314,4266,343,1,2025-08-09,ES,Site Próprio,1,1,172.33,0.2141,91.78,Concluído
2451,4516,179,33,2025-05-04,SP,Site Próprio,3,1,196.19,0.2081,122.16,Concluído
1891,3467,624,8,2025-06-01,SP,Site Próprio,2,2,62.92,0.2213,43.6,Concluído
900,1635,147,23,2025-09-26,SP,Marketplace,6,1,65.43,0.314,43.89,Cancelado
1398,2533,383,26,2025-04-18,CE,Marketplace,6,2,360.99,0.1037,164.45,Concluído
2172,4005,12,45,2024-05-09,DF,Site Próprio,5,2,72.93,0.0661,39.57,Concluído
2154,3963,243,35,2025-10-25,SP,Site Próprio,2,2,153.58,0.2099,79.44,Concluído
545,988,102,12,2024-11-06,SC,Marketplace,1,1,345.24,0.0577,209.52,Concluído
1820,3332,323,36,2025-06-10,MG,Marketplace,6,1,105.65,0.0332,66.1,Concluído
250,461,294,47,2025-11-18,SP,Marketplace,6,1,179.63,0.2105,89.54,Concluído
1039,1877,488,25,2025-11-16,RJ,Aplicativo,4,1,21.53,0.0822,16.13,Concluído
1667,3027,401,47,2025-05-06,RS,Marketplace,1,1,239.5,0.0397,89.54,Concluído
800,1451,302,46,2024-11-18,BA,Marketplace,3,2,141.8,0.0741,81.26,Concluído
1345,2440,232,5,2025-09-16,SP,Marketplace,3,1,311.41,0.1755,185.65,Concluído
400,718,321,21,2025-12-25,SP,Marketplace,1,1,205.68,0.2235,94.68,Cancelado
1409,2560,50,43,2025-12-05,MG,Site Próprio,1,2,261.88,,182.69,Cancelado
1247,2255,45,48,2025-09-16,SP,Site Próprio,5,1,155.25,0.163,66.62,Concluído
1429,2601,539,40,2025-03-16,MT,Site Próprio,6,1,121.45,0.0548,53.25,Concluído
193,360,89,32,2025-02-11,RJ,Marketplace,3,1,171.18,0.0921,130.06,Concluído
492,888,308,43,2024-07-20,BA,Marketplace,3,3,333.9,0.0438,182.69,Concluído
1865,3417,101,5,2024-09-26,SP,Site Próprio,4,2,220.58,0.2201,185.65,Concluído
465,842,352,20,2025-07-12,SP,Site Próprio,6,2,98.88,0.236,55.18,Concluído
1831,3351,430,7,2025-12-14,PR,Site Próprio,6,1,146.58,0.0318,103.55,Concluído
825,1499,582,11,2024-11-13,BA,Site Próprio,4,1,209.09,0.076,139.55,Concluído
726,1306,524,15,2025-04-22,PE,Site Próprio,3,2,35.67,0.1056,22.05,Cancelado
289,528,457,32,2024-09-20,SP,Marketplace,4,1,211.46,0.2375,130.06,Concluído
2362,4349,452,52,2025-12-09,MT,Marketplace,3,1,219.54,,115.34,Concluído
2363,4351,222,17,2025-12-24,SP,Site Próprio,1,3,185.69,0.3097,127.08,Concluído
1144,2062,608,13,2024-06-15,SP,Site Próprio,5,1,140.67,0.2181,77.45,Concluído
925,1676,290,34,2025-07-26,CE,Marketplace,2,1,81.92,0.1071,37.12,Concluído
68,135,38,1,2024-10-07,BA,Site Próprio,2,3,127.65,0.1448,91.78,Concluído
1930,3539,484,16,2025-12-13,SP,Site Próprio,3,1,276.02,0.2321,150.82,Concluído
1352,2450,282,27,2025-01-15,CE,Marketplace,6,2,238.1,0.0765,88.49,Cancelado
1844,3379,167,7,2025-12-20,SP,Marketplace,4,1,188.46,0.2025,103.55,Concluído
2227,4104,356,46,2025-03-04,RJ,Site Próprio,3,2,157.56,0.1089,81.26,Concluído
1457,2655,609,5,2024-12-18,RJ,Marketplace,4,1,220.58,0.093,185.65,Concluído
286,525,512,29,2025-12-08,RJ,Site Próprio,5,1,91.08,0.1003,78.75,Cancelado
1205,2169,606,8,2025-12-26,SP,Site Próprio,4,2,72.36,0.1938,43.6,Cancelado
503,911,111,45,2025-11-14,DF,Site Próprio,3,1,48.62,0.0381,39.57,Concluído
1678,3047,301,21,2025-07-10,RS,Marketplace,3,1,205.68,0.0764,94.68,Concluído
274,504,189,53,2024-12-23,SC,Site Próprio,6,1,318.47,,152.79,Concluído
1874,3434,32,42,2025-04-07,CE,Site Próprio,6,1,60.49,0.0427,37.56,Concluído
62,125,379,49,2024-12-16,PR,Site Próprio,6,2,97.22,0.0844,73.39,Concluído
516,934,520,20,2025-07-16,SP,Aplicativo,4,3,73.25,0.2328,55.18,Concluído
713,1285,469,30,2025-10-27,SP,Marketplace,4,1,331.74,0.2293,145.7,Concluído
2061,3795,319,20,2024-11-04,MG,Aplicativo,2,1,94.18,0.0451,55.18,Concluído
2232,4114,564,14,2025-12-14,DF,Site Próprio,3,1,183.17,0.0416,105.23,Concluído
2190,4037,138,32,2025-10-26,MG,Marketplace,5,1,285.47,0.1006,130.06,Concluído
2161,3979,431,29,2024-12-03,PR,Site Próprio,3,1,130.19,0.0868,78.75,Concluído
658,1184,332,9,2025-07-18,PR,Site Próprio,2,2,239.17,0.0902,108.49,Concluído
1132,2040,599,6,2025-02-07,SC,Marketplace,1,3,87.36,0.0529,52.6,Concluído
1104,1992,96,45,2024-11-07,PE,Site Próprio,2,1,83.87,0.1086,39.57,Concluído
2584,4758,639,38,2025-11-08,DF,Aplicativo,6,2,126.77,0.08,48.05,Cancelado
1542,2792,125,5,2025-10-09,MA,Marketplace,3,1,298.44,0.0471,185.65,Cancelado
1615,2938,139,37,2024-07-16,RS,Site Próprio,5,1,127.8,0.0414,61.9,Concluído
2428,4474,453,36,2024-10-23,SP,Aplicativo,4,1,124.29,0.1675,66.1,Concluído
1357,2462,165,38,2024-10-05,MG,Site Próprio,4,2,105.64,0.1002,48.05,Concluído
381,685,474,15,2025-03-07,RS,Site Próprio,2,1,48.15,0.04,22.05,Concluído
977,1758,576,6,2024-12-06,SP,Aplicativo,5,1,68.37,0.2136,52.6,Concluído
457,828,444,23,2024-12-19,RJ,Marketplace,2,1,51.32,0.2107,43.89,Concluído
701,1262,247,7,2024-07-15,DF,Marketplace,1,1,118.66,0.0757,103.55,Concluído
2609,4800,83,50,2024-11-12,DF,Marketplace,6,1,181.63,0.0562,118.05,Concluído
1200,2162,287,8,2025-04-10,MG,Site Próprio,4,2,75.51,0.0891,43.6,Concluído
350,633,164,27,2024-06-20,BA,Marketplace,1,2,204.08,0.0319,88.49,Concluído
908,1649,323,28,2025-08-17,MG,Site Próprio,2,2,165.38,0.089,142.78,Concluído
726,1307,524,22,2025-04-22,PE,Site Próprio,3,1,178.47,0.0517,88.13,Cancelado
2200,4055,287,42,2024-10-02,MG,Site Próprio,4,1,80.66,0.0596,37.56,Concluído
690,1242,36,30,2025-05-01,DF,Marketplace,2,1,331.74,0.0451,145.7,Concluído
1828,3346,88,6,2025-06-21,BA,Site Próprio,5,1,79.76,0.0697,52.6,Concluído
771,1398,188,3,2024-08-18,ES,Site Próprio,2,1,49.26,0.0791,26.91,Concluído
532,963,315,7,2025-11-04,MS,Site Próprio,3,2,226.15,0.0967,103.55,Concluído
1662,3019,472,50,2024-10-21,SC,Site Próprio,6,2,242.17,0.1019,118.05,Concluído
710,1278,610,13,2024-10-12,SC,Site Próprio,1,1,120.58,0.0599,77.45,Concluído
925,1675,290,5,2025-07-26,CE,Marketplace,2,1,230.68,0.0419,185.65,Concluído
412,746,178,37,2025-05-27,SP,Site Próprio,4,1,95.85,0.2157,61.9,Concluído
1661,3016,642,39,2025-09-10,RJ,Site Próprio,5,1,624.57,0.0714,144.85,Concluído
1928,3534,292,21,2025-10-13,SP,Site Próprio,3,1,145.69,0.2349,94.68,Concluído
2122,3907,42,47,2024-05-24,RJ,Aplicativo,6,2,169.65,0.1188,89.54,Concluído
73,142,137,29,2024-07-09,RJ,Site Próprio,1,1,128.58,0.1262,78.75,Concluído
618,1116,585,1,2025-03-03,DF,Site Próprio,6,3,188.74,0.1292,91.78,Concluído
446,805,225,15,2024-10-16,RJ,Site Próprio,1,1,30.32,0.0974,22.05,Concluído
2090,3850,434,45,2024-02-23,SP,Site Próprio,2,1,72.93,,39.57,Concluído
290,530,314,8,2025-08-03,BA,Marketplace,5,1,41.95,0.0865,43.6,Concluído
2437,4491,542,41,2025-11-23,RJ,Site Próprio,3,1,392.59,0.0886,180.53,Concluído
105,201,224,7,2025-11-10,SC,Marketplace,1,2,125.64,0.0518,103.55,Concluído
248,455,555,17,2025-12-19,SP,Marketplace,2,1,152.83,0.3237,127.08,Concluído
2625,4834,151,46,2024-09-21,PR,Marketplace,3,1,133.92,0.1096,81.26,Concluído
1533,2777,437,8,2025-07-05,RJ,Site Próprio,2,1,75.51,0.0883,43.6,Concluído
1415,2576,164,17,2025-12-03,BA,Site Próprio,3,2,185.69,0.1636,127.08,Concluído
2094,3855,608,40,2025-11-16,SP,Marketplace,3,1,121.45,0.2208,53.25,Concluído
240,441,580,20,2024-06-17,RS,Marketplace,4,1,59.3,0.0481,55.18,Concluído
932,1684,564,5,2025-12-05,DF,Site Próprio,3,1,259.51,0.0776,185.65,Concluído
2227,4105,356,5,2025-03-04,RJ,Site Próprio,3,1,259.51,0.1476,185.65,Concluído
235,433,214,32,2024-06-22,PR,Marketplace,1,1,231.6,0.0315,130.06,Concluído
1525,2765,636,8,2024-10-10,SP,Site Próprio,3,1,66.07,0.2218,43.6,Concluído
2268,4183,23,1,2024-11-05,SP,Site Próprio,5,2,188.74,0.3471,91.78,Concluído
2418,4454,251,21,2024-11-02,RJ,Site Próprio,6,1,171.4,0.1167,94.68,Concluído
2050,3775,138,4,2025-09-05,MG,Site Próprio,3,1,285.23,0.037,160.15,Concluído
2156,3970,549,49,2025-05-05,SP,Marketplace,2,1,112.5,0.2248,73.39,Cancelado
1489,2709,446,40,2025-12-12,RS,Site Próprio,6,3,115.67,0.0981,53.25,Concluído
1982,3644,621,16,2025-01-24,PR,Marketplace,4,1,317.42,0.0904,150.82,Concluído
544,985,562,52,2025-09-23,RJ,Site Próprio,3,1,258.28,0.1094,115.34,Concluído
2294,4233,150,5,2025-11-14,SP,Site Próprio,3,1,233.56,0.2012,185.65,Concluído
1053,1903,603,33,2025-11-01,RS,Aplicativo,3,2,196.19,0.066,122.16,Concluído
1422,2588,647,22,2025-04-26,RS,Marketplace,5,1,187.39,0.0887,88.13,Concluído
2076,3817,323,50,2025-05-14,MG,Marketplace,5,3,171.54,0.0941,118.05,Concluído
1572,2844,539,53,2024-02-21,MT,Marketplace,4,1,334.39,0.0731,152.79,Concluído
454,822,378,6,2025-12-26,RJ,Site Próprio,4,3,47.83,0.132,52.6,Concluído
999,1796,300,26,2024-02-04,BA,Site Próprio,3,1,309.42,0.0379,164.45,Concluído
1344,2437,39,40,2025-10-09,GO,Site Próprio,4,2,85.68,0.064,53.25,Concluído
581,1051,317,32,2025-10-22,SC,Site Próprio,3,1,211.46,0.0818,130.06,Concluído
1718,3131,559,5,2024-08-13,SC,Site Próprio,6,2,272.49,0.0789,185.65,Cancelado
202,377,351,41,2025-11-09,MA,Aplicativo,2,1,261.73,0.0488,180.53,Concluído
326,593,233,4,2025-11-27,SP,Marketplace,3,2,171.04,0.1808,160.15,Concluído
1662,3017,472,5,2024-10-21,SC,Site Próprio,6,1,311.41,0.1068,185.65,Concluído
1913,3513,358,47,2024-11-16,DF,Marketplace,5,1,169.65,0.0748,89.54,Concluído
1099,1985,461,26,2025-09-25,MG,Site Próprio,4,2,360.99,0.0944,164.45,Concluído
84,164,63,1,2025-07-06,RS,Aplicativo,1,1,121.57,0.1502,91.78,Concluído
776,1410,579,26,2025-11-10,SP,Marketplace,4,1,343.8,0.2326,164.45,Concluído
1737,3169,396,47,2024-08-13,SC,Site Próprio,3,1,179.63,0.0565,89.54,Concluído
761,1377,517,47,2025-04-07,SP,Marketplace,6,1,199.58,0.1778,89.54,Concluído
574,1041,440,23,2024-06-01,BA,Site Próprio,6,3,80.83,0.1905,43.89,Concluído
2421,4459,249,13,2025-08-22,MG,Site Próprio,3,1,120.58,0.101,77.45,Concluído
337,613,494,36,2025-03-25,MA,Marketplace,2,1,105.88,0.1032,66.1,Concluído
748,1355,477,45,2025-11-02,RJ,Site Próprio,6,3,65.63,0.0933,39.57,Concluído
2494,4596,58,46,2024-05-25,SP,Aplicativo,2,1,165.44,0.1625,81.26,Concluído
199,370,556,5,2024-10-03,RS,Marketplace,1,2,259.51,0.0625,185.65,Concluído
226,419,96,42,2024-04-06,PE,Marketplace,2,1,57.26,0.0339,37.56,Concluído
148,284,369,3,2025-03-16,RJ,Marketplace,2,1,36.49,0.1133,26.91,Concluído
484,872,572,27,2025-05-07,MG,Aplicativo,6,2,272.11,0.0375,88.49,Concluído
2260,4169,22,38,2025-11-26,SP,Aplicativo,6,1,95.07,0.235,48.05,Concluído
188,355,559,49,2025-03-20,SC,Aplicativo,1,1,131.25,0.0698,73.39,Concluído
1362,2470,557,23,2025-12-20,MS,Marketplace,4,1,80.83,0.1988,43.89,Concluído
1828,3345,88,53,2025-06-21,BA,Site Próprio,5,2,334.39,0.0681,152.79,Concluído
166,315,59,36,2025-01-06,SP,Site Próprio,4,1,78.26,0.2083,66.1,Concluído
1535,2782,420,52,2025-08-02,SP,Marketplace,5,1,219.54,0.1749,115.34,Concluído
711,1280,125,24,2025-06-27,MA,Site Próprio,6,1,522.62,0.0942,217.31,Concluído
1554,2814,615,32,2025-06-27,SP,Site Próprio,3,1,326.25,0.1859,130.06,Concluído
2191,4039,497,49,2025-06-05,PE,Marketplace,6,2,131.25,0.0553,73.39,Concluído
854,1551,494,29,2024-04-26,MA,Marketplace,2,1,166.35,0.0361,78.75,Concluído
1162,2091,283,21,2025-12-13,PR,Site Próprio,1,1,179.97,0.0515,94.68,Concluído
811,1470,498,21,2025-12-11,SP,Site Próprio,3,1,114.26,0.1872,94.68,Concluído
2449,4512,525,33,2024-11-14,RS,Marketplace,5,1,230.81,0.1052,122.16,Concluído
2455,4520,9,5,2025-09-04,DF,Marketplace,5,2,220.58,0.0488,185.65,Concluído
2087,3844,76,9,2024-11-15,SC,Site Próprio,4,1,239.17,0.0335,108.49,Concluído
249,459,169,47,2025-04-05,SP,Marketplace,2,1,125.66,0.1705,89.54,Concluído
924,1672,219,8,2025-03-03,GO,Aplicativo,5,2,75.51,0.0311,43.6,Concluído
2159,3977,451,49,2025-09-10,BA,Site Próprio,5,1,97.22,0.0774,73.39,Concluído
202,376,351,21,2025-11-09,MA,Aplicativo,2,3,114.26,0.1098,94.68,Concluído
1699,3093,90,17,2024-11-16,RJ,Site Próprio,6,1,247.58,0.2775,127.08,Concluído
489,884,637,1,2025-04-05,SP,Marketplace,3,1,139.5,0.2618,91.78,Concluído
386,692,267,9,2024-09-20,SP,Site Próprio,2,2,143.42,0.167,108.49,Concluído
5,9,212,4,2025-08-02,MG,Marketplace,3,1,201.22,0.0993,160.15,Concluído
1019,1832,176,48,2024-05-04,GO,Site Próprio,5,1,199.61,0.0982,66.62,Concluído
1332,2414,463,15,2024-10-03,RJ,Site Próprio,4,2,50.56,0.0728,22.05,Concluído
496,899,332,35,2025-10-24,PR,Site Próprio,1,2,119.45,0.0352,79.44,Concluído
167,318,461,16,2025-10-03,MG,Site Próprio,2,1,214.68,0.0516,150.82,Concluído
1144,2061,608,3,2024-06-15,SP,Site Próprio,5,3,60.85,0.2293,26.91,Concluído
2018,3717,461,49,2025-02-19,MG,Site Próprio,5,2,131.25,0.0673,73.39,Concluído
1617,2941,318,48,2024-11-11,PE,Marketplace,6,1,169.67,0.0442,66.62,Concluído
2432,4480,71,36,2024-03-25,SP,Aplicativo,2,1,105.65,0.1711,66.1,Concluído
2574,4741,325,51,2025-11-10,RJ,Marketplace,1,1,306.97,0.1178,201.19,Cancelado
2580,4752,567,44,2025-12-08,RJ,Site Próprio,4,2,270.64,0.0944,119.7,Concluído
2381,4381,587,22,2025-06-19,RS,Aplicativo,4,1,216.84,0.0735,88.13,Concluído
2087,3845,76,42,2024-11-15,SC,Site Próprio,4,1,70.58,0.1056,37.56,Concluído
301,547,606,29,2025-10-01,SP,Aplicativo,4,1,123.22,0.181,78.75,Concluído
1970,3624,278,3,2025-04-04,BA,Site Próprio,4,1,60.85,0.0689,26.91,Concluído
1589,2883,371,46,2025-12-11,SP,Site Próprio,6,2,165.44,0.2095,81.26,Concluído
2238,4122,195,17,2024-11-02,SP,Marketplace,5,1,216.64,0.3585,127.08,Concluído
1318,2389,536,17,2025-05-11,SP,Site Próprio,2,1,137.55,0.3179,127.08,Concluído
1351,2448,337,12,2025-10-03,MG,Marketplace,6,3,396.16,0.0698,209.52,Cancelado
2489,4589,114,49,2024-11-13,PA,Site Próprio,4,1,143.75,0.0359,73.39,Concluído
904,1645,227,12,2025-11-27,SP,Site Próprio,5,1,466.07,0.1823,209.52,Concluído
2290,4224,579,5,2025-12-11,SP,Marketplace,1,1,259.51,,185.65,Concluído
1987,3653,380,16,2024-05-06,SP,Site Próprio,1,1,234.62,0.2064,150.82,Concluído
62,126,379,37,2024-12-16,PR,Site Próprio,6,1,82.83,0.0312,61.9,Concluído
2175,4009,526,51,2024-09-20,SP,Aplicativo,2,1,433.37,0.1905,201.19,Concluído
1677,3046,623,29,2025-05-24,SP,Marketplace,6,3,151.89,0.1888,78.75,Concluído
1136,2044,558,49,2025-12-26,PA,Marketplace,2,1,125.0,0.0737,73.39,Concluído
1726,3149,472,35,2024-11-25,SC,Marketplace,5,2,184.29,0.0643,79.44,Concluído
1109,2002,67,33,2025-01-27,MG,Site Próprio,1,1,196.62,0.05,122.16,Concluído
646,1158,412,46,2025-02-08,SP,Site Próprio,5,1,116.71,0.2026,81.26,Concluído
865,1570,638,17,2024-12-10,SC,Marketplace,4,1,152.83,0.1653,127.08,Concluído
2617,4819,251,38,2024-11-03,RJ,Marketplace,2,1,105.64,0.1354,48.05,Concluído
1393,2524,319,31,2025-04-24,MG,Marketplace,4,1,81.16,0.0638,39.52,Concluído
851,1545,416,5,2025-02-11,PR,Aplicativo,4,1,233.56,0.069,185.65,Concluído
646,1159,412,38,2025-02-08,SP,Site Próprio,5,1,78.25,0.2234,48.05,Concluído
2089,3849,520,36,2025-11-20,SP,Site Próprio,1,1,130.51,0.1811,66.1,Cancelado
781,1417,447,5,2025-11-08,RJ,Marketplace,5,1,173.01,0.0891,185.65,Concluído
995,1788,216,25,2024-05-11,RJ,Marketplace,2,1,35.91,0.1467,16.13,Concluído
2255,4159,12,24,2025-12-07,DF,Site Próprio,6,1,454.45,0.0273,217.31,Concluído
276,508,252,5,2025-09-11,RS,Site Próprio,3,3,233.56,0.0556,185.65,Concluído
1096,1980,545,44,2025-10-11,SC,Site Próprio,5,1,225.53,0.1043,119.7,Concluído
128,245,40,53,2025-06-15,BA,Site Próprio,3,1,318.47,0.0775,152.79,Concluído
651,1169,64,45,2025-06-21,RJ,Aplicativo,4,1,54.02,0.1114,39.57,Concluído
780,1416,122,31,2025-05-06,MS,Site Próprio,1,1,72.14,0.0857,39.52,Concluído
957,1727,457,20,2025-02-16,SP,Site Próprio,4,1,98.88,0.2282,55.18,Concluído
2397,4413,26,22,2025-12-16,SP,Site Próprio,3,1,252.98,0.2389,88.13,Concluído
1768,3232,362,38,2025-07-07,BA,Marketplace,5,1,126.77,0.0954,48.05,Concluído
1643,2985,494,38,2025-02-09,MA,Site Próprio,5,1,121.48,0.0806,48.05,Concluído
159,301,138,45,2025-09-25,MG,Site Próprio,2,1,56.72,0.0535,39.57,Concluído
940,1700,342,32,2024-11-18,RS,Site Próprio,3,1,312.66,0.1012,130.06,Concluído
1588,2881,519,34,2024-10-25,RJ,Site Próprio,1,1,78.34,0.1432,37.12,Concluído
2499,4607,288,9,2024-10-15,PR,Aplicativo,3,2,193.62,0.0339,108.49,Concluído
2626,4837,511,52,2025-12-15,BA,Site Próprio,4,3,219.54,0.0802,115.34,Concluído
2095,3859,385,22,2025-10-14,DF,Site Próprio,6,2,240.93,0.0341,88.13,Concluído
1834,3356,57,5,2025-02-24,RS,Site Próprio,6,1,233.56,0.1062,185.65,Concluído
478,863,518,5,2024-04-04,SP,Site Próprio,1,1,163.4,0.188,185.65,Concluído
2061,3793,319,31,2024-11-04,MG,Aplicativo,2,2,81.16,0.0628,39.52,Concluído
631,1141,580,14,2024-12-11,RS,Site Próprio,3,1,155.69,0.1061,105.23,Concluído
1081,1950,530,8,2025-03-02,SP,Site Próprio,3,1,53.48,0.1652,43.6,Cancelado
1151,2073,289,5,2025-12-13,MS,Marketplace,1,1,298.44,0.0449,185.65,Concluído
2306,4252,265,18,2025-08-09,PR,Marketplace,6,1,551.09,0.1015,173.9,Concluído
2318,4274,396,2,2025-09-20,SC,Site Próprio,3,1,322.53,0.0855,137.72,Concluído
1480,2698,557,15,2025-09-12,MS,Site Próprio,4,1,50.56,0.0676,22.05,Concluído
1473,2683,252,45,2025-12-10,RS,Marketplace,6,2,65.63,0.0653,39.57,Concluído
2055,3785,139,8,2025-12-16,RS,Site Próprio,2,1,75.51,0.0763,43.6,Cancelado
1577,2856,645,24,2025-08-17,MS,Site Próprio,2,1,286.14,0.0869,217.31,Concluído
1526,2769,413,20,2025-10-18,PE,Marketplace,1,1,84.76,0.0506,55.18,Concluído
215,397,377,7,2025-01-03,SP,Site Próprio,2,1,160.19,0.1746,103.55,Concluído
514,929,100,34,2025-03-13,SP,Site Próprio,3,1,61.44,0.2329,37.12,Concluído
1379,2499,274,53,2025-02-18,RJ,Site Próprio,6,2,318.47,0.1047,152.79,Concluído
146,282,107,8,2025-12-14,MG,Site Próprio,6,1,53.6,0.0414,43.6,Concluído
1946,3561,335,5,2025-12-06,SP,Site Próprio,5,1,233.56,0.1633,185.65,Concluído
408,737,446,48,2025-08-22,RS,Site Próprio,2,1,147.86,0.063,66.62,Concluído
1258,2272,375,46,2025-09-08,PR,Site Próprio,1,2,157.56,0.0504,81.26,Concluído
183,340,398,7,2025-11-25,CE,Site Próprio,4,1,139.6,0.0496,103.55,Concluído
2334,4302,504,36,2025-02-23,SP,Marketplace,2,1,130.51,0.2174,66.1,Concluído
251,462,99,5,2024-05-07,GO,Aplicativo,4,1,163.4,0.1041,185.65,Concluído
495,898,40,5,2025-11-23,BA,Site Próprio,4,3,259.51,0.0624,185.65,Concluído
1932,3542,40,23,2025-12-17,BA,Marketplace,4,1,76.98,0.2032,43.89,Concluído
91,179,272,5,2024-11-18,SC,Site Próprio,1,1,163.4,0.1078,185.65,Concluído
1831,3352,430,23,2025-12-14,PR,Site Próprio,6,1,59.87,0.2141,43.89,Concluído
2084,3838,61,10,2025-06-09,SP,Marketplace,4,1,214.68,0.1983,120.42,Concluído
1775,3245,478,29,2024-11-09,PR,Site Próprio,1,2,166.35,0.1069,78.75,Concluído
593,1068,227,8,2025-10-26,SP,Marketplace,6,2,62.92,,43.6,Concluído
445,803,492,29,2025-12-14,PR,Site Próprio,4,1,112.51,0.0796,78.75,Concluído
454,820,378,1,2025-12-26,RJ,Site Próprio,4,1,103.33,0.2224,91.78,Concluído
2249,4147,212,35,2025-05-06,MG,Site Próprio,6,1,153.58,0.0567,79.44,Concluído
1181,2125,475,21,2024-11-09,RJ,Aplicativo,2,1,126.96,0.0943,94.68,Concluído
109,207,224,35,2024-11-11,SC,Marketplace,5,1,138.22,0.0924,79.44,Concluído
581,1052,317,24,2025-10-22,SC,Site Próprio,3,3,353.46,0.0423,217.31,Concluído
246,452,113,12,2025-05-24,SP,Site Próprio,4,2,345.24,0.2172,209.52,Concluído
743,1342,614,10,2024-06-26,SP,Marketplace,3,1,202.75,0.1758,120.42,Concluído
1141,2054,370,6,2024-11-27,RJ,Site Próprio,6,1,68.37,0.1393,52.6,Concluído
520,940,288,11,2024-09-18,PR,Site Próprio,1,2,154.88,0.0916,139.55,Concluído
33,70,235,33,2025-12-25,RJ,Site Próprio,6,1,170.97,0.14,122.16,Concluído
1064,1920,386,46,2024-07-16,RJ,Marketplace,5,1,157.56,0.1496,81.26,Concluído
1358,2464,603,15,2025-11-15,RS,Site Próprio,4,1,40.93,0.0457,22.05,Concluído
1241,2245,214,22,2024-10-11,PR,Site Próprio,6,3,277.07,0.1068,88.13,Concluído
2497,4602,80,31,2024-08-02,CE,Site Próprio,6,1,73.05,,39.52,Cancelado
706,1272,360,6,2024-12-20,CE,Marketplace,4,1,68.37,0.0443,52.6,Concluído
736,1326,283,8,2025-09-16,PR,Aplicativo,3,1,66.07,0.05,43.6,Concluído
314,572,292,34,2025-11-23,SP,Marketplace,1,1,78.34,0.1686,37.12,Concluído
59,119,48,6,2025-06-05,SP,Site Próprio,3,2,56.27,0.1681,52.6,Cancelado
1806,3303,531,5,2025-11-21,SP,Site Próprio,2,2,259.51,0.2262,185.65,Concluído
1774,3241,26,6,2025-11-13,SP,Site Próprio,1,1,79.76,0.2245,52.6,Concluído
2624,4832,265,6,2025-04-16,PR,Site Próprio,2,1,64.57,0.0675,52.6,Concluído
1264,2290,232,27,2025-11-09,SP,Marketplace,2,1,201.56,0.1856,88.49,Concluído
476,859,141,24,2024-05-14,SP,Marketplace,3,1,302.97,0.1664,217.31,Concluído
983,1768,571,35,2025-09-23,SC,Aplicativo,2,1,161.25,0.0797,79.44,Concluído
1996,3672,316,5,2025-10-27,MA,Site Próprio,3,1,163.4,0.0403,185.65,Concluído
155,297,367,23,2025-01-16,RJ,Site Próprio,2,1,48.47,0.2011,43.89,Concluído
2107,3880,383,49,2025-11-17,CE,Marketplace,5,1,131.25,0.0596,73.39,Concluído
145,277,586,42,2024-05-07,RJ,Site Próprio,6,2,52.28,0.1144,37.56,Concluído
750,1359,20,44,2024-09-19,SP,Site Próprio,4,1,236.81,0.1724,119.7,Concluído
942,1702,251,21,2025-04-08,RJ,Aplicativo,3,1,126.96,0.1459,94.68,Concluído
1960,3593,114,1,2025-11-04,PA,Site Próprio,5,1,188.74,0.179,91.78,Concluído
551,1001,313,8,2025-05-14,SP,Aplicativo,6,1,39.62,0.1616,43.6,Concluído
1003,1802,457,17,2025-05-19,SP,Site Próprio,6,1,216.64,0.3037,127.08,Concluído
1689,3072,623,53,2025-05-18,SP,Marketplace,1,1,334.39,0.2207,152.79,Concluído
1399,2535,247,18,2025-05-14,DF,Site Próprio,1,2,551.09,0.0729,173.9,Concluído
1689,3071,623,6,2025-05-18,SP,Marketplace,1,1,79.76,0.2251,52.6,Concluído
672,1213,370,17,2025-04-22,RJ,Site Próprio,2,2,137.55,0.1891,127.08,Concluído
2548,4690,641,53,2025-05-18,BA,Aplicativo,3,3,270.7,0.0534,152.79,Concluído
102,194,294,8,2025-10-11,SP,Site Próprio,3,1,56.63,0.2241,43.6,Concluído
1571,2843,345,9,2025-10-20,MG,Marketplace,5,1,205.01,,108.49,Concluído
269,496,388,13,2024-11-15,SP,Site Próprio,3,1,84.35,0.1805,77.45,Concluído
972,1750,28,8,2025-02-04,ES,Aplicativo,3,1,72.36,0.0548,43.6,Concluído
2239,4123,623,49,2025-03-03,SP,Marketplace,6,3,131.25,0.1804,73.39,Concluído
2034,3749,204,32,2024-02-02,SP,Site Próprio,3,1,285.47,0.1978,130.06,Concluído
1163,2092,303,9,2024-05-14,SC,Marketplace,3,1,193.62,0.0775,108.49,Concluído
652,1170,107,21,2025-10-24,MG,Site Próprio,3,1,197.11,0.0403,94.68,Concluído
698,1256,139,3,2024-04-05,RS,Marketplace,3,1,69.55,0.0356,26.91,Cancelado
2261,4172,102,38,2024-12-05,SC,Marketplace,5,2,105.64,0.0505,48.05,Concluído
2291,4226,171,32,2025-12-07,SP,Site Próprio,4,1,231.1,0.23,130.06,Concluído
727,1309,551,42,2024-09-03,SP,Aplicativo,1,1,49.79,0.182,37.56,Concluído
1952,3571,261,46,2025-07-10,MG,Site Próprio,6,1,133.92,0.0346,81.26,Concluído
1413,2569,640,51,2025-05-22,SP,Site Próprio,2,1,325.02,0.2278,201.19,Concluído
2022,3726,463,5,2025-04-26,RJ,Site Próprio,5,1,272.49,0.1155,185.65,Cancelado
1486,2706,365,27,2024-06-14,RJ,Site Próprio,6,3,192.75,0.1158,88.49,Cancelado
68,136,38,16,2024-10-07,BA,Site Próprio,2,2,214.68,0.1054,150.82,Concluído
541,978,341,45,2025-06-23,MG,Site Próprio,3,2,62.12,0.0957,39.57,Concluído
2101,3869,326,21,2024-06-15,PR,Marketplace,1,1,145.69,0.1023,94.68,Concluído
1796,3285,526,23,2025-06-11,SP,Site Próprio,4,1,92.37,0.2955,43.89,Cancelado
1523,2762,222,8,2025-12-16,SP,Marketplace,2,1,56.63,0.188,43.6,Concluído
2043,3763,523,11,2024-12-04,SP,Marketplace,3,1,245.98,0.1785,139.55,Concluído
1928,3536,292,41,2025-10-13,SP,Site Próprio,3,1,333.7,0.164,180.53,Concluído
2545,4686,119,5,2025-08-07,CE,Site Próprio,5,2,220.58,0.0824,185.65,Cancelado
1903,3492,196,17,2025-06-27,SP,Marketplace,5,1,247.58,0.3259,127.08,Concluído
1142,2056,597,5,2024-12-11,SP,Aplicativo,3,1,233.56,0.1955,185.65,Concluído
1338,2423,159,42,2025-06-04,MG,Marketplace,2,1,57.13,,37.56,Concluído
1750,3191,542,22,2024-07-20,RJ,Aplicativo,2,1,240.93,0.1164,88.13,Concluído
416,755,350,23,2024-11-15,PR,Site Próprio,1,1,51.32,0.1981,43.89,Concluído
1817,3324,572,29,2025-03-01,MG,Marketplace,6,1,173.58,0.0902,78.75,Concluído
2288,4220,632,5,2025-03-09,SP,Site Próprio,4,2,298.44,0.1789,185.65,Concluído
464,837,66,38,2025-05-18,SP,Marketplace,2,3,78.25,0.224,48.05,Concluído
1263,2289,418,30,2025-12-26,SP,Site Próprio,2,1,198.93,0.1821,145.7,Concluído
2079,3824,532,12,2024-11-10,SP,Site Próprio,6,1,396.16,0.2262,209.52,Concluído
537,972,356,15,2025-11-21,RJ,Marketplace,6,1,48.15,0.1218,22.05,Concluído
761,1380,517,35,2025-04-07,SP,Marketplace,6,1,153.58,0.1748,79.44,Concluído
301,546,606,7,2025-10-01,SP,Aplicativo,4,1,160.54,0.1672,103.55,Concluído
281,516,292,20,2025-11-16,SP,Aplicativo,6,1,59.3,0.1976,55.18,Concluído
195,362,42,17,2025-03-18,RJ,Site Próprio,3,1,129.91,0.229,127.08,Concluído
1602,2910,402,12,2024-12-13,RS,Site Próprio,2,1,466.07,0.0442,209.52,Cancelado
1507,2736,607,1,2024-06-21,RJ,Site Próprio,2,1,196.94,0.2518,91.78,Concluído
1896,3475,102,5,2024-09-12,SC,Site Próprio,6,1,259.51,0.0329,185.65,Concluído
2287,4219,368,25,2025-11-02,SP,Site Próprio,6,1,35.91,0.1839,16.13,Concluído
1716,3127,487,36,2025-11-08,PR,Site Próprio,3,1,124.29,0.0406,66.1,Concluído
714,1286,53,5,2025-12-17,PR,Site Próprio,6,1,173.01,0.0386,185.65,Concluído
1740,3175,463,23,2025-11-18,RJ,Site Próprio,4,1,80.83,0.2262,43.89,Cancelado
2399,4416,485,5,2025-04-12,RS,Site Próprio,2,2,259.51,0.0656,185.65,Concluído
1330,2411,212,9,2024-12-24,MG,Aplicativo,3,1,227.79,0.0627,108.49,Concluído
1032,1860,83,5,2024-06-07,DF,Site Próprio,6,1,233.56,0.026,185.65,Concluído
140,269,70,32,2025-06-17,MS,Site Próprio,6,1,241.67,0.1064,130.06,Concluído
115,215,585,8,2025-10-17,DF,Aplicativo,5,1,72.36,0.0645,43.6,Concluído
1282,2322,229,35,2024-09-25,MS,Marketplace,5,1,130.54,0.054,79.44,Cancelado
1451,2646,178,47,2024-12-23,SP,Marketplace,5,1,179.63,0.1729,89.54,Concluído
640,1152,144,6,2025-12-02,SP,Aplicativo,3,1,47.83,0.238,52.6,Concluído
1443,2632,399,46,2025-11-07,SC,Site Próprio,5,1,141.8,0.0614,81.26,Concluído
431,779,2,5,2025-02-03,RS,Site Próprio,3,1,259.51,0.0596,185.65,Concluído
1348,2444,613,31,2024-07-07,PR,Site Próprio,3,1,93.34,0.0581,39.52,Concluído
120,228,199,6,2025-10-13,SP,Site Próprio,3,2,47.83,0.2185,52.6,Concluído
1441,2627,429,37,2025-03-17,RJ,Site Próprio,1,1,127.8,0.0976,61.9,Concluído
356,644,596,12,2025-11-17,BA,Site Próprio,3,2,345.24,0.071,209.52,Concluído
828,1505,573,6,2024-11-18,MG,Site Próprio,6,2,75.96,0.0624,52.6,Concluído
1401,2538,538,23,2024-06-03,RJ,Marketplace,6,3,80.83,0.224,43.89,Concluído
2261,4171,102,45,2024-12-05,SC,Marketplace,5,1,72.93,0.0767,39.57,Concluído
2377,4372,145,12,2025-12-02,RS,Marketplace,3,1,396.16,0.0497,209.52,Concluído
2289,4222,438,53,2025-08-11,MG,Site Próprio,6,1,334.39,0.0327,152.79,Concluído
1393,2523,319,14,2025-04-24,MG,Marketplace,4,1,183.17,0.0304,105.23,Concluído
1562,2826,440,1,2024-08-08,BA,Site Próprio,6,1,172.33,0.2022,91.78,Concluído
1622,2948,107,7,2025-02-22,MG,Site Próprio,1,1,216.73,0.0548,103.55,Concluído
1276,2308,232,32,2025-06-21,SP,Site Próprio,6,1,326.25,0.1809,130.06,Concluído
1385,2509,30,21,2025-09-16,RJ,Marketplace,2,1,197.11,0.137,94.68,Concluído
960,1732,280,5,2025-09-23,GO,Aplicativo,3,1,220.58,0.0616,185.65,Concluído
2068,3804,635,29,2025-04-24,MG,Aplicativo,2,3,151.89,0.1083,78.75,Concluído
833,1512,390,50,2024-12-09,SP,Marketplace,1,1,211.9,0.2298,118.05,Concluído
556,1011,446,45,2025-12-15,RS,Marketplace,1,2,72.93,0.0569,39.57,Concluído
1682,3053,628,21,2024-03-19,CE,Site Próprio,2,1,126.96,0.1043,94.68,Concluído
2128,3919,429,22,2025-04-23,RJ,Site Próprio,4,2,289.12,0.1109,88.13,Concluído
1266,2297,203,6,2025-12-03,MG,Site Próprio,6,1,59.08,0.0453,52.6,Concluído
1649,2995,362,23,2025-09-05,BA,Marketplace,6,2,92.37,,43.89,Concluído
1693,3078,223,5,2024-10-07,GO,Site Próprio,4,1,233.56,0.0988,185.65,Concluído
2634,4855,322,6,2025-03-06,CE,Site Próprio,1,1,79.76,0.0391,52.6,Concluído
499,903,599,5,2024-07-03,SC,Marketplace,5,1,298.44,0.0838,185.65,Concluído
875,1586,543,41,2025-12-27,DF,Marketplace,2,2,290.81,0.0624,180.53,Concluído
1837,3362,16,20,2025-12-11,RS,Marketplace,5,1,59.3,0.071,55.18,Concluído
1696,3086,500,12,2024-05-07,MG,Marketplace,2,2,419.47,0.0372,209.52,Concluído
1103,1991,461,46,2025-06-14,MG,Marketplace,3,1,165.44,0.1025,81.26,Concluído
2557,4710,560,3,2025-11-08,SP,Site Próprio,6,2,52.16,0.1886,26.91,Concluído
39,80,525,14,2024-03-15,RS,Site Próprio,2,1,135.68,0.1079,105.23,Concluído
767,1390,278,8,2025-12-14,BA,Site Próprio,2,1,66.07,0.064,43.6,Concluído
2416,4448,214,49,2025-05-03,PR,Site Próprio,6,1,143.75,0.0981,73.39,Concluído
1980,3641,225,53,2025-10-27,RJ,Marketplace,4,1,270.7,0.1476,152.79,Concluído
626,1131,30,36,2025-11-22,RJ,Site Próprio,6,1,105.88,0.0944,66.1,Concluído
470,848,73,50,2024-12-09,SP,Marketplace,4,2,242.17,0.2323,118.05,Concluído
1167,2098,127,46,2024-12-15,SP,Marketplace,3,1,105.04,0.1693,81.26,Concluído
1935,3547,478,5,2025-06-04,PR,Site Próprio,3,1,298.44,0.1062,185.65,Concluído
1197,2154,118,45,2024-12-12,RS,Marketplace,2,2,65.63,0.1003,39.57,Concluído
2298,4239,601,5,2024-12-23,BA,Site Próprio,3,3,220.58,0.0327,185.65,Concluído
2083,3833,475,53,2025-12-03,RJ,Site Próprio,4,1,318.47,0.1286,152.79,Concluído
1216,2194,190,5,2025-12-19,SP,Marketplace,2,2,272.49,0.1743,185.65,Concluído
1502,2729,523,7,2025-12-14,SP,Site Próprio,4,1,188.46,0.1719,103.55,Concluído
809,1466,92,44,2024-06-23,RS,Aplicativo,6,1,191.7,0.0345,119.7,Concluído
1095,1979,625,48,2025-12-24,MG,Aplicativo,6,3,133.07,0.0939,66.62,Cancelado
242,443,570,1,2025-12-05,SP,Marketplace,3,1,103.33,0.2837,91.78,Concluído
1626,2956,556,25,2025-03-04,RS,Marketplace,1,1,34.2,0.1066,16.13,Concluído
518,936,340,39,2025-11-08,BA,Marketplace,5,1,442.41,0.1085,144.85,Concluído
1577,2857,645,17,2025-08-17,MS,Site Próprio,2,1,129.91,0.1702,127.08,Concluído
1813,3315,416,14,2025-01-15,PR,Site Próprio,5,2,164.85,0.0957,105.23,Concluído
657,1182,557,12,2025-10-26,MS,Site Próprio,2,1,362.5,0.0708,209.52,Concluído
1876,3440,52,39,2025-10-06,SP,Site Próprio,6,2,598.55,0.166,144.85,Concluído
1599,2905,503,45,2025-02-13,CE,Site Próprio,6,1,45.92,0.0444,39.57,Concluído
2516,4644,314,36,2025-12-27,BA,Marketplace,6,1,111.87,0.0321,66.1,Concluído
501,908,261,1,2025-05-22,MG,Marketplace,6,2,103.33,0.1768,91.78,Concluído
123,235,479,41,2024-05-20,SP,Site Próprio,4,1,412.22,0.187,180.53,Concluído
75,150,569,45,2025-08-25,MG,Site Próprio,6,1,62.12,0.061,39.57,Concluído
2590,4767,579,3,2025-01-02,SP,Site Próprio,3,1,57.96,0.1818,26.91,Concluído
93,181,223,41,2025-11-18,GO,Marketplace,5,1,261.73,0.0704,180.53,Concluído
2076,3818,323,25,2025-05-14,MG,Marketplace,5,2,29.07,0.0931,16.13,Concluído
1245,2253,23,13,2025-04-18,SP,Marketplace,2,1,154.07,,77.45,Concluído
145,279,586,13,2024-05-07,RJ,Site Próprio,6,2,104.2,0.1179,77.45,Concluído
2509,4629,531,18,2025-11-13,SP,Aplicativo,6,3,648.34,0.1939,173.9,Concluído
553,1006,166,30,2025-12-25,RJ,Marketplace,6,1,198.93,0.0833,145.7,Concluído
1556,2818,559,5,2024-08-05,SC,Site Próprio,5,1,272.49,0.0425,185.65,Concluído
2402,4420,331,42,2025-06-17,CE,Site Próprio,6,1,70.58,0.0434,37.56,Concluído
12,27,405,3,2024-11-17,SP,Site Próprio,2,1,51.52,0.197,26.91,Concluído
2450,4513,557,13,2024-10-21,MS,Marketplace,1,1,140.67,0.0316,77.45,Concluído
321,583,463,20,2024-05-13,RJ,Aplicativo,5,2,73.25,0.1213,55.18,Concluído
962,1737,110,45,2025-11-10,SP,Marketplace,2,1,61.99,0.2102,39.57,Concluído
1402,2541,473,31,2025-04-15,SP,Marketplace,2,1,68.99,0.1746,39.52,Concluído
985,1775,196,5,2025-10-18,SP,Site Próprio,6,1,311.41,0.2129,185.65,Concluído
808,1464,274,46,2025-11-17,RJ,Site Próprio,4,1,116.71,0.1094,81.26,Concluído
787,1429,139,21,2024-09-19,RS,Marketplace,4,1,205.68,0.0557,94.68,Concluído
1883,3453,370,50,2024-04-12,RJ,Site Próprio,2,1,181.63,0.1321,118.05,Concluído
2014,3711,546,27,2024-10-20,SP,Site Próprio,3,1,192.75,0.1839,88.49,Concluído
2174,4007,626,21,2025-05-19,RS,Site Próprio,4,1,154.26,0.0402,94.68,Concluído
1459,2658,125,2,2025-11-12,MA,Site Próprio,1,2,412.13,0.0603,137.72,Concluído
1411,2566,331,45,2025-11-19,CE,Marketplace,5,1,56.72,0.0377,39.57,Concluído
274,505,189,46,2024-12-23,SC,Site Próprio,6,2,157.56,0.0341,81.26,Concluído
28,58,535,21,2025-08-05,PE,Marketplace,5,1,107.92,0.0626,94.68,Concluído
950,1713,371,21,2025-08-07,SP,Site Próprio,5,2,133.31,0.1841,94.68,Concluído
1793,3279,80,22,2024-09-16,CE,Site Próprio,1,1,216.84,0.0967,88.13,Concluído
2100,3867,459,35,2025-12-12,SP,Site Próprio,5,1,138.22,0.1683,79.44,Concluído
2602,4788,5,43,2025-01-21,SP,Site Próprio,6,1,392.82,0.1934,182.69,Concluído
1213,2186,583,32,2025-08-17,SP,Site Próprio,5,1,312.66,,130.06,Concluído
1696,3085,500,44,2024-05-07,MG,Marketplace,2,1,202.98,0.0657,119.7,Concluído
2241,4127,392,28,2025-01-16,SP,Marketplace,2,1,302.07,0.2294,142.78,Concluído
801,1454,2,13,2025-07-17,RS,Site Próprio,2,2,133.97,0.0766,77.45,Concluído
1963,3601,107,35,2024-08-13,MG,Marketplace,4,3,176.61,0.0971,79.44,Concluído
408,739,446,1,2025-08-22,RS,Site Próprio,2,3,121.57,0.1988,91.78,Concluído
2244,4137,361,5,2024-11-15,SP,Marketplace,1,1,311.41,,185.65,Concluído
813,1475,70,6,2025-03-12,MS,Marketplace,2,1,91.16,0.038,52.6,Concluído
865,1569,638,35,2024-12-10,SC,Marketplace,4,3,113.76,0.059,79.44,Concluído
1019,1833,176,4,2024-05-04,GO,Site Próprio,5,1,271.65,0.0621,160.15,Concluído
1592,2893,321,16,2025-05-27,SP,Site Próprio,2,1,331.23,0.2139,150.82,Cancelado
566,1024,387,6,2025-02-16,SC,Site Próprio,4,2,64.57,0.0791,52.6,Concluído
877,1590,82,25,2024-11-25,MG,Site Próprio,4,2,35.91,0.0528,16.13,Concluído
1908,3504,178,48,2025-11-17,SP,Site Próprio,5,1,179.65,0.1624,66.62,Concluído
1142,2058,597,18,2024-12-11,SP,Aplicativo,3,3,583.5,,173.9,Concluído
1363,2471,330,21,2025-06-11,BA,Site Próprio,6,2,171.4,0.0551,94.68,Concluído
870,1580,485,46,2024-06-17,RS,Site Próprio,2,1,157.56,0.0435,81.26,Cancelado
1924,3528,630,8,2025-11-14,SP,Site Próprio,3,1,66.07,0.2281,43.6,Concluído
2271,4187,472,13,2024-12-15,SC,Site Próprio,4,1,160.77,0.0634,77.45,Concluído
2328,4290,342,25,2025-09-05,RS,Site Próprio,2,2,39.32,0.0743,16.13,Concluído
185,347,569,13,2024-12-05,MG,Site Próprio,5,2,154.07,0.0591,77.45,Concluído
274,503,189,32,2024-12-23,SC,Site Próprio,6,1,271.88,0.0716,130.06,Concluído
684,1233,366,17,2025-10-05,PR,Site Próprio,1,1,137.55,0.1539,127.08,Concluído
1516,2751,478,47,2024-07-14,PR,Site Próprio,3,1,229.52,0.0325,89.54,Concluído
2514,4638,226,8,2025-12-13,RJ,Marketplace,6,2,56.63,0.1173,43.6,Concluído
463,834,469,12,2024-11-07,SP,Site Próprio,4,1,489.38,0.1711,209.52,Concluído
1811,3311,351,15,2025-03-08,MA,Site Próprio,3,2,43.34,0.0525,22.05,Concluído
1827,3341,401,8,2025-10-27,RS,Site Próprio,5,1,75.51,0.0561,43.6,Cancelado
1444,2633,437,1,2024-12-21,RJ,Site Próprio,2,1,196.94,0.2618,91.78,Concluído
2000,3680,247,6,2024-12-01,DF,Marketplace,1,2,64.57,0.0882,52.6,Concluído
650,1165,635,36,2025-07-11,MG,Marketplace,5,2,130.51,0.0877,66.1,Concluído
2189,4035,92,13,2024-11-04,RS,Site Próprio,1,1,113.88,0.081,77.45,Concluído
1720,3136,74,5,2024-10-26,PE,Site Próprio,4,1,163.4,0.035,185.65,Concluído
852,1548,152,34,2025-05-27,RS,Site Próprio,5,1,58.03,0.0451,37.12,Concluído
1433,2611,542,5,2025-11-03,RJ,Site Próprio,5,2,259.51,0.1478,185.65,Concluído
786,1426,600,8,2024-07-01,RS,Site Próprio,6,3,41.95,0.0315,43.6,Concluído
299,543,84,8,2025-01-10,GO,Site Próprio,2,1,39.62,0.0883,43.6,Concluído
821,1492,328,20,2025-04-12,PE,Site Próprio,3,2,84.76,0.0661,55.18,Concluído
1118,2017,461,5,2025-08-27,MG,Aplicativo,2,2,272.49,0.0804,185.65,Concluído
2035,3751,174,12,2025-12-17,MS,Site Próprio,6,1,559.29,0.088,209.52,Concluído
2145,3946,607,28,2024-08-23,RJ,Site Próprio,6,1,315.2,0.1371,142.78,Concluído
552,1003,243,33,2025-02-03,SP,Site Próprio,6,2,170.97,0.1861,122.16,Concluído
556,1009,446,17,2025-12-15,RS,Marketplace,1,1,206.32,0.1986,127.08,Concluído
1888,3460,444,53,2025-03-12,RJ,Site Próprio,4,1,286.62,0.1344,152.79,Concluído
1356,2461,445,22,2025-05-03,RJ,Marketplace,3,1,204.79,0.1159,88.13,Concluído
311,566,97,40,2024-10-11,SC,Site Próprio,1,1,77.11,0.0919,53.25,Concluído
137,264,164,46,2024-09-06,BA,Site Próprio,5,3,105.04,0.086,81.26,Concluído
1524,2764,163,11,2025-04-23,DF,Marketplace,5,2,182.21,0.0712,139.55,Concluído
735,1325,142,6,2025-11-20,RJ,Marketplace,3,3,68.37,0.0726,52.6,Concluído
206,382,559,49,2024-12-02,SC,Site Próprio,6,1,131.25,0.068,73.39,Concluído
2516,4642,314,15,2025-12-27,BA,Marketplace,6,1,43.34,0.032,22.05,Concluído
338,614,298,5,2024-12-07,CE,Site Próprio,2,1,192.23,0.0739,185.65,Cancelado
2205,4063,117,12,2025-09-11,PE,Site Próprio,5,1,535.99,0.0351,209.52,Concluído
1510,2741,122,47,2025-08-05,MS,Marketplace,4,1,239.5,0.0362,89.54,Concluído
1024,1845,571,6,2024-11-22,SC,Site Próprio,6,1,79.76,0.0827,52.6,Concluído
610,1103,479,37,2024-05-04,SP,Site Próprio,3,2,111.83,0.2008,61.9,Concluído
2115,3898,386,1,2025-06-11,RJ,Site Próprio,4,2,164.12,0.2027,91.78,Cancelado
1475,2685,552,6,2024-09-12,SP,Aplicativo,3,1,64.57,0.2154,52.6,Concluído
2132,3926,296,12,2025-08-01,DF,Site Próprio,2,2,466.07,0.0334,209.52,Concluído
1303,2361,221,42,2025-02-14,SP,Site Próprio,6,1,70.58,0.2366,37.56,Concluído
742,1339,582,12,2024-05-25,BA,Marketplace,5,2,293.45,0.0667,209.52,Concluído
2475,4561,330,53,2025-09-26,BA,Site Próprio,3,1,318.47,0.0988,152.79,Concluído
2485,4580,571,39,2024-11-02,SC,Marketplace,2,1,546.5,0.035,144.85,Concluído
749,1356,479,6,2024-12-03,SP,Site Próprio,3,2,79.76,0.1738,52.6,Cancelado
2018,3718,461,53,2025-02-19,MG,Site Próprio,5,1,334.39,0.0408,152.79,Concluído
2609,4801,83,20,2024-11-12,DF,Marketplace,6,1,84.76,0.0231,55.18,Concluído
937,1694,155,15,2025-11-04,SP,Aplicativo,4,1,32.1,0.2306,22.05,Concluído
890,1618,607,30,2024-12-04,RJ,Site Próprio,2,1,379.13,0.0994,145.7,Concluído
1073,1934,620,13,2025-05-03,SP,Site Próprio,3,1,160.77,0.1735,77.45,Concluído
71,140,559,36,2025-11-12,SC,Marketplace,2,1,96.67,0.0692,66.1,Concluído
2339,4314,52,36,2025-10-12,SP,Site Próprio,5,1,142.94,0.2329,66.1,Concluído
15,33,393,28,2025-10-17,RS,Marketplace,5,1,165.38,0.0557,142.78,Concluído
1372,2482,639,26,2025-05-24,DF,Site Próprio,4,1,412.57,0.0639,164.45,Concluído
56,115,519,3,2025-11-08,RJ,Marketplace,6,2,36.49,0.1142,26.91,Concluído
1568,2838,617,24,2025-11-21,BA,Site Próprio,6,2,386.28,0.0664,217.31,Concluído
2013,3706,328,25,2025-07-12,PE,Marketplace,5,1,30.78,0.0813,16.13,Concluído
127,241,392,5,2025-09-02,SP,Site Próprio,4,1,221.06,0.1601,185.65,Concluído
1115,2013,245,17,2025-08-17,CE,Site Próprio,3,1,216.64,0.1632,127.08,Concluído
1978,3638,237,16,2024-12-17,SP,Marketplace,3,2,331.23,,150.82,Concluído
1312,2377,248,39,2025-12-10,SP,Site Próprio,1,1,442.41,0.1982,144.85,Concluído
1553,2811,328,46,2024-12-08,PE,Site Próprio,5,1,141.8,0.0534,81.26,Concluído
1849,3387,484,30,2024-11-21,SP,Marketplace,5,1,315.94,0.2399,145.7,Concluído
745,1348,560,49,2025-05-23,SP,Site Próprio,3,1,112.5,0.1888,73.39,Concluído
966,1742,424,9,2024-11-12,RS,Site Próprio,6,1,273.34,0.0551,108.49,Concluído
607,1099,174,27,2025-09-18,MS,Site Próprio,1,1,201.56,0.0471,88.49,Concluído
752,1364,534,4,2025-11-18,SP,Aplicativo,5,1,201.22,0.2344,160.15,Concluído
213,394,408,24,2025-11-17,SP,Aplicativo,1,3,302.97,0.1789,217.31,Concluído
1649,2994,362,5,2025-09-05,BA,Marketplace,6,1,311.41,0.0549,185.65,Concluído
1549,2806,427,10,2025-08-27,PR,Site Próprio,3,1,202.75,0.0632,120.42,Concluído
2355,4340,552,50,2025-09-09,SP,Site Próprio,5,2,171.54,0.2162,118.05,Concluído
2373,4365,1,41,2025-05-12,SC,Marketplace,4,1,353.33,0.0979,180.53,Concluído
1955,3581,447,21,2024-08-15,RJ,Site Próprio,4,1,154.26,0.1016,94.68,Concluído
788,1430,272,43,2025-04-05,SC,Site Próprio,3,1,333.9,0.1047,182.69,Concluído
1420,2586,454,5,2025-11-22,SP,Aplicativo,2,1,298.44,0.2063,185.65,Concluído
839,1523,317,8,2025-10-20,SC,Site Próprio,2,1,66.07,0.1045,43.6,Concluído
146,281,107,40,2025-12-14,MG,Site Próprio,6,1,98.53,0.08,53.25,Concluído
116,218,462,47,2024-07-13,MG,Site Próprio,4,2,125.66,0.0725,89.54,Concluído
1696,3084,500,29,2024-05-07,MG,Marketplace,2,1,130.19,0.0426,78.75,Concluído
1656,3009,337,40,2025-11-13,MG,Site Próprio,4,2,98.32,0.0825,53.25,Cancelado
543,984,321,3,2025-10-25,SP,Marketplace,3,1,69.55,0.2334,26.91,Cancelado
100,190,614,20,2025-11-13,SP,Marketplace,5,1,59.3,0.199,55.18,Cancelado
1960,3592,114,20,2025-11-04,PA,Site Próprio,5,2,108.3,0.046,55.18,Concluído
2582,4755,438,41,2025-12-11,MG,Marketplace,3,1,412.22,0.052,180.53,Concluído
1379,2497,274,17,2025-02-18,RJ,Site Próprio,6,1,206.32,0.2126,127.08,Concluído
305,554,147,47,2025-08-20,SP,Site Próprio,3,2,125.66,0.2259,89.54,Concluído
2259,4167,134,49,2024-11-11,SC,Site Próprio,3,1,125.0,0.0704,73.39,Concluído
1875,3436,206,19,2024-02-01,BA,Site Próprio,4,2,431.76,0.0771,137.57,Concluído
2057,3788,440,24,2025-07-19,BA,Site Próprio,3,2,477.17,0.0498,217.31,Concluído
1533,2778,437,9,2025-07-05,RJ,Site Próprio,2,1,273.34,0.1243,108.49,Concluído
762,1381,342,25,2024-11-19,RS,Marketplace,6,1,39.32,0.0555,16.13,Concluído
928,1679,428,18,2025-10-21,MS,Marketplace,3,1,551.09,0.0985,173.9,Concluído
266,492,68,37,2024-10-20,RJ,Site Próprio,4,1,78.89,0.0722,61.9,Concluído
626,1129,30,41,2025-11-22,RJ,Site Próprio,6,1,334.43,0.0729,180.53,Concluído
698,1254,139,8,2024-04-05,RS,Marketplace,3,1,75.51,0.0368,43.6,Cancelado
1612,2931,641,47,2024-12-20,BA,Site Próprio,5,2,169.65,0.0511,89.54,Concluído
904,1644,227,29,2025-11-27,SP,Site Próprio,5,1,144.65,0.1633,78.75,Concluído
2383,4385,608,9,2024-12-25,SP,Site Próprio,4,1,239.17,0.1764,108.49,Cancelado
1680,3050,552,1,2024-09-10,SP,Site Próprio,5,3,139.5,0.3359,91.78,Concluído
1511,2743,383,40,2025-03-25,CE,Marketplace,4,1,121.45,0.0856,53.25,Cancelado
2543,4684,469,53,2024-03-18,SP,Marketplace,1,1,334.39,0.1764,152.79,Concluído
2447,4507,500,17,2025-10-07,MG,Site Próprio,5,1,185.69,0.1564,127.08,Concluído
409,740,586,4,2024-06-26,RJ,Site Próprio,4,1,285.23,0.1409,160.15,Concluído
1274,2306,603,24,2024-04-14,RS,Marketplace,4,2,386.28,,217.31,Concluído
2499,4608,288,7,2024-10-15,PR,Aplicativo,3,1,160.19,0.0316,103.55,Concluído
218,405,32,52,2024-11-25,CE,Aplicativo,1,1,172.19,0.0892,115.34,Concluído
992,1784,301,8,2025-08-01,RS,Marketplace,4,1,75.51,0.107,43.6,Concluído
370,667,438,11,2025-01-09,MG,Site Próprio,4,1,191.32,0.1047,139.55,Concluído
1246,2254,515,12,2025-07-24,RJ,Site Próprio,2,1,419.47,0.1425,209.52,Concluído
349,632,555,35,2025-06-11,SP,Site Próprio,2,1,153.58,0.1839,79.44,Concluído
779,1414,89,12,2025-07-27,RJ,Marketplace,2,3,396.16,0.087,209.52,Concluído
1300,2355,200,11,2025-10-10,RS,Site Próprio,6,1,245.98,0.059,139.55,Cancelado
1875,3438,206,10,2024-02-01,BA,Site Próprio,4,1,202.75,0.0494,120.42,Concluído
765,1387,224,20,2025-12-17,SC,Site Próprio,2,1,84.76,0.0498,55.18,Concluído
2504,4618,255,15,2025-05-09,RJ,Site Próprio,4,1,57.79,0.1321,22.05,Concluído
1197,2155,118,14,2024-12-12,RS,Marketplace,2,1,164.85,0.1042,105.23,Concluído
7,13,635,5,2024-05-19,MG,Site Próprio,6,1,201.84,0.0972,185.65,Concluído
263,486,188,42,2024-12-06,ES,Marketplace,4,1,57.13,0.0957,37.56,Concluído
850,1544,171,52,2025-08-03,SP,Marketplace,2,1,219.54,0.2294,115.34,Concluído
1288,2334,322,17,2025-04-17,CE,Site Próprio,4,1,216.64,0.1841,127.08,Concluído
1217,2195,3,8,2025-09-19,PE,Marketplace,5,3,56.63,0.0872,43.6,Concluído
842,1528,125,42,2025-09-23,MA,Site Próprio,2,1,77.3,0.0311,37.56,Concluído
2033,3746,390,16,2025-07-14,SP,Marketplace,4,1,289.82,0.2389,150.82,Concluído
2171,4002,592,40,2025-11-15,MG,Marketplace,3,1,115.67,0.0817,53.25,Concluído
2535,4671,105,4,2025-03-06,MS,Site Próprio,4,1,230.9,0.093,160.15,Concluído
1125,2030,75,40,2025-04-01,PR,Marketplace,5,2,115.67,0.1022,53.25,Concluído
1669,3034,85,25,2025-11-02,MT,Site Próprio,4,1,39.32,,16.13,Concluído
2442,4500,604,21,2024-11-10,SP,Marketplace,3,1,145.69,0.1687,94.68,Concluído
2453,4518,489,42,2025-02-16,MT,Site Próprio,1,2,57.13,0.041,37.56,Concluído
1862,3410,391,44,2024-11-01,RJ,Marketplace,3,1,225.53,0.0795,119.7,Concluído
1260,2277,271,13,2024-04-23,RJ,Marketplace,6,1,99.24,0.1156,77.45,Concluído
2065,3800,321,44,2025-01-02,SP,Site Próprio,5,1,270.64,0.2044,119.7,Concluído
2209,4074,152,9,2024-08-26,RS,Aplicativo,2,1,193.62,0.0959,108.49,Concluído
1141,2055,370,45,2024-11-27,RJ,Site Próprio,6,1,65.63,0.0838,39.57,Concluído
1431,2606,219,5,2025-08-12,GO,Site Próprio,6,1,311.41,0.0913,185.65,Concluído
2330,4296,624,12,2025-06-04,SP,Site Próprio,5,2,466.07,0.1837,209.52,Concluído
2422,4462,445,9,2024-10-20,RJ,Site Próprio,3,1,193.62,0.1458,108.49,Concluído
881,1598,358,42,2025-11-06,DF,Aplicativo,3,1,57.13,0.075,37.56,Concluído
1500,2726,2,42,2025-01-01,RS,Site Próprio,3,2,67.22,0.1012,37.56,Cancelado
331,599,602,3,2025-12-09,PE,Marketplace,5,1,38.64,,26.91,Concluído
80,159,390,27,2024-10-08,SP,Marketplace,5,1,176.37,0.1961,88.49,Concluído
2190,4036,138,7,2025-10-26,MG,Marketplace,5,2,197.88,0.069,103.55,Concluído
1545,2795,396,7,2025-11-24,SC,Marketplace,6,1,169.61,0.058,103.55,Concluído
2598,4783,481,32,2025-02-04,DF,Marketplace,4,1,231.1,0.0871,130.06,Concluído
1202,2164,51,14,2024-10-14,SP,Marketplace,3,1,122.11,0.2267,105.23,Concluído
2405,4426,342,22,2025-03-13,RS,Aplicativo,6,1,277.07,0.0625,88.13,Concluído
1318,2390,536,8,2025-05-11,SP,Site Próprio,2,2,41.95,0.185,43.6,Concluído
2045,3767,602,49,2025-11-19,PE,Marketplace,1,1,112.5,0.0874,73.39,Concluído
1770,3236,557,6,2025-12-21,MS,Marketplace,1,1,79.76,0.0693,52.6,Concluído
101,192,540,29,2025-09-14,PR,Site Próprio,2,1,96.44,0.0701,78.75,Concluído
2185,4028,250,6,2025-08-24,PE,Site Próprio,1,1,68.37,0.0558,52.6,Concluído
2460,4531,379,8,2024-12-12,PR,Site Próprio,5,3,66.07,0.0722,43.6,Concluído
2077,3822,395,24,2025-05-19,RJ,Marketplace,4,1,545.34,0.0894,217.31,Concluído
623,1124,91,41,2024-11-07,SP,Marketplace,5,1,333.7,0.1869,180.53,Cancelado
699,1258,485,32,2025-11-12,RS,Site Próprio,5,1,201.39,0.0577,130.06,Concluído
2368,4358,505,29,2025-09-25,DF,Site Próprio,5,1,173.58,0.0492,78.75,Concluído
861,1562,110,5,2024-11-19,SP,Site Próprio,1,1,220.58,0.1768,185.65,Concluído
119,227,119,17,2024-10-09,CE,Marketplace,1,2,129.91,0.1222,127.08,Concluído
2075,3813,77,40,2025-02-24,SP,Site Próprio,5,1,121.45,0.2227,53.25,Concluído
1736,3168,279,44,2024-12-17,RS,Aplicativo,6,2,150.35,0.0654,119.7,Concluído
892,1622,478,9,2025-11-11,PR,Site Próprio,2,1,261.95,0.0692,108.49,Concluído
2235,4118,56,47,2025-12-04,MT,Marketplace,6,1,155.23,0.0718,89.54,Concluído
1281,2320,329,42,2025-11-02,MG,Marketplace,5,2,57.13,0.1011,37.56,Concluído
1021,1837,82,45,2025-02-13,MG,Marketplace,6,1,76.57,0.0386,39.57,Concluído
1130,2036,323,36,2024-12-01,MG,Site Próprio,5,1,105.65,0.0411,66.1,Concluído
45,90,476,38,2024-06-19,AM,Site Próprio,4,1,66.51,0.0812,48.05,Concluído
1396,2531,84,46,2025-11-21,GO,Marketplace,5,2,133.92,0.0777,81.26,Cancelado
758,1372,354,46,2024-09-16,RS,Marketplace,1,2,133.92,0.1077,81.26,Concluído
2168,3993,359,13,2024-08-23,SP,Site Próprio,3,2,133.97,,77.45,Concluído
2273,4189,485,51,2025-12-26,RS,Site Próprio,1,1,361.14,0.0569,201.19,Concluído
585,1058,52,43,2025-03-20,SP,Marketplace,6,1,451.75,0.1916,182.69,Concluído
2241,4129,392,3,2025-01-16,SP,Marketplace,2,2,66.65,0.1807,26.91,Concluído
1589,2884,371,36,2025-12-11,SP,Site Próprio,6,1,130.51,0.2337,66.1,Concluído
1898,3481,292,36,2025-04-16,SP,Site Próprio,4,1,105.65,0.1736,66.1,Concluído
1578,2859,90,47,2024-11-10,RJ,Marketplace,5,1,177.41,0.0924,89.54,Concluído
403,723,118,21,2024-04-19,RS,Marketplace,6,3,114.26,0.0373,94.68,Concluído
461,832,535,6,2025-12-08,PE,Site Próprio,4,1,64.57,0.1038,52.6,Concluído
1530,2774,364,6,2025-08-08,GO,Site Próprio,2,1,75.96,0.0535,52.6,Concluído
2324,4282,51,53,2025-06-27,SP,Site Próprio,5,2,286.62,0.2137,152.79,Cancelado
1447,2640,82,18,2025-05-09,MG,Site Próprio,3,1,680.75,0.0569,173.9,Concluído
1955,3580,447,40,2024-08-15,RJ,Site Próprio,4,2,104.1,0.1289,53.25,Concluído
395,708,70,52,2024-11-25,MS,Marketplace,1,3,309.94,0.0515,115.34,Concluído
2221,4092,26,6,2024-04-10,SP,Marketplace,5,1,79.76,0.2302,52.6,Concluído
2417,4451,453,13,2025-11-17,SP,Aplicativo,1,3,133.97,0.2164,77.45,Concluído
1910,3506,28,34,2025-06-21,ES,Marketplace,1,1,105.99,0.0696,37.12,Concluído
929,1681,178,8,2024-05-05,SP,Site Próprio,3,3,56.63,0.2141,43.6,Concluído
2462,4537,618,7,2025-04-05,SP,Site Próprio,5,1,160.19,0.2163,103.55,Concluído
885,1611,229,10,2025-12-10,MS,Marketplace,2,1,202.75,0.0397,120.42,Concluído
2143,3943,553,5,2025-04-04,MS,Site Próprio,6,1,220.58,0.0955,185.65,Concluído
1277,2311,221,3,2025-08-18,SP,Marketplace,1,1,45.08,0.2132,26.91,Cancelado
1370,2479,285,12,2025-06-21,AM,Marketplace,1,1,397.03,0.0551,209.52,Concluído
653,1172,246,3,2025-11-20,PR,Site Próprio,6,3,36.49,0.0709,26.91,Concluído
681,1229,450,27,2025-06-01,MG,Aplicativo,5,2,167.97,0.0303,88.49,Concluído
1076,1941,222,17,2024-10-11,SP,Marketplace,1,1,137.55,0.2642,127.08,Concluído
803,1456,198,17,2025-10-19,SP,Site Próprio,1,2,237.27,0.3193,127.08,Concluído
753,1366,213,25,2025-10-22,CE,Site Próprio,6,1,39.32,0.0516,16.13,Concluído
2017,3715,551,52,2024-06-21,SP,Site Próprio,4,1,258.28,0.2324,115.34,Concluído
2632,4850,137,35,2024-08-01,RJ,Site Próprio,6,2,184.29,0.0759,79.44,Concluído
1943,3556,206,46,2025-11-04,BA,Site Próprio,5,1,133.92,0.0561,81.26,Concluído
2505,4622,103,5,2024-12-05,RJ,Site Próprio,3,1,220.58,0.1135,185.65,Concluído
2412,4443,621,29,2025-07-01,PR,Marketplace,5,1,166.35,0.073,78.75,Concluído
1970,3622,278,12,2025-04-04,BA,Site Próprio,4,1,489.38,0.044,209.52,Concluído
1654,3005,454,33,2025-10-11,SP,Site Próprio,5,2,265.43,0.2399,122.16,Concluído
174,327,220,4,2024-05-06,RS,Marketplace,4,1,181.1,0.0744,160.15,Concluído
2104,3873,271,46,2025-12-01,RJ,Site Próprio,4,1,157.56,0.1014,81.26,Concluído
257,477,434,6,2025-07-06,SP,Site Próprio,4,1,56.27,0.1813,52.6,Concluído
184,343,465,10,2025-04-08,RS,Site Próprio,3,1,185.52,0.0303,120.42,Concluído
1468,2676,18,5,2025-06-06,MG,Site Próprio,3,2,201.84,0.0409,185.65,Cancelado
2571,4736,87,45,2025-08-10,SP,Site Próprio,1,1,72.93,0.2343,39.57,Concluído
1897,3476,215,47,2025-10-13,SP,Site Próprio,2,1,147.84,0.1896,89.54,Concluído
9,18,587,30,2025-04-27,RS,Marketplace,3,1,210.63,0.0514,145.7,Concluído
2440,4495,490,38,2025-01-27,SP,Site Próprio,4,2,105.64,0.217,48.05,Concluído
1440,2623,118,17,2024-12-10,RS,Marketplace,3,2,185.69,0.1711,127.08,Concluído
2160,3978,190,38,2024-02-16,SP,Site Próprio,5,1,110.92,0.1874,48.05,Concluído
1230,2225,308,31,2024-11-26,BA,Marketplace,6,1,68.99,0.0722,39.52,Concluído
2280,4204,424,32,2024-07-11,RS,Site Próprio,5,3,326.25,0.036,130.06,Concluído
1956,3582,560,1,2025-11-09,SP,Site Próprio,3,2,147.71,0.2684,91.78,Concluído
285,524,133,53,2025-08-12,RJ,Site Próprio,5,1,200.52,0.1049,152.79,Concluído
548,993,112,8,2025-05-24,SP,Site Próprio,5,1,39.62,0.2088,43.6,Concluído
107,204,466,34,2025-06-26,SP,Marketplace,1,1,58.03,0.1752,37.12,Concluído
900,1638,147,36,2025-09-26,SP,Marketplace,6,1,105.65,0.1828,66.1,Cancelado
1019,1831,176,8,2024-05-04,GO,Site Próprio,5,1,62.92,,43.6,Concluído
1140,2051,187,17,2024-07-21,MS,Marketplace,3,2,129.91,,127.08,Concluído
1508,2737,164,20,2024-05-09,BA,Site Próprio,6,1,84.76,,55.18,Concluído
406,731,267,52,2025-12-13,SP,Marketplace,4,1,219.54,0.1685,115.34,Concluído
1805,3300,614,40,2025-11-06,SP,Marketplace,2,1,98.32,0.1859,53.25,Concluído
1190,2142,363,43,2025-05-05,RS,Site Próprio,2,1,247.33,0.035,182.69,Concluído
700,1261,397,38,2024-04-21,SP,Marketplace,6,2,121.48,0.2198,48.05,Concluído
550,998,227,14,2025-09-06,SP,Marketplace,6,1,135.68,0.1812,105.23,Concluído
1177,2115,406,46,2025-11-20,SP,Site Próprio,4,2,189.07,0.2332,81.26,Concluído
1027,1852,131,36,2025-01-18,BA,Marketplace,4,1,124.29,0.0754,66.1,Concluído
132,253,88,9,2024-05-14,BA,Site Próprio,5,1,177.17,0.0419,108.49,Concluído
49,101,278,16,2024-12-19,BA,Site Próprio,2,1,214.68,0.0464,150.82,Concluído
1075,1940,300,40,2025-03-16,BA,Site Próprio,5,1,104.1,0.1089,53.25,Concluído
2162,3983,572,9,2025-11-11,MG,Site Próprio,2,1,273.34,0.0511,108.49,Concluído
771,1397,188,38,2024-08-18,ES,Site Próprio,2,3,89.79,0.1095,48.05,Concluído
454,821,378,25,2025-12-26,RJ,Site Próprio,4,1,21.53,0.1224,16.13,Concluído
415,752,308,38,2024-09-21,BA,Site Próprio,3,2,66.51,,48.05,Concluído
790,1435,346,28,2025-10-22,SP,Site Próprio,3,1,233.48,0.205,142.78,Cancelado
1855,3399,248,5,2024-05-26,SP,Site Próprio,6,1,220.58,0.1857,185.65,Concluído
265,489,132,36,2025-06-19,MG,Site Próprio,4,1,92.07,0.0834,66.1,Concluído
1119,2018,21,5,2025-11-16,CE,Aplicativo,4,1,259.51,0.0657,185.65,Concluído
1406,2554,271,23,2025-12-27,RJ,Site Próprio,4,1,76.98,0.2139,43.89,Concluído
561,1017,390,33,2025-09-19,SP,Marketplace,6,1,242.35,0.2051,122.16,Concluído
1648,2992,606,1,2025-10-19,SP,Marketplace,2,1,188.74,0.3612,91.78,Concluído
1218,2200,365,19,2025-04-20,RJ,Site Próprio,2,3,431.76,0.0811,137.57,Concluído
2441,4497,216,15,2025-12-19,RJ,Aplicativo,1,1,50.56,0.1147,22.05,Concluído
377,677,10,23,2025-11-20,PE,Site Próprio,2,1,76.98,0.1905,43.89,Concluído
2489,4588,114,5,2024-11-13,PA,Site Próprio,4,1,298.44,0.1099,185.65,Concluído
109,208,224,16,2024-11-11,SC,Marketplace,5,1,248.42,,150.82,Concluído
2224,4096,431,47,2025-11-25,PR,Site Próprio,5,1,179.63,,89.54,Concluído
1111,2004,293,48,2025-11-19,PR,Marketplace,3,1,133.07,0.0816,66.62,Concluído
1395,2528,298,46,2025-12-20,CE,Marketplace,3,1,157.56,0.0784,81.26,Concluído
1211,2180,106,6,2024-11-13,MG,Site Próprio,6,2,64.71,0.0919,52.6,Concluído
1954,3577,204,47,2025-05-13,SP,Marketplace,5,1,209.56,0.2034,89.54,Cancelado
1664,3022,324,28,2024-04-04,RJ,Marketplace,2,1,223.27,0.1217,142.78,Cancelado
1996,3673,316,30,2025-10-27,MA,Site Próprio,3,2,198.93,0.0668,145.7,Concluído
955,1725,36,24,2025-02-10,DF,Site Próprio,4,2,477.17,0.0927,217.31,Concluído
6,11,22,47,2024-11-21,SP,Site Próprio,5,1,133.06,0.1912,89.54,Concluído
306,556,459,28,2024-12-19,SP,Site Próprio,2,2,175.11,0.1968,142.78,Concluído
2099,3864,133,40,2025-05-07,RJ,Marketplace,2,1,98.32,0.1217,53.25,Concluído
1291,2339,650,14,2024-10-17,CE,Marketplace,1,1,219.8,0.0408,105.23,Concluído
541,979,341,13,2025-06-23,MG,Site Próprio,3,1,114.13,0.1098,77.45,Concluído
119,225,119,5,2024-10-09,CE,Marketplace,1,2,163.4,0.0879,185.65,Concluído
1335,2420,184,17,2024-11-14,SP,Marketplace,5,1,216.64,0.3065,127.08,Concluído
428,775,275,21,2025-10-21,BA,Aplicativo,2,1,107.92,0.0462,94.68,Cancelado
2226,4100,234,7,2025-11-23,MG,Site Próprio,5,2,160.19,0.106,103.55,Concluído
420,760,202,17,2025-07-13,SP,Site Próprio,5,1,216.64,0.3317,127.08,Concluído
570,1032,300,29,2025-11-27,BA,Site Próprio,3,1,96.44,,78.75,Concluído
885,1612,229,21,2025-12-10,MS,Marketplace,2,1,145.69,0.1063,94.68,Concluído
1620,2946,431,5,2025-12-07,PR,Site Próprio,2,3,233.56,0.0329,185.65,Concluído
89,173,349,4,2025-06-06,SP,Site Próprio,3,2,181.1,0.1653,160.15,Concluído
1455,2653,422,52,2024-12-01,SP,Marketplace,2,2,219.54,0.1978,115.34,Concluído
54,111,302,3,2025-07-07,BA,Aplicativo,4,1,38.64,0.0471,26.91,Concluído
2108,3881,192,5,2025-12-26,PR,Site Próprio,4,1,259.51,0.0932,185.65,Concluído
2246,4143,85,23,2024-05-07,MT,Site Próprio,6,1,88.52,0.2205,43.89,Concluído
266,491,68,52,2024-10-20,RJ,Site Próprio,4,1,191.32,0.1305,115.34,Concluído
2208,4072,218,25,2025-07-21,AM,Site Próprio,2,1,35.91,0.0584,16.13,Concluído
1851,3393,646,9,2025-11-16,SP,Site Próprio,6,1,239.17,0.2396,108.49,Concluído
1706,3105,161,50,2025-01-04,RJ,Marketplace,5,1,171.54,0.1135,118.05,Concluído
815,1480,648,6,2025-11-08,GO,Site Próprio,3,2,75.96,0.0495,52.6,Concluído
2309,4257,9,6,2025-11-07,DF,Marketplace,1,1,64.57,0.0235,52.6,Concluído
1055,1907,276,19,2025-02-01,SC,Site Próprio,4,2,338.63,0.0363,137.57,Concluído
2322,4279,238,14,2025-11-05,RJ,Aplicativo,1,1,155.69,0.0823,105.23,Concluído
722,1299,319,34,2025-11-13,MG,Marketplace,1,3,68.27,0.1073,37.12,Concluído
1729,3156,482,43,2025-11-09,SP,Marketplace,2,1,353.54,0.2363,182.69,Concluído
34,72,618,13,2024-09-11,SP,Marketplace,2,1,84.35,0.1966,77.45,Concluído
1748,3186,629,50,2025-12-04,SP,Site Próprio,2,1,179.39,0.2126,118.05,Concluído
1857,3403,635,38,2024-03-03,MG,Site Próprio,6,1,110.92,0.06,48.05,Concluído
1027,1853,131,13,2025-01-18,BA,Marketplace,4,2,133.97,0.0454,77.45,Concluído
1076,1943,222,1,2024-10-11,SP,Marketplace,1,1,109.41,0.3231,91.78,Concluído
698,1255,139,5,2024-04-05,RS,Marketplace,3,1,311.41,0.0984,185.65,Cancelado
1257,2270,531,27,2025-06-17,SP,Marketplace,3,1,226.76,0.1906,88.49,Concluído
96,185,429,6,2025-01-19,RJ,Site Próprio,5,3,67.52,0.084,52.6,Concluído
457,825,444,5,2024-12-19,RJ,Marketplace,2,2,173.01,0.1049,185.65,Concluído
209,387,116,5,2024-12-09,PR,Marketplace,1,1,163.4,0.0338,185.65,Concluído
953,1720,77,17,2025-07-26,SP,Site Próprio,1,3,216.64,0.3316,127.08,Concluído
1733,3160,202,5,2025-11-08,SP,Aplicativo,5,1,272.49,0.1965,185.65,Concluído
1908,3503,178,1,2025-11-17,SP,Site Próprio,5,3,147.71,0.2737,91.78,Concluído
1278,2316,508,11,2025-08-18,SP,Marketplace,2,1,282.88,0.2308,139.55,Concluído
254,469,560,30,2024-01-06,SP,Site Próprio,1,2,210.63,0.2249,145.7,Concluído
782,1419,226,47,2024-03-08,RJ,Site Próprio,2,1,133.06,0.1105,89.54,Concluído
1682,3054,628,11,2024-03-19,CE,Site Próprio,2,2,182.21,0.0933,139.55,Concluído
295,537,381,1,2024-10-05,PR,Site Próprio,4,2,103.33,0.1879,91.78,Concluído
1650,2997,368,52,2024-08-21,SP,Marketplace,4,3,271.2,0.1924,115.34,Concluído
184,342,465,36,2025-04-08,RS,Site Próprio,3,1,96.67,0.1012,66.1,Concluído
1512,2744,509,8,2025-11-04,PE,Site Próprio,1,3,53.48,0.0661,43.6,Concluído
2205,4062,117,25,2025-09-11,PE,Site Próprio,5,2,39.32,0.0584,16.13,Concluído
1107,1996,139,6,2024-10-18,RS,Marketplace,1,1,91.16,0.0628,52.6,Concluído
891,1620,444,19,2024-04-19,RJ,Site Próprio,3,1,457.16,0.1451,137.57,Concluído
1724,3142,190,16,2025-10-09,SP,Marketplace,6,1,289.82,0.1853,150.82,Concluído
1307,2367,616,6,2024-05-13,SP,Site Próprio,5,3,79.76,0.1771,52.6,Concluído
2408,4434,343,14,2025-01-07,ES,Site Próprio,2,2,192.33,0.0712,105.23,Concluído
1069,1928,277,9,2024-11-10,RJ,Marketplace,3,1,143.42,0.0787,108.49,Concluído
2265,4179,352,31,2025-09-01,SP,Aplicativo,3,1,85.22,0.1703,39.52,Concluído
401,720,153,4,2025-11-04,GO,Marketplace,3,3,230.9,0.0731,160.15,Concluído
599,1084,214,30,2024-03-23,PR,Marketplace,4,1,363.33,0.0598,145.7,Concluído
2154,3964,243,34,2025-10-25,SP,Site Próprio,2,1,92.16,0.2066,37.12,Concluído
1437,2617,338,12,2025-12-24,RS,Marketplace,2,1,535.99,0.0441,209.52,Concluído
413,750,588,8,2025-11-04,PR,Site Próprio,4,1,53.48,0.0761,43.6,Concluído
2214,4082,446,27,2025-03-12,RS,Marketplace,2,1,226.76,0.0568,88.49,Concluído
2611,4806,508,21,2025-02-09,SP,Marketplace,6,1,197.11,0.1716,94.68,Concluído
1409,2562,50,35,2025-12-05,MG,Site Próprio,1,1,102.38,0.0342,79.44,Cancelado
859,1559,458,4,2025-11-16,SP,Aplicativo,1,1,271.65,0.2118,160.15,Concluído
598,1082,15,37,2024-07-14,SP,Marketplace,5,2,67.06,0.1638,61.9,Cancelado
510,921,607,40,2025-05-03,RJ,Marketplace,3,1,138.8,0.1489,53.25,Concluído
1378,2496,265,5,2025-12-14,PR,Marketplace,4,2,163.4,0.0904,185.65,Concluído
1028,1854,80,24,2024-06-25,CE,Site Próprio,5,1,409.01,0.1002,217.31,Concluído
1940,3553,118,30,2025-11-09,RS,Site Próprio,1,1,284.35,0.033,145.7,Concluído
2506,4623,384,25,2025-12-08,SP,Aplicativo,1,1,26.6,0.1917,16.13,Concluído
471,849,548,49,2025-12-25,MT,Site Próprio,1,1,97.22,0.0681,73.39,Concluído
883,1604,345,4,2024-12-06,MG,Site Próprio,6,1,244.48,0.0515,160.15,Cancelado
2003,3688,528,21,2024-06-24,PE,Site Próprio,2,1,179.97,0.0514,94.68,Concluído
2425,4468,67,9,2025-03-13,MG,Marketplace,3,1,261.95,0.1044,108.49,Concluído
1507,2734,607,42,2024-06-21,RJ,Site Próprio,2,1,80.66,0.1029,37.56,Concluído
1407,2557,248,17,2025-12-24,SP,Site Próprio,3,1,175.37,0.3306,127.08,Concluído
2320,4277,157,49,2024-10-23,SC,Marketplace,6,1,106.25,0.0685,73.39,Concluído
1499,2725,219,7,2025-03-01,GO,Site Próprio,3,1,226.15,0.0452,103.55,Concluído
2367,4357,523,10,2024-11-27,SP,Marketplace,6,1,238.53,0.2248,120.42,Concluído
2554,4702,631,6,2024-08-24,SP,Marketplace,4,3,68.37,0.2233,52.6,Concluído
2380,4379,41,4,2024-12-17,BA,Site Próprio,3,2,325.98,0.0864,160.15,Concluído
719,1295,20,26,2024-12-21,SP,Marketplace,3,2,360.99,0.2356,164.45,Concluído
844,1532,87,9,2025-11-12,SP,Site Próprio,5,1,227.79,0.1822,108.49,Concluído
2460,4532,379,23,2024-12-12,PR,Site Próprio,5,1,80.83,,43.89,Concluído
765,1388,224,5,2025-12-17,SC,Site Próprio,2,3,233.56,0.0937,185.65,Concluído
1242,2247,177,53,2025-02-14,SP,Aplicativo,4,3,334.39,0.2156,152.79,Concluído
696,1252,395,8,2024-12-17,RJ,Aplicativo,2,1,75.51,0.1427,43.6,Concluído
1048,1893,455,16,2025-03-20,ES,Aplicativo,1,2,184.01,0.1001,150.82,Cancelado
312,569,153,37,2025-02-01,GO,Aplicativo,5,3,67.06,0.0532,61.9,Concluído
1655,3007,490,16,2025-11-06,SP,Aplicativo,1,2,276.02,,150.82,Concluído
238,437,597,5,2025-10-07,SP,Site Próprio,4,3,173.01,0.2141,185.65,Concluído
860,1560,446,23,2025-08-09,RS,Site Próprio,3,1,76.98,0.1644,43.89,Concluído
1590,2888,411,12,2025-08-12,RJ,Site Próprio,5,2,396.16,0.1211,209.52,Concluído
363,656,469,50,2025-05-07,SP,Site Próprio,5,1,156.96,0.193,118.05,Concluído
1293,2346,642,51,2025-09-07,RJ,Site Próprio,5,1,433.37,0.0784,201.19,Concluído
432,781,620,44,2025-11-14,SP,Aplicativo,4,1,200.47,0.2389,119.7,Concluído
2344,4323,194,21,2025-11-10,RJ,Marketplace,6,1,114.26,0.0717,94.68,Concluído
1869,3426,397,1,2024-02-10,SP,Site Próprio,2,1,188.74,0.3035,91.78,Concluído
665,1198,397,50,2025-05-09,SP,Aplicativo,5,1,171.91,0.1939,118.05,Concluído
1627,2959,351,3,2025-10-19,MA,Marketplace,2,1,52.16,0.0829,26.91,Concluído
1738,3172,295,40,2025-10-05,BA,Aplicativo,3,1,104.1,0.0625,53.25,Concluído
1101,1988,452,3,2024-12-18,MT,Marketplace,1,1,49.26,,26.91,Concluído
468,846,157,50,2025-05-17,SC,Marketplace,1,2,127.07,0.0983,118.05,Concluído
333,603,268,8,2025-09-19,SP,Site Próprio,4,1,46.61,0.2191,43.6,Concluído
2083,3832,475,18,2025-12-03,RJ,Site Próprio,4,1,648.34,0.1399,173.9,Concluído
2218,4088,585,20,2025-08-02,DF,Marketplace,2,1,108.3,,55.18,Concluído
52,109,242,14,2024-09-25,SP,Aplicativo,5,1,115.33,0.1815,105.23,Concluído
2245,4140,532,28,2025-09-02,SP,Site Próprio,5,3,223.27,0.1696,142.78,Concluído
1535,2781,420,3,2025-08-02,SP,Marketplace,5,2,49.26,0.2295,26.91,Concluído
2236,4119,395,21,2024-12-02,RJ,Site Próprio,4,1,205.68,,94.68,Concluído
724,1303,161,20,2025-06-18,RJ,Site Próprio,4,1,59.3,0.1302,55.18,Concluído
458,829,597,32,2024-03-01,SP,Site Próprio,5,1,244.69,0.2297,130.06,Concluído
76,152,135,31,2025-11-16,SP,Site Próprio,5,1,51.1,0.1857,39.52,Concluído
1886,3458,104,21,2025-09-18,SP,Marketplace,2,1,197.11,0.1898,94.68,Concluído
2417,4449,453,5,2025-11-17,SP,Aplicativo,1,1,259.51,0.1863,185.65,Concluído
2419,4457,278,12,2025-06-02,BA,Site Próprio,5,1,489.38,0.065,209.52,Concluído
2340,4315,568,5,2025-10-17,BA,Aplicativo,5,1,259.51,0.0557,185.65,Concluído
1158,2085,237,52,2025-12-12,SP,Site Próprio,5,1,309.94,0.1905,115.34,Concluído
1152,2074,319,9,2025-11-04,MG,Marketplace,3,1,227.79,0.0518,108.49,Concluído
1856,3402,607,5,2025-12-22,RJ,Marketplace,3,1,311.41,0.1214,185.65,Concluído
215,398,377,5,2025-01-03,SP,Site Próprio,2,1,220.58,0.2276,185.65,Concluído
85,167,204,49,2024-11-16,SP,Site Próprio,5,1,97.22,0.2111,73.39,Concluído
2299,4241,145,20,2025-01-04,RS,Site Próprio,4,1,80.05,0.0494,55.18,Concluído
680,1226,263,34,2025-12-05,SP,Site Próprio,5,2,58.03,0.1673,37.12,Concluído
999,1797,300,36,2024-02-04,BA,Site Próprio,3,1,111.87,0.0712,66.1,Concluído
903,1643,533,45,2025-04-05,BA,Marketplace,6,1,83.87,0.0497,39.57,Concluído
73,143,137,25,2024-07-09,RJ,Site Próprio,1,1,30.4,0.11,16.13,Concluído
690,1241,36,1,2025-05-01,DF,Marketplace,2,1,172.33,0.148,91.78,Concluído
1100,1987,580,46,2024-04-27,RS,Marketplace,6,1,133.92,0.0734,81.26,Concluído
1822,3335,356,1,2025-01-12,RJ,Marketplace,4,1,164.12,0.1769,91.78,Cancelado
125,238,646,45,2025-12-13,SP,Site Próprio,5,1,56.72,0.1929,39.57,Concluído
546,990,239,8,2025-10-21,RJ,Aplicativo,2,2,39.62,0.1227,43.6,Concluído
2202,4058,441,12,2024-08-02,RJ,Site Próprio,1,1,489.38,0.1264,209.52,Concluído
978,1759,286,8,2025-12-25,PR,Site Próprio,2,2,72.36,0.1076,43.6,Concluído
564,1022,200,8,2025-08-05,RS,Marketplace,3,1,46.61,0.1056,43.6,Concluído
2141,3941,149,49,2024-12-02,SP,Site Próprio,5,1,106.25,0.2263,73.39,Concluído
481,867,552,45,2025-06-27,SP,Marketplace,6,1,45.92,0.2301,39.57,Concluído
2341,4316,115,4,2025-02-12,MG,Marketplace,3,1,244.48,0.0626,160.15,Concluído
1320,2396,321,7,2025-12-17,SP,Site Próprio,5,1,226.15,0.188,103.55,Concluído
2556,4707,135,35,2025-12-15,SP,Aplicativo,6,1,130.54,0.2209,79.44,Concluído
2189,4034,92,36,2024-11-04,RS,Site Próprio,1,2,105.65,0.0333,66.1,Concluído
939,1698,613,10,2025-11-21,PR,Site Próprio,5,2,203.19,0.0596,120.42,Concluído
1262,2285,620,24,2025-11-26,SP,Aplicativo,5,3,545.34,0.1699,217.31,Concluído
1581,2866,423,30,2024-02-26,MS,Aplicativo,4,1,268.55,0.1082,145.7,Concluído
1663,3021,178,21,2025-07-02,SP,Marketplace,2,3,154.26,0.2203,94.68,Cancelado
2194,4044,456,32,2024-03-24,RJ,Marketplace,1,1,231.1,0.123,130.06,Concluído
873,1583,138,44,2025-09-01,MG,Marketplace,2,1,236.81,0.0989,119.7,Concluído
445,804,492,5,2025-12-14,PR,Site Próprio,4,1,201.84,0.0369,185.65,Concluído
680,1227,263,30,2025-12-05,SP,Site Próprio,5,1,198.93,0.2041,145.7,Concluído
669,1204,116,46,2024-10-01,PR,Marketplace,2,1,133.92,0.0717,81.26,Concluído
1644,2988,189,16,2024-11-25,SC,Marketplace,4,1,276.02,0.0455,150.82,Concluído
1644,2987,189,40,2024-11-25,SC,Marketplace,4,1,115.67,0.0957,53.25,Concluído
1403,2542,540,41,2024-11-15,PR,Aplicativo,2,1,353.33,0.079,180.53,Concluído
1475,2686,552,51,2024-09-12,SP,Aplicativo,3,1,306.97,0.2314,201.19,Concluído
2478,4568,585,29,2025-09-24,DF,Site Próprio,6,1,166.35,0.0599,78.75,Concluído
218,402,32,16,2024-11-25,CE,Aplicativo,1,1,184.01,0.0845,150.82,Concluído
1426,2596,519,14,2024-11-09,RJ,Site Próprio,4,1,155.69,0.1469,105.23,Cancelado
1983,3645,294,47,2025-11-13,SP,Site Próprio,6,1,179.63,0.2046,89.54,Concluído
705,1268,494,36,2025-02-08,MA,Site Próprio,4,1,142.94,0.0834,66.1,Concluído
447,806,615,26,2025-07-18,SP,Site Próprio,3,2,412.57,0.1794,164.45,Concluído
795,1444,463,52,2025-11-04,RJ,Site Próprio,5,1,271.2,0.0898,115.34,Concluído
529,960,17,38,2025-03-23,PR,Marketplace,3,1,89.79,0.05,48.05,Concluído
2085,3841,437,9,2024-11-06,RJ,Site Próprio,1,1,273.34,0.131,108.49,Concluído
97,186,93,16,2025-08-27,PR,Marketplace,1,1,173.79,0.0761,150.82,Concluído
1922,3524,73,21,2024-03-12,SP,Marketplace,6,3,205.68,0.1759,94.68,Cancelado
1158,2086,237,4,2025-12-12,SP,Site Próprio,5,1,325.98,0.2103,160.15,Concluído
47,97,322,27,2025-11-19,CE,Site Próprio,5,1,176.37,0.0587,88.49,Concluído
1425,2594,227,45,2025-11-25,SP,Site Próprio,2,1,72.93,0.1967,39.57,Concluído
2495,4598,11,29,2024-12-14,SP,Site Próprio,6,1,122.95,0.2185,78.75,Concluído
1179,2120,289,45,2024-12-16,MS,Marketplace,4,1,83.87,0.1022,39.57,Concluído
1889,3462,620,8,2024-11-16,SP,Marketplace,2,2,75.51,0.1688,43.6,Concluído
2292,4227,244,8,2025-11-10,SP,Marketplace,1,3,53.48,0.1919,43.6,Concluído
372,670,610,5,2025-11-11,SC,Marketplace,6,1,233.56,0.0856,185.65,Concluído
974,1753,132,2,2025-07-17,MG,Site Próprio,3,1,358.37,0.0773,137.72,Concluído
1518,2754,544,45,2025-11-05,SP,Aplicativo,4,1,54.02,0.2133,39.57,Concluído
1840,3370,487,25,2025-10-04,PR,Marketplace,1,1,34.2,0.0972,16.13,Concluído
1454,2652,222,31,2024-12-16,SP,Marketplace,2,1,73.05,0.1673,39.52,Cancelado
916,1660,4,5,2025-08-04,SP,Site Próprio,6,2,259.51,0.186,185.65,Concluído
2399,4415,485,46,2025-04-12,RS,Site Próprio,2,1,157.56,0.0553,81.26,Concluído
1495,2718,573,32,2024-05-23,MG,Marketplace,3,1,271.88,0.0657,130.06,Concluído
1753,3197,138,51,2025-12-25,MG,Marketplace,5,1,379.2,0.0399,201.19,Concluído
1695,3082,450,5,2025-01-25,MG,Marketplace,1,1,259.51,0.1057,185.65,Concluído
761,1378,517,24,2025-04-07,SP,Marketplace,6,1,454.45,0.1684,217.31,Concluído
2405,4425,342,36,2025-03-13,RS,Aplicativo,6,2,142.94,,66.1,Concluído
1429,2600,539,36,2025-03-16,MT,Site Próprio,6,2,130.51,0.0661,66.1,Concluído
1683,3056,487,21,2025-02-20,PR,Site Próprio,5,2,171.4,0.0393,94.68,Concluído
1337,2422,47,9,2025-06-16,SP,Site Próprio,4,1,227.79,0.1717,108.49,Concluído
1809,3307,195,44,2024-04-20,SP,Site Próprio,5,1,236.81,0.2207,119.7,Concluído
2421,4460,249,49,2025-08-22,MG,Site Próprio,3,1,112.5,0.0663,73.39,Concluído
2637,4862,610,30,2025-06-03,SC,Site Próprio,3,1,284.35,0.0813,145.7,Concluído
1400,2537,63,9,2025-01-06,RS,Site Próprio,6,1,227.79,0.0852,108.49,Concluído
2440,4496,490,21,2025-01-27,SP,Site Próprio,4,1,171.4,0.2085,94.68,Concluído
521,944,70,44,2025-08-18,MS,Marketplace,4,1,270.64,0.0764,119.7,Concluído
1333,2418,631,4,2025-05-08,SP,Marketplace,5,1,244.48,0.1902,160.15,Concluído
127,242,392,46,2025-09-02,SP,Site Próprio,4,1,134.22,0.1715,81.26,Concluído
995,1790,216,41,2024-05-11,RJ,Marketplace,2,2,412.22,0.1236,180.53,Concluído
1068,1927,301,30,2024-12-24,RS,Marketplace,4,1,379.13,0.0949,145.7,Concluído
288,527,649,13,2025-04-18,PR,Site Próprio,2,1,104.2,0.0849,77.45,Cancelado
2567,4729,216,6,2024-05-03,RJ,Aplicativo,5,2,79.76,0.0806,52.6,Concluído
1668,3029,151,4,2025-12-24,PR,Aplicativo,2,1,230.9,0.0743,160.15,Concluído
1321,2398,77,30,2024-10-18,SP,Site Próprio,3,3,331.74,0.1914,145.7,Concluído
2096,3860,575,36,2024-11-02,CE,Marketplace,4,1,92.07,0.0551,66.1,Concluído
1188,2137,461,28,2024-11-23,MG,Marketplace,1,1,275.8,0.0547,142.78,Concluído
2220,4090,397,1,2024-12-24,SP,Site Próprio,4,1,188.74,0.2711,91.78,Concluído
233,430,342,53,2025-11-16,RS,Site Próprio,2,3,366.23,0.0653,152.79,Concluído
2594,4774,647,16,2024-12-02,RS,Marketplace,1,1,289.82,0.0696,150.82,Concluído
1148,2067,526,8,2025-11-18,SP,Marketplace,3,1,75.51,0.1605,43.6,Concluído
2286,4216,472,39,2025-09-27,SC,Site Próprio,5,1,624.57,0.0826,144.85,Concluído
2159,3976,451,8,2025-09-10,BA,Site Próprio,5,1,48.94,0.0915,43.6,Concluído
815,1479,648,14,2025-11-08,GO,Site Próprio,3,2,183.17,0.1075,105.23,Concluído
182,339,125,6,2025-10-17,MA,Site Próprio,4,1,87.36,0.0358,52.6,Concluído
1152,2075,319,33,2025-11-04,MG,Marketplace,3,1,230.81,0.0383,122.16,Concluído
1114,2012,361,36,2025-10-24,SP,Marketplace,6,1,149.15,0.1708,66.1,Concluído
132,254,88,46,2024-05-14,BA,Site Próprio,5,1,122.55,0.0952,81.26,Concluído
169,321,329,23,2024-12-23,MG,Site Próprio,5,2,48.47,0.2243,43.89,Concluído
1138,2049,514,16,2024-11-24,MS,Site Próprio,1,2,204.46,0.0884,150.82,Concluído
523,947,312,28,2025-11-27,RS,Marketplace,2,1,194.57,0.08,142.78,Concluído
1735,3167,200,17,2025-12-04,RS,Site Próprio,3,1,206.32,0.2123,127.08,Concluído
600,1085,22,12,2024-09-09,SP,Marketplace,5,1,419.47,0.2028,209.52,Concluído
662,1192,169,13,2025-03-10,SP,Marketplace,5,1,113.88,0.188,77.45,Concluído
341,621,209,16,2025-11-11,SP,Marketplace,5,1,173.79,0.1957,150.82,Concluído
1168,2099,390,12,2025-01-16,SP,Marketplace,2,1,489.38,0.2078,209.52,Concluído
414,751,529,44,2025-12-16,SP,Site Próprio,5,1,150.35,0.1758,119.7,Concluído
1519,2755,583,23,2025-12-05,SP,Site Próprio,1,2,88.52,0.3174,43.89,Concluído
1976,3636,65,4,2025-10-13,CE,Marketplace,4,1,271.65,0.0767,160.15,Concluído
1035,1865,65,12,2025-10-21,CE,Site Próprio,6,1,466.07,0.096,209.52,Concluído
1086,1959,500,23,2025-05-23,MG,Site Próprio,6,1,69.28,0.1264,43.89,Concluído
1329,2410,511,1,2024-04-23,BA,Site Próprio,6,2,139.5,0.1866,91.78,Concluído
988,1778,560,12,2024-04-18,SP,Marketplace,3,2,419.47,0.1987,209.52,Concluído
318,578,149,41,2025-02-25,SP,Site Próprio,1,2,247.19,0.1986,180.53,Concluído
921,1668,230,5,2025-11-12,SP,Marketplace,4,1,298.44,0.2313,185.65,Cancelado
770,1396,504,35,2025-02-18,SP,Marketplace,4,1,119.45,0.2341,79.44,Concluído
1213,2184,583,7,2025-08-17,SP,Site Próprio,5,1,216.73,0.2275,103.55,Concluído
1005,1806,70,21,2024-11-24,MS,Site Próprio,3,3,205.68,0.0539,94.68,Concluído
2401,4418,527,22,2025-03-24,SP,Site Próprio,3,1,216.84,0.2351,88.13,Concluído
142,271,568,26,2025-03-18,BA,Marketplace,1,2,254.67,0.0617,164.45,Concluído
88,171,47,32,2025-07-09,SP,Marketplace,5,1,201.39,0.2223,130.06,Concluído
1134,2042,327,34,2025-10-15,RJ,Marketplace,6,1,61.44,0.1031,37.12,Concluído
1751,3193,624,32,2025-02-24,SP,Site Próprio,3,1,201.39,0.2232,130.06,Concluído
2387,4393,257,40,2025-10-08,MG,Site Próprio,4,2,115.67,0.032,53.25,Concluído
1012,1816,139,46,2024-11-17,RS,Marketplace,2,3,189.07,0.0604,81.26,Concluído
2282,4206,485,7,2024-07-04,RS,Aplicativo,3,3,188.46,0.0529,103.55,Concluído
1313,2379,296,26,2025-05-19,DF,Site Próprio,5,1,343.8,0.0968,164.45,Concluído
823,1497,28,36,2024-06-22,ES,Site Próprio,4,3,142.94,0.0617,66.1,Cancelado
1456,2654,402,5,2024-04-03,RS,Marketplace,6,1,259.51,0.0355,185.65,Concluído
708,1276,114,17,2025-02-13,PA,Marketplace,4,2,237.27,0.1878,127.08,Concluído
2501,4610,631,26,2024-08-03,SP,Marketplace,4,1,309.42,0.1762,164.45,Concluído
994,1787,590,1,2025-01-18,RS,Marketplace,3,1,109.41,0.1812,91.78,Cancelado
2445,4505,581,24,2025-10-02,BA,Marketplace,6,1,454.45,0.0711,217.31,Concluído
2630,4845,396,50,2024-08-05,SC,Marketplace,2,1,181.63,0.046,118.05,Concluído
1674,3042,604,41,2024-07-07,SP,Site Próprio,4,1,333.7,0.1867,180.53,Concluído
1981,3642,392,13,2024-11-25,SP,Aplicativo,3,1,154.07,0.1764,77.45,Concluído
1205,2171,606,31,2025-12-26,SP,Site Próprio,4,1,93.34,0.1859,39.52,Cancelado
1281,2321,329,45,2025-11-02,MG,Marketplace,5,1,61.99,0.0706,39.57,Concluído
1283,2324,218,52,2025-05-08,AM,Marketplace,1,1,271.2,0.0758,115.34,Concluído
154,296,387,7,2025-04-13,SC,Marketplace,2,1,160.19,0.0962,103.55,Concluído
594,1071,219,40,2024-07-21,GO,Site Próprio,6,1,102.82,0.0705,53.25,Concluído
26,54,40,18,2024-07-09,BA,Site Próprio,2,3,480.25,0.0315,173.9,Concluído
2088,3846,347,29,2025-10-27,MS,Site Próprio,1,1,151.89,0.0363,78.75,Concluído
2370,4361,206,26,2025-03-16,BA,Site Próprio,5,1,292.23,0.1023,164.45,Concluído
1568,2836,617,8,2025-11-21,BA,Site Próprio,6,1,53.48,0.0728,43.6,Concluído
2553,4701,370,45,2024-12-26,RJ,Site Próprio,5,2,65.63,,39.57,Concluído
1112,2007,220,53,2024-11-15,RS,Marketplace,3,1,286.62,,152.79,Concluído
160,302,576,53,2024-11-25,SP,Site Próprio,6,1,212.31,0.1785,152.79,Concluído
197,366,403,7,2024-12-02,SP,Marketplace,1,2,146.58,0.2052,103.55,Concluído
50,103,572,31,2024-03-15,MG,Site Próprio,6,1,72.14,0.0526,39.52,Concluído
2162,3981,572,20,2025-11-11,MG,Site Próprio,2,1,113.01,0.0304,55.18,Concluído
1611,2929,247,40,2025-01-01,DF,Aplicativo,2,2,98.32,0.064,53.25,Concluído
2279,4203,178,41,2024-06-20,SP,Marketplace,5,1,353.33,0.2045,180.53,Concluído
2260,4170,22,23,2025-11-26,SP,Aplicativo,6,1,69.28,0.2449,43.89,Concluído
1532,2776,89,49,2025-03-16,RJ,Marketplace,1,1,106.25,0.1057,73.39,Concluído
819,1488,10,13,2025-11-20,PE,Marketplace,5,1,133.97,0.0961,77.45,Cancelado
1556,2817,559,1,2024-08-05,SC,Site Próprio,5,1,172.33,0.2275,91.78,Concluído
202,375,351,17,2025-11-09,MA,Aplicativo,2,1,137.55,0.1586,127.08,Concluído
673,1214,76,4,2025-09-17,SC,Aplicativo,4,2,211.28,,160.15,Concluído
300,545,340,4,2025-08-16,BA,Marketplace,4,1,171.04,0.0895,160.15,Concluído
748,1352,477,6,2025-11-02,RJ,Site Próprio,6,2,68.37,0.0977,52.6,Concluído
152,292,522,41,2025-05-24,SP,Site Próprio,2,1,247.19,0.1712,180.53,Cancelado
211,390,627,12,2025-05-16,SP,Site Próprio,3,2,396.16,0.2167,209.52,Concluído
2302,4245,146,53,2025-12-07,DF,Site Próprio,1,3,286.62,0.0281,152.79,Concluído
1320,2393,321,39,2025-12-17,SP,Site Próprio,5,3,624.57,0.2001,144.85,Concluído
1037,1871,104,1,2024-07-10,SP,Marketplace,3,1,188.74,0.2978,91.78,Concluído
2206,4067,589,5,2024-12-11,SP,Site Próprio,2,1,272.49,0.183,185.65,Concluído
130,248,326,16,2024-06-07,PR,Site Próprio,1,1,234.62,0.072,150.82,Concluído
1783,3261,92,5,2024-09-24,RS,Marketplace,6,1,220.58,0.0646,185.65,Cancelado
1202,2165,51,6,2024-10-14,SP,Marketplace,3,1,50.64,0.1802,52.6,Concluído
2635,4859,450,43,2024-06-27,MG,Marketplace,1,1,392.82,0.1035,182.69,Concluído
1836,3361,164,6,2024-04-08,BA,Site Próprio,4,1,68.37,0.0805,52.6,Concluído
2456,4523,258,53,2025-03-08,SP,Marketplace,6,1,334.39,0.2174,152.79,Concluído
222,411,500,53,2024-06-27,MG,Site Próprio,1,1,212.31,0.1032,152.79,Concluído
1112,2006,220,15,2024-11-15,RS,Marketplace,3,1,43.34,0.0828,22.05,Concluído
2268,4184,23,20,2024-11-05,SP,Site Próprio,5,1,108.3,0.2025,55.18,Concluído
1049,1895,323,45,2025-04-14,MG,Marketplace,5,1,61.99,0.1011,39.57,Concluído
2608,4799,76,31,2025-11-04,SC,Marketplace,2,2,85.22,0.0564,39.52,Concluído
2604,4792,19,23,2025-12-19,SP,Marketplace,2,1,80.83,0.2675,43.89,Concluído
462,833,328,46,2025-09-16,PE,Site Próprio,6,2,141.8,0.0638,81.26,Concluído
1232,2228,612,35,2025-06-06,RS,Site Próprio,1,2,96.7,0.0401,79.44,Concluído
1004,1804,587,13,2025-06-18,RS,Site Próprio,6,1,120.58,0.0713,77.45,Concluído
385,691,207,21,2024-11-18,SC,Site Próprio,2,2,133.31,0.0865,94.68,Concluído
2112,3893,608,31,2024-06-21,SP,Site Próprio,2,1,85.22,0.2204,39.52,Concluído
2212,4078,346,44,2024-03-23,SP,Site Próprio,1,1,270.64,0.2246,119.7,Concluído
2568,4731,242,17,2025-05-17,SP,Site Próprio,2,1,175.37,0.3315,127.08,Concluído
2216,4084,326,14,2024-11-09,PR,Marketplace,6,1,155.69,0.0374,105.23,Concluído
596,1076,347,42,2024-12-11,MS,Site Próprio,5,1,52.28,0.0328,37.56,Concluído
2471,4556,522,21,2025-09-20,SP,Site Próprio,3,1,145.69,0.1716,94.68,Concluído
1174,2112,540,1,2025-04-15,PR,Site Próprio,4,1,147.71,0.1236,91.78,Concluído
424,770,605,8,2025-03-22,PE,Marketplace,4,2,53.48,0.085,43.6,Concluído
1448,2642,173,7,2025-11-16,PA,Site Próprio,2,1,118.66,0.06,103.55,Concluído
1079,1947,571,14,2025-10-08,SC,Site Próprio,1,1,192.33,0.1036,105.23,Cancelado
306,555,459,17,2024-12-19,SP,Site Próprio,2,1,137.55,0.2953,127.08,Concluído
415,753,308,18,2024-09-21,BA,Site Próprio,3,1,408.21,,173.9,Concluído
1987,3655,380,46,2024-05-06,SP,Site Próprio,1,1,133.92,0.2013,81.26,Concluído
1325,2403,260,43,2025-06-03,SP,Site Próprio,4,1,471.39,0.1652,182.69,Concluído
575,1042,508,8,2024-06-16,SP,Marketplace,4,3,53.6,0.2108,43.6,Concluído
2021,3724,638,5,2024-05-10,SC,Site Próprio,4,2,259.51,0.087,185.65,Concluído
2486,4584,350,20,2025-06-25,PR,Marketplace,5,2,84.76,0.0355,55.18,Concluído
196,364,305,3,2024-03-26,SP,Marketplace,3,1,36.49,0.2275,26.91,Concluído
1877,3444,128,5,2024-11-14,MT,Marketplace,2,1,259.51,0.0497,185.65,Concluído
629,1136,109,6,2025-05-19,RS,Site Próprio,6,1,56.27,0.0535,52.6,Concluído
2058,3790,585,25,2024-04-25,DF,Marketplace,3,1,39.32,0.0413,16.13,Concluído
304,551,542,1,2024-08-24,RJ,Marketplace,1,1,121.57,0.2149,91.78,Concluído
2620,4825,444,52,2024-07-23,RJ,Site Próprio,5,1,232.45,0.1081,115.34,Concluído
1966,3612,621,8,2024-09-23,PR,Site Próprio,6,1,72.36,0.093,43.6,Concluído
893,1623,339,34,2025-07-20,SP,Site Próprio,6,2,92.16,0.2329,37.12,Concluído
2558,4715,620,30,2024-06-17,SP,Site Próprio,1,1,379.13,0.1949,145.7,Concluído
2109,3886,25,1,2025-10-13,MG,Site Próprio,4,1,164.12,0.2253,91.78,Concluído
2502,4613,30,7,2024-03-16,RJ,Aplicativo,2,1,216.73,0.12,103.55,Concluído
2257,4164,405,24,2025-04-21,SP,Site Próprio,6,1,545.34,0.1796,217.31,Concluído
466,843,443,21,2025-08-23,SP,Site Próprio,6,1,114.26,0.1924,94.68,Concluído
1149,2069,138,3,2025-05-17,MG,Marketplace,5,2,60.85,0.0918,26.91,Cancelado
2022,3725,463,8,2025-04-26,RJ,Site Próprio,5,1,66.07,0.1408,43.6,Cancelado
487,880,466,18,2024-06-02,SP,Site Próprio,5,1,551.09,0.2297,173.9,Concluído
2379,4375,361,13,2025-01-02,SP,Marketplace,5,1,160.77,0.1983,77.45,Concluído
1587,2879,401,13,2024-07-23,RS,Site Próprio,2,1,160.77,0.0512,77.45,Concluído
478,864,518,13,2024-04-04,SP,Site Próprio,1,2,84.35,0.1894,77.45,Concluído
1839,3369,636,10,2025-08-16,SP,Site Próprio,6,1,250.46,0.2307,120.42,Cancelado
1691,3074,289,17,2025-07-22,MS,Site Próprio,2,2,237.27,0.175,127.08,Concluído
1144,2060,608,32,2024-06-15,SP,Site Próprio,5,1,285.47,0.2059,130.06,Concluído
1449,2644,302,42,2025-11-23,BA,Aplicativo,5,1,60.49,0.0339,37.56,Concluído
1058,1912,292,46,2025-06-16,SP,Aplicativo,3,2,133.92,0.1938,81.26,Concluído
1421,2587,425,23,2025-10-26,MG,Site Próprio,4,2,69.28,0.1693,43.89,Concluído
2108,3882,192,12,2025-12-26,PR,Site Próprio,4,1,466.07,0.0465,209.52,Concluído
596,1074,347,17,2024-12-11,MS,Site Próprio,5,3,160.47,0.1917,127.08,Concluído
974,1754,132,5,2025-07-17,MG,Site Próprio,3,1,259.51,0.0759,185.65,Concluído
646,1160,412,25,2025-02-08,SP,Site Próprio,5,2,25.33,0.2328,16.13,Concluído
29,59,616,5,2025-05-13,SP,Site Próprio,1,1,201.84,0.1983,185.65,Concluído
737,1327,286,8,2025-11-21,PR,Marketplace,6,2,53.6,0.105,43.6,Concluído
2242,4132,246,32,2025-03-13,PR,Site Próprio,4,2,231.1,0.0961,130.06,Concluído
1266,2295,203,23,2025-12-03,MG,Site Próprio,6,1,59.87,0.197,43.89,Concluído
2165,3987,605,39,2025-09-07,PE,Marketplace,4,1,442.41,0.1035,144.85,Concluído
688,1239,432,6,2025-11-25,CE,Site Próprio,1,1,56.27,0.0601,52.6,Cancelado
1906,3500,374,38,2025-01-14,SP,Aplicativo,1,1,95.07,0.1779,48.05,Concluído
2113,3894,546,11,2025-11-09,SP,Site Próprio,5,1,209.09,0.2301,139.55,Concluído
1752,3195,283,25,2025-03-24,PR,Site Próprio,5,2,35.91,0.0764,16.13,Concluído
834,1514,474,48,2025-10-26,RS,Site Próprio,3,1,199.61,0.0667,66.62,Cancelado
1217,2197,3,36,2025-09-19,PE,Marketplace,5,1,111.87,0.0536,66.1,Concluído
1831,3350,430,32,2025-12-14,PR,Site Próprio,6,1,211.46,0.0604,130.06,Concluído
2428,4473,453,23,2024-10-23,SP,Aplicativo,4,1,76.98,,43.89,Concluído
594,1069,219,51,2024-07-21,GO,Site Próprio,6,1,321.01,0.0895,201.19,Concluído
1217,2196,3,6,2025-09-19,PE,Marketplace,5,1,68.37,0.0419,52.6,Concluído
2604,4793,19,1,2025-12-19,SP,Marketplace,2,1,172.33,0.3189,91.78,Concluído
37,77,10,36,2024-04-10,PE,Site Próprio,5,1,92.07,0.1025,66.1,Concluído
282,517,411,29,2025-04-27,RJ,Site Próprio,5,1,91.08,0.1121,78.75,Concluído
1381,2501,91,12,2025-07-21,SP,Site Próprio,3,2,396.16,0.2198,209.52,Concluído
1001,1800,634,27,2025-11-08,RS,Site Próprio,1,1,167.97,0.0883,88.49,Concluído
1843,3378,389,46,2025-09-12,SP,Marketplace,3,2,181.19,0.184,81.26,Concluído
2145,3945,607,12,2024-08-23,RJ,Site Próprio,6,2,559.29,0.1425,209.52,Concluído
2554,4703,631,3,2024-08-24,SP,Marketplace,4,1,52.16,0.2222,26.91,Concluído
2563,4722,121,5,2025-04-05,SP,Site Próprio,3,1,259.51,0.189,185.65,Concluído
101,193,540,47,2025-09-14,PR,Site Próprio,2,1,133.06,0.0328,89.54,Concluído
1550,2807,346,3,2025-07-24,SP,Marketplace,4,1,69.55,0.236,26.91,Cancelado
573,1039,438,35,2024-07-06,MG,Marketplace,1,1,161.25,0.0929,79.44,Concluído
1210,2179,519,17,2025-09-08,RJ,Aplicativo,3,1,175.37,0.2095,127.08,Concluído
1086,1960,500,45,2025-05-23,MG,Site Próprio,6,1,65.63,0.077,39.57,Concluído
2397,4412,26,50,2025-12-16,SP,Site Próprio,3,1,211.9,0.2387,118.05,Concluído
2129,3921,476,6,2024-05-07,AM,Site Próprio,4,2,64.57,0.0447,52.6,Concluído
725,1304,361,25,2025-08-01,SP,Site Próprio,2,3,41.03,0.2015,16.13,Concluído
345,627,237,29,2025-09-11,SP,Site Próprio,3,1,128.58,0.1766,78.75,Concluído
1590,2887,411,8,2025-08-12,RJ,Site Próprio,5,1,53.48,0.1344,43.6,Concluído
1988,3656,336,47,2024-12-23,SP,Site Próprio,2,1,209.56,0.2269,89.54,Cancelado
608,1100,34,50,2025-05-14,MG,Aplicativo,2,2,127.07,0.0782,118.05,Cancelado
2384,4389,257,9,2025-10-06,MG,Site Próprio,2,2,227.79,0.0323,108.49,Concluído
1056,1909,117,40,2025-12-23,PE,Marketplace,3,1,98.53,0.0649,53.25,Concluído
2274,4193,136,40,2025-05-22,SP,Marketplace,3,1,115.67,0.2225,53.25,Concluído
1391,2519,197,52,2025-06-26,MG,Marketplace,2,1,309.94,0.0949,115.34,Concluído
1815,3320,381,34,2025-04-06,PR,Marketplace,4,1,78.34,0.0567,37.12,Concluído
1057,1911,60,14,2025-12-06,CE,Site Próprio,2,2,192.33,0.0562,105.23,Concluído
1218,2199,365,3,2025-04-20,RJ,Site Próprio,2,1,49.26,0.1068,26.91,Concluído
2337,4312,35,46,2025-09-08,AM,Marketplace,3,1,133.92,0.0912,81.26,Concluído
1644,2986,189,51,2024-11-25,SC,Marketplace,4,1,361.14,0.1045,201.19,Concluído
2591,4770,405,30,2024-06-07,SP,Marketplace,6,2,379.13,0.2337,145.7,Concluído
162,310,473,16,2024-12-10,SP,Site Próprio,1,2,173.79,0.2327,150.82,Concluído
778,1413,394,35,2025-09-03,SP,Site Próprio,6,1,130.54,0.2153,79.44,Concluído
429,776,128,12,2024-12-04,MT,Site Próprio,4,1,345.24,0.0516,209.52,Concluído
262,485,359,6,2025-11-16,SP,Site Próprio,6,1,56.27,0.1821,52.6,Concluído
2431,4477,147,50,2025-05-27,SP,Aplicativo,2,2,171.54,0.1763,118.05,Concluído
199,368,556,14,2024-10-03,RS,Marketplace,1,3,183.17,0.0761,105.23,Concluído
313,571,599,27,2024-11-12,SC,Aplicativo,4,2,193.17,0.0712,88.49,Concluído
1583,2870,214,44,2025-01-27,PR,Site Próprio,6,1,259.36,0.0583,119.7,Concluído
361,650,78,42,2024-09-21,AM,Site Próprio,2,2,60.49,0.0534,37.56,Concluído
1487,2707,457,17,2024-12-13,SP,Marketplace,6,1,216.64,0.3336,127.08,Concluído
241,442,71,4,2025-11-02,SP,Marketplace,6,1,171.04,0.1679,160.15,Concluído
879,1594,157,6,2024-07-24,SC,Aplicativo,4,1,64.57,0.1036,52.6,Concluído
1252,2264,376,1,2025-11-16,SP,Site Próprio,3,1,121.57,0.3254,91.78,Concluído
494,897,540,8,2025-12-05,PR,Site Próprio,3,2,56.63,0.0692,43.6,Concluído
1967,3614,252,8,2024-12-07,RS,Marketplace,4,1,56.63,0.0331,43.6,Concluído
848,1542,273,13,2025-11-01,SP,Marketplace,4,1,99.24,0.2037,77.45,Concluído
774,1405,409,23,2025-06-01,SP,Aplicativo,2,1,76.98,0.2742,43.89,Concluído
1863,3414,447,5,2025-12-17,RJ,Marketplace,4,2,233.56,0.0738,185.65,Concluído
1506,2733,445,8,2025-07-21,RJ,Marketplace,6,2,53.48,0.1219,43.6,Concluído
2224,4097,431,50,2025-11-25,PR,Site Próprio,5,3,181.63,0.0606,118.05,Concluído
1927,3533,356,14,2025-10-12,RJ,Site Próprio,5,2,183.17,0.1104,105.23,Concluído
2606,4797,160,49,2024-11-19,MG,Marketplace,2,1,106.25,0.0304,73.39,Concluído
1127,2032,441,52,2025-06-17,RJ,Marketplace,5,1,200.89,0.1134,115.34,Concluído
522,946,569,5,2024-12-17,MG,Marketplace,4,3,298.44,0.0618,185.65,Concluído
934,1690,11,32,2024-02-22,SP,Site Próprio,2,1,231.1,,130.06,Concluído
2227,4102,356,11,2025-03-04,RJ,Site Próprio,3,1,245.98,0.1327,139.55,Concluído
35,73,2,6,2024-11-12,RS,Marketplace,3,2,56.27,0.0473,52.6,Concluído
2180,4020,24,8,2024-11-04,DF,Marketplace,5,1,62.92,0.0261,43.6,Concluído
550,995,227,32,2025-09-06,SP,Marketplace,6,1,201.39,0.1715,130.06,Concluído
421,763,641,47,2025-07-14,BA,Site Próprio,6,1,125.66,0.0975,89.54,Concluído
1189,2138,579,43,2025-05-02,SP,Marketplace,3,1,392.82,0.1865,182.69,Concluído
89,174,349,37,2025-06-06,SP,Site Próprio,3,1,71.0,0.2333,61.9,Concluído
1147,2066,365,29,2025-12-25,RJ,Aplicativo,3,1,91.08,0.0965,78.75,Cancelado
961,1735,532,49,2025-10-18,SP,Marketplace,5,1,106.25,0.1916,73.39,Cancelado
2458,4529,555,5,2025-11-19,SP,Aplicativo,2,3,259.51,0.2225,185.65,Concluído
2016,3713,119,1,2025-12-10,CE,Site Próprio,4,1,139.5,0.2274,91.78,Concluído
1482,2701,370,23,2025-05-03,RJ,Site Próprio,6,1,69.28,0.1988,43.89,Concluído
1297,2352,386,38,2024-08-20,RJ,Site Próprio,1,1,105.64,0.1076,48.05,Concluído
986,1776,352,49,2024-05-23,SP,Marketplace,6,2,131.25,0.2343,73.39,Concluído
2337,4310,35,13,2025-09-08,AM,Marketplace,3,1,113.88,0.0734,77.45,Concluído
465,839,352,49,2025-07-12,SP,Site Próprio,6,1,131.25,0.2316,73.39,Concluído
479,865,474,49,2025-12-13,RS,Site Próprio,3,2,125.0,0.0466,73.39,Concluído
1898,3479,292,7,2025-04-16,SP,Site Próprio,4,3,160.19,0.1786,103.55,Concluído
1779,3252,304,15,2025-12-03,SP,Site Próprio,5,1,30.32,0.23,22.05,Concluído
1053,1904,603,47,2025-11-01,RS,Aplicativo,3,1,169.65,,89.54,Concluído
157,299,339,28,2025-03-24,SP,Marketplace,3,1,194.57,0.2102,142.78,Concluído
200,372,206,14,2025-05-21,BA,Marketplace,1,1,115.33,0.0857,105.23,Cancelado
1051,1900,357,49,2025-03-24,SP,Marketplace,5,1,143.75,0.2272,73.39,Concluído
718,1294,55,5,2025-04-08,SC,Site Próprio,2,2,192.23,0.0756,185.65,Concluído
140,267,70,17,2025-06-17,MS,Site Próprio,6,1,183.4,0.1649,127.08,Concluído
1666,3026,253,30,2025-03-09,RJ,Aplicativo,6,1,268.55,0.1356,145.7,Concluído
992,1785,301,23,2025-08-01,RS,Marketplace,4,1,92.37,0.2256,43.89,Concluído
569,1030,73,13,2025-08-16,SP,Marketplace,5,3,160.77,0.1863,77.45,Concluído
284,520,489,17,2025-05-20,MT,Marketplace,1,2,129.91,0.2047,127.08,Concluído
1385,2510,30,13,2025-09-16,RJ,Marketplace,2,2,154.07,0.1132,77.45,Concluído
1351,2447,337,32,2025-10-03,MG,Marketplace,6,1,231.1,0.0485,130.06,Cancelado
1406,2555,271,5,2025-12-27,RJ,Site Próprio,4,1,259.51,0.1239,185.65,Concluído
1060,1915,431,53,2025-09-07,PR,Site Próprio,1,1,286.62,0.0711,152.79,Concluído
1484,2704,269,27,2025-12-19,RJ,Aplicativo,4,2,192.75,,88.49,Concluído
1903,3493,196,27,2025-06-27,SP,Marketplace,5,1,272.11,,88.49,Concluído
885,1610,229,6,2025-12-10,MS,Marketplace,2,1,64.57,0.1043,52.6,Concluído
1491,2712,190,44,2024-12-15,SP,Site Próprio,1,1,236.81,0.2025,119.7,Concluído
1653,3003,578,40,2025-12-07,SP,Marketplace,3,3,104.1,0.1718,53.25,Concluído
214,396,355,44,2024-03-04,SP,Marketplace,4,2,202.98,0.1611,119.7,Concluído
46,95,523,17,2024-11-10,SP,Site Próprio,3,1,152.83,0.2639,127.08,Concluído
1387,2512,463,1,2025-10-04,RJ,Marketplace,3,1,172.33,0.1734,91.78,Concluído
2336,4306,464,1,2025-05-14,SP,Marketplace,5,1,164.12,0.3492,91.78,Cancelado
993,1786,558,2,2024-05-25,PA,Marketplace,5,1,358.37,0.0582,137.72,Concluído
1099,1984,461,37,2025-09-25,MG,Site Próprio,4,2,111.83,0.0465,61.9,Concluído
1074,1937,379,36,2025-11-24,PR,Marketplace,2,1,130.51,,66.1,Concluído
2077,3821,395,5,2025-05-19,RJ,Marketplace,4,1,311.41,,185.65,Concluído
1473,2682,252,14,2025-12-10,RS,Marketplace,6,2,164.85,0.044,105.23,Concluído
1672,3038,494,1,2025-11-10,MA,Marketplace,4,2,188.74,,91.78,Concluído
2566,4728,280,5,2025-12-19,GO,Site Próprio,1,1,220.58,0.0739,185.65,Concluído
1650,2996,368,49,2024-08-21,SP,Marketplace,4,3,131.25,0.2136,73.39,Concluído
1520,2756,343,5,2025-06-05,ES,Marketplace,3,1,272.49,0.0513,185.65,Concluído
1668,3031,151,5,2025-12-24,PR,Aplicativo,2,1,220.58,0.1027,185.65,Concluído
488,882,622,36,2024-12-17,ES,Aplicativo,2,1,78.26,0.0435,66.1,Concluído
789,1432,255,16,2025-06-25,RJ,Marketplace,4,3,331.23,0.1111,150.82,Concluído
1585,2874,159,28,2025-03-13,MG,Marketplace,2,1,223.27,0.0558,142.78,Concluído
2331,4298,502,53,2025-06-27,GO,Site Próprio,6,1,286.62,0.0392,152.79,Concluído
56,113,519,25,2025-11-08,RJ,Marketplace,6,1,21.53,0.1275,16.13,Concluído
1306,2366,291,42,2025-11-07,PE,Aplicativo,5,3,57.13,0.09,37.56,Concluído
733,1322,197,44,2025-05-23,MG,Site Próprio,3,3,200.47,0.1064,119.7,Concluído
1714,3122,20,5,2024-11-22,SP,Marketplace,1,2,272.49,0.2272,185.65,Concluído
523,948,312,21,2025-11-27,RS,Marketplace,2,1,126.96,0.0748,94.68,Concluído
2546,4688,110,42,2024-06-23,SP,Marketplace,4,1,57.13,0.2222,37.56,Concluído
876,1588,429,5,2025-11-10,RJ,Site Próprio,4,1,311.41,0.1145,185.65,Concluído
655,1178,3,1,2025-10-23,PE,Site Próprio,4,2,109.41,0.1869,91.78,Concluído
2293,4231,568,33,2024-11-09,BA,Aplicativo,6,2,230.81,0.105,122.16,Concluído
349,631,555,5,2025-06-11,SP,Site Próprio,2,1,259.51,0.1838,185.65,Concluído
1922,3523,73,1,2024-03-12,SP,Marketplace,6,1,196.94,0.2928,91.78,Cancelado
2406,4429,248,26,2025-07-12,SP,Site Próprio,2,1,292.23,0.1842,164.45,Concluído
1680,3051,552,30,2024-09-10,SP,Site Próprio,5,1,268.55,0.2056,145.7,Concluído
887,1615,70,29,2024-12-04,MS,Site Próprio,4,1,173.58,0.0402,78.75,Concluído
1725,3146,68,11,2024-11-09,RJ,Site Próprio,3,1,245.98,0.1006,139.55,Concluído
2631,4848,72,34,2024-07-27,SP,Site Próprio,5,1,96.77,0.1688,37.12,Concluído
1198,2157,395,43,2025-06-02,RJ,Site Próprio,4,1,471.39,0.1359,182.69,Concluído
967,1743,526,3,2025-05-05,SP,Site Próprio,3,1,69.55,0.2287,26.91,Concluído
1818,3327,420,44,2025-05-16,SP,Site Próprio,5,1,191.7,0.2343,119.7,Concluído
2007,3697,382,6,2025-11-25,SP,Site Próprio,6,2,56.27,0.1937,52.6,Concluído
1040,1878,336,36,2024-03-21,SP,Site Próprio,3,1,130.51,0.179,66.1,Concluído
2381,4380,587,31,2025-06-19,RS,Aplicativo,4,2,73.05,0.0794,39.52,Concluído
2121,3905,508,10,2025-12-07,SP,Site Próprio,5,1,274.31,0.1924,120.42,Concluído
2348,4328,478,16,2025-01-12,PR,Aplicativo,2,1,317.42,0.1008,150.82,Concluído
1201,2163,276,7,2024-05-21,SC,Marketplace,1,1,169.61,0.103,103.55,Concluído
1881,3449,278,1,2025-04-20,BA,Marketplace,3,1,172.33,0.1319,91.78,Concluído
1066,1924,364,5,2025-09-05,GO,Aplicativo,3,1,259.51,0.0837,185.65,Concluído
150,288,38,5,2025-06-25,BA,Site Próprio,3,3,272.49,0.0779,185.65,Concluído
1523,2763,222,1,2025-12-16,SP,Marketplace,2,3,147.71,0.3236,91.78,Concluído
2283,4210,495,25,2025-09-24,PE,Site Próprio,5,2,34.2,0.061,16.13,Concluído
1995,3671,329,45,2025-09-25,MG,Site Próprio,6,1,61.99,,39.57,Concluído
1309,2370,240,27,2025-12-18,SC,Aplicativo,4,1,226.76,0.0859,88.49,Concluído
2477,4565,58,45,2025-10-18,SP,Aplicativo,6,2,76.57,0.2329,39.57,Concluído
1665,3024,362,6,2025-12-14,BA,Site Próprio,3,1,91.16,0.0727,52.6,Concluído
613,1110,282,3,2025-11-02,CE,Marketplace,4,3,45.08,0.0626,26.91,Concluído
679,1225,361,17,2025-11-22,SP,Aplicativo,1,1,183.4,0.326,127.08,Concluído
2556,4706,135,4,2025-12-15,SP,Aplicativo,6,1,230.9,0.2203,160.15,Concluído
2333,4301,114,41,2024-11-13,PA,Marketplace,6,2,451.48,0.0826,180.53,Concluído
1794,3281,628,4,2024-12-09,CE,Site Próprio,4,1,271.65,0.1003,160.15,Concluído
287,526,176,53,2025-11-22,GO,Site Próprio,5,1,235.9,0.0645,152.79,Concluído
1970,3625,278,30,2025-04-04,BA,Site Próprio,4,1,331.74,0.0579,145.7,Concluído
2311,4259,360,17,2025-02-12,CE,Site Próprio,4,1,185.69,0.2228,127.08,Concluído
1571,2842,345,5,2025-10-20,MG,Marketplace,5,3,233.56,0.0774,185.65,Concluído
275,507,415,8,2024-11-12,SP,Site Próprio,3,1,39.62,0.2261,43.6,Concluído
2583,4756,161,31,2024-04-18,RJ,Site Próprio,4,1,68.99,0.1477,39.52,Cancelado
1145,2063,463,52,2025-11-25,RJ,Marketplace,5,1,271.2,0.0973,115.34,Concluído
679,1224,361,40,2025-11-22,SP,Aplicativo,1,1,102.82,0.1998,53.25,Concluído
1349,2445,527,18,2025-08-06,SP,Aplicativo,6,2,583.5,0.2038,173.9,Concluído
1462,2662,402,21,2025-03-18,RS,Site Próprio,3,1,171.4,0.0748,94.68,Cancelado
938,1696,599,8,2025-10-07,SC,Site Próprio,3,2,72.36,0.1029,43.6,Concluído
800,1450,302,3,2024-11-18,BA,Marketplace,3,1,52.16,0.0803,26.91,Concluído
895,1627,190,9,2025-06-10,SP,Site Próprio,1,1,239.17,0.1623,108.49,Concluído
703,1265,550,36,2025-02-26,PR,Marketplace,2,1,78.26,0.0562,66.1,Concluído
2326,4286,44,23,2025-05-22,SP,Marketplace,2,1,76.98,0.2805,43.89,Concluído
487,878,466,35,2024-06-02,SP,Site Próprio,5,1,130.54,0.1751,79.44,Concluído
1968,3616,550,8,2024-12-14,PR,Site Próprio,5,1,53.48,0.0735,43.6,Concluído
1414,2574,134,12,2024-07-16,SC,Site Próprio,5,1,466.07,0.1083,209.52,Concluído
7,14,635,35,2024-05-19,MG,Site Próprio,6,3,119.45,0.0797,79.44,Concluído
260,482,330,44,2025-11-15,BA,Marketplace,4,1,167.06,0.0977,119.7,Concluído
1789,3270,289,6,2025-03-14,MS,Site Próprio,5,2,87.36,,52.6,Concluído
2196,4048,221,22,2025-05-23,SP,Marketplace,2,2,252.98,0.2057,88.13,Concluído
1598,2902,197,12,2025-11-07,MG,Marketplace,2,1,559.29,0.0476,209.52,Concluído
1338,2425,159,15,2025-06-04,MG,Marketplace,2,1,40.93,0.0693,22.05,Concluído
2002,3687,582,46,2025-11-06,BA,Aplicativo,6,3,133.92,0.0564,81.26,Concluído
1838,3365,380,30,2025-10-13,SP,Aplicativo,4,1,268.55,0.1769,145.7,Concluído
2139,3937,552,14,2025-12-06,SP,Marketplace,5,3,155.69,0.2355,105.23,Concluído
475,858,495,34,2024-07-19,PE,Site Próprio,5,1,68.27,0.0537,37.12,Concluído
1405,2552,311,52,2025-02-10,SP,Marketplace,6,1,297.02,0.2165,115.34,Concluído
23,47,154,6,2025-02-12,BA,Marketplace,6,1,59.08,0.0885,52.6,Concluído
1278,2315,508,47,2025-08-18,SP,Marketplace,2,1,229.52,,89.54,Concluído
1778,3251,514,6,2024-10-25,MS,Marketplace,3,1,75.96,0.0368,52.6,Concluído
1315,2386,250,14,2025-07-15,PE,Marketplace,4,1,164.85,0.0875,105.23,Concluído
496,900,332,5,2025-10-24,PR,Site Próprio,1,1,201.84,0.045,185.65,Concluído
565,1023,210,36,2025-12-27,MG,Marketplace,1,2,111.87,0.0872,66.1,Concluído
122,233,188,12,2024-11-12,ES,Site Próprio,4,1,293.45,0.0944,209.52,Concluído
521,942,70,49,2025-08-18,MS,Marketplace,4,1,150.0,0.0612,73.39,Concluído
2458,4528,555,40,2025-11-19,SP,Aplicativo,2,1,115.67,0.1877,53.25,Concluído
2493,4595,406,6,2024-03-15,SP,Site Próprio,1,1,91.16,0.2365,52.6,Concluído
2571,4734,87,44,2025-08-10,SP,Site Próprio,1,2,225.53,0.2363,119.7,Concluído
1838,3364,380,2,2025-10-13,SP,Aplicativo,4,1,304.62,0.1696,137.72,Concluído
1541,2791,465,29,2025-11-27,RS,Aplicativo,6,1,151.89,0.0814,78.75,Concluído
2075,3816,77,23,2025-02-24,SP,Site Próprio,5,2,80.83,0.3318,43.89,Concluído
1229,2222,134,10,2024-10-18,SC,Marketplace,2,1,176.69,0.1016,120.42,Concluído
650,1166,635,7,2025-07-11,MG,Marketplace,5,2,197.88,0.0793,103.55,Concluído
108,205,479,36,2025-10-21,SP,Site Próprio,1,1,96.67,0.2067,66.1,Concluído
2298,4238,601,21,2024-12-23,BA,Site Próprio,3,1,145.69,0.0751,94.68,Concluído
2558,4714,620,4,2024-06-17,SP,Site Próprio,1,1,325.98,0.1633,160.15,Concluído
2338,4313,583,46,2025-12-26,SP,Marketplace,4,1,181.19,0.2029,81.26,Concluído
648,1163,184,36,2025-10-15,SP,Site Próprio,3,1,130.51,0.1795,66.1,Concluído
882,1601,530,49,2025-05-13,SP,Site Próprio,2,1,78.7,0.1834,73.39,Concluído
43,87,356,47,2025-09-14,RJ,Site Próprio,5,1,147.84,0.1496,89.54,Concluído
1037,1870,104,12,2024-07-10,SP,Marketplace,3,1,535.99,0.2011,209.52,Concluído
2125,3912,441,22,2024-04-20,RJ,Marketplace,5,2,252.98,0.1252,88.13,Concluído
1994,3669,465,11,2024-08-04,RS,Site Próprio,6,1,258.28,0.1038,139.55,Concluído
1678,3048,301,48,2025-07-10,RS,Marketplace,3,1,239.53,0.1067,66.62,Concluído
342,622,97,38,2024-05-02,SC,Site Próprio,3,1,95.07,0.0756,48.05,Concluído
1766,3228,522,42,2025-11-06,SP,Marketplace,6,2,57.13,0.2122,37.56,Concluído
2421,4461,249,29,2025-08-22,MG,Site Próprio,3,1,130.19,0.0874,78.75,Concluído
1784,3262,230,4,2025-11-26,SP,Marketplace,6,1,312.39,0.1767,160.15,Concluído
197,365,403,46,2024-12-02,SP,Marketplace,1,1,122.55,0.2395,81.26,Concluído
1497,2723,317,14,2025-12-07,SC,Site Próprio,2,1,192.33,0.068,105.23,Concluído
2599,4785,481,47,2025-09-16,DF,Marketplace,4,3,169.65,0.0959,89.54,Concluído
717,1293,241,33,2024-03-22,SP,Marketplace,3,1,196.19,0.2205,122.16,Concluído
1549,2805,427,52,2025-08-27,PR,Site Próprio,3,1,219.54,0.0738,115.34,Concluído
2012,3704,202,48,2024-11-07,SP,Site Próprio,4,1,209.59,0.2088,66.62,Concluído
1882,3450,174,9,2025-01-15,MS,Site Próprio,4,3,273.34,0.0909,108.49,Concluído
2028,3736,413,22,2025-06-20,PE,Site Próprio,4,2,216.84,0.0654,88.13,Concluído
573,1037,438,22,2024-07-06,MG,Marketplace,1,1,252.98,0.0476,88.13,Concluído
912,1654,219,49,2024-12-16,GO,Site Próprio,1,3,150.0,0.034,73.39,Concluído
1582,2867,561,36,2025-08-19,SP,Marketplace,6,2,82.86,0.2248,66.1,Cancelado
1505,2732,529,53,2025-07-05,SP,Site Próprio,1,1,286.62,0.204,152.79,Concluído
1702,3097,517,17,2025-03-09,SP,Site Próprio,5,1,206.32,0.2814,127.08,Concluído
117,221,427,8,2025-10-13,PR,Site Próprio,4,1,39.62,,43.6,Concluído
1324,2402,463,6,2024-11-27,RJ,Aplicativo,3,1,79.76,0.0911,52.6,Concluído
2213,4080,391,5,2025-05-08,RJ,Site Próprio,2,1,259.51,0.1326,185.65,Cancelado
1992,3665,24,29,2025-05-14,DF,Site Próprio,4,1,144.65,0.0252,78.75,Cancelado
1573,2846,77,13,2025-11-03,SP,Marketplace,5,1,140.67,0.2268,77.45,Concluído
1543,2793,551,17,2025-02-20,SP,Site Próprio,6,1,206.32,0.2783,127.08,Concluído
1112,2008,220,38,2024-11-15,RS,Marketplace,3,1,95.07,0.1033,48.05,Concluído
1203,2166,230,22,2025-12-19,SP,Marketplace,4,1,277.07,0.1974,88.13,Concluído
20,40,142,1,2025-02-16,RJ,Aplicativo,3,3,109.41,0.1827,91.78,Concluído
663,1193,476,41,2025-12-22,AM,Site Próprio,3,2,333.7,0.0579,180.53,Cancelado
1454,2651,222,43,2024-12-16,SP,Marketplace,2,1,353.54,0.2166,182.69,Cancelado
1771,3238,46,5,2025-06-26,SP,Site Próprio,2,1,259.51,0.219,185.65,Concluído
310,564,526,11,2025-09-02,SP,Marketplace,1,1,295.18,0.1828,139.55,Cancelado
1401,2539,538,51,2024-06-03,RJ,Marketplace,6,1,379.2,0.1109,201.19,Concluído
1827,3343,401,13,2025-10-27,RS,Site Próprio,5,2,160.77,0.0619,77.45,Cancelado
1911,3510,91,5,2024-07-23,SP,Site Próprio,5,2,220.58,0.1983,185.65,Concluído
2391,4404,343,3,2024-09-01,ES,Marketplace,1,1,60.85,0.1095,26.91,Concluído
285,523,133,22,2025-08-12,RJ,Site Próprio,5,1,151.7,0.0747,88.13,Concluído
2056,3786,488,49,2025-09-18,RJ,Site Próprio,3,1,106.25,0.1003,73.39,Concluído
1850,3390,350,45,2025-01-02,PR,Site Próprio,1,1,65.63,0.0421,39.57,Concluído
1587,2878,401,24,2024-07-23,RS,Site Próprio,2,1,545.34,0.0677,217.31,Concluído
1231,2226,107,39,2025-11-23,MG,Marketplace,2,2,598.55,0.0512,144.85,Concluído
1249,2260,636,1,2025-04-01,SP,Site Próprio,3,1,172.33,0.3061,91.78,Concluído
1504,2731,79,30,2024-07-02,BA,Marketplace,4,1,284.35,0.0402,145.7,Concluído
1514,2748,181,6,2024-12-21,RJ,Site Próprio,5,3,56.27,0.0862,52.6,Concluído
1969,3620,245,36,2025-05-14,CE,Site Próprio,4,1,130.51,,66.1,Concluído
1919,3520,32,5,2024-07-07,CE,Site Próprio,1,1,233.56,0.0733,185.65,Concluído
1517,2753,613,47,2025-12-15,PR,Site Próprio,5,1,229.52,0.0439,89.54,Concluído
1672,3037,494,9,2025-11-10,MA,Marketplace,4,1,261.95,0.0555,108.49,Concluído
1395,2527,298,13,2025-12-20,CE,Marketplace,3,2,133.97,0.0414,77.45,Concluído
1755,3201,351,5,2024-06-23,MA,Site Próprio,1,1,233.56,0.1098,185.65,Concluído
317,577,607,20,2025-11-15,RJ,Site Próprio,6,1,83.71,0.0792,55.18,Concluído
909,1651,214,49,2024-11-27,PR,Site Próprio,3,1,143.75,0.0464,73.39,Concluído
1762,3216,429,39,2024-12-10,RJ,Aplicativo,6,3,624.57,0.1362,144.85,Concluído
1086,1961,500,30,2025-05-23,MG,Site Próprio,6,1,284.35,0.0873,145.7,Concluído
2485,4581,571,30,2024-11-02,SC,Marketplace,2,1,331.74,0.0581,145.7,Concluído
304,552,542,23,2024-08-24,RJ,Marketplace,1,2,57.02,0.235,43.89,Concluído
900,1636,147,5,2025-09-26,SP,Marketplace,6,2,220.58,0.1873,185.65,Cancelado
708,1275,114,33,2025-02-13,PA,Marketplace,4,1,265.43,0.0342,122.16,Concluído
1012,1817,139,40,2024-11-17,RS,Marketplace,2,1,138.8,0.0429,53.25,Concluído
417,756,623,27,2025-04-19,SP,Marketplace,2,1,176.37,0.182,88.49,Concluído
1445,2635,450,23,2024-11-01,MG,Marketplace,3,1,76.98,0.1969,43.89,Concluído
737,1328,286,15,2025-11-21,PR,Marketplace,6,1,41.02,0.0308,22.05,Concluído
354,640,562,5,2025-11-05,RJ,Site Próprio,6,1,192.23,0.0972,185.65,Concluído
2255,4156,12,47,2025-12-07,DF,Site Próprio,6,1,199.58,0.0481,89.54,Concluído
22,44,252,8,2024-05-17,RS,Site Próprio,2,2,41.95,0.0867,43.6,Concluído
4,8,159,29,2024-11-26,MG,Site Próprio,4,2,91.08,0.0503,78.75,Concluído
260,481,330,15,2025-11-15,BA,Marketplace,4,1,35.67,0.0678,22.05,Concluído
2433,4483,499,49,2025-12-02,SP,Site Próprio,1,1,106.25,0.2241,73.39,Concluído
256,472,190,16,2025-10-05,SP,Aplicativo,4,2,289.82,0.1611,150.82,Concluído
228,422,472,31,2025-12-11,SC,Marketplace,5,1,72.14,0.1086,39.52,Concluído
1946,3560,335,33,2025-12-06,SP,Site Próprio,5,2,207.73,0.1789,122.16,Concluído
1877,3442,128,33,2024-11-14,MT,Marketplace,2,1,230.81,0.0549,122.16,Concluído
1950,3567,635,47,2025-01-19,MG,Site Próprio,3,1,209.56,0.0553,89.54,Concluído
363,655,469,5,2025-05-07,SP,Site Próprio,5,1,201.84,0.2165,185.65,Concluído
2207,4070,467,53,2025-12-19,RJ,Marketplace,4,1,334.39,0.1026,152.79,Concluído
2378,4374,50,48,2025-11-18,MG,Marketplace,2,2,179.65,0.0985,66.62,Concluído
1639,2977,404,6,2025-11-03,SP,Site Próprio,3,2,64.57,0.2001,52.6,Concluído
252,465,250,8,2024-12-06,PE,Site Próprio,5,1,41.95,0.0565,43.6,Concluído
1595,2897,255,36,2025-10-06,RJ,Site Próprio,4,1,149.15,0.0832,66.1,Concluído
935,1692,252,23,2025-11-26,RS,Marketplace,4,1,69.28,0.2184,43.89,Concluído
571,1034,12,31,2024-06-21,DF,Site Próprio,3,1,60.12,0.08,39.52,Concluído
390,698,98,5,2025-11-07,BA,Site Próprio,1,1,192.23,0.1049,185.65,Concluído
1234,2231,132,51,2025-08-03,MG,Aplicativo,6,3,361.14,0.1005,201.19,Concluído
2616,4817,569,6,2025-09-06,MG,Marketplace,2,1,87.36,0.0663,52.6,Concluído
32,66,178,46,2025-10-11,SP,Site Próprio,3,1,105.04,0.2352,81.26,Concluído
1889,3463,620,16,2024-11-16,SP,Marketplace,2,2,331.23,0.1821,150.82,Concluído
1521,2758,475,3,2025-11-11,RJ,Site Próprio,6,1,57.96,0.1198,26.91,Concluído
1371,2481,447,21,2025-04-18,RJ,Site Próprio,4,2,154.26,0.0893,94.68,Concluído
789,1433,255,52,2025-06-25,RJ,Marketplace,4,1,309.94,0.1304,115.34,Concluído
2502,4615,30,16,2024-03-16,RJ,Aplicativo,2,2,317.42,0.1404,150.82,Concluído
1771,3237,46,6,2025-06-26,SP,Site Próprio,2,2,75.96,0.1858,52.6,Concluído
2110,3888,133,31,2025-11-18,RJ,Site Próprio,5,2,68.99,0.09,39.52,Concluído
1163,2093,303,17,2024-05-14,SC,Marketplace,3,1,175.37,0.143,127.08,Concluído
1593,2894,609,45,2025-06-14,RJ,Site Próprio,1,1,61.99,0.1139,39.57,Concluído
550,996,227,53,2025-09-06,SP,Marketplace,6,2,235.9,0.2345,152.79,Concluído
1309,2372,240,47,2025-12-18,SC,Aplicativo,4,1,199.58,0.0491,89.54,Concluído
2496,4601,70,7,2025-12-25,MS,Site Próprio,6,1,226.15,0.0535,103.55,Concluído
1622,2949,107,1,2025-02-22,MG,Site Próprio,1,1,188.74,0.1791,91.78,Concluído
2270,4186,618,8,2025-08-26,SP,Site Próprio,3,1,53.48,0.1667,43.6,Cancelado
990,1781,189,53,2025-11-09,SC,Marketplace,3,1,318.47,0.0319,152.79,Concluído
1172,2110,479,25,2025-04-10,SP,Aplicativo,2,2,35.91,0.1666,16.13,Concluído
1522,2760,306,12,2025-12-03,AM,Marketplace,6,1,310.72,0.0516,209.52,Concluído
1750,3192,542,10,2024-07-20,RJ,Aplicativo,2,1,238.53,0.0874,120.42,Concluído
65,130,20,17,2025-08-15,SP,Site Próprio,1,1,216.64,0.3175,127.08,Concluído
1640,2979,526,6,2025-12-03,SP,Site Próprio,5,1,91.16,0.2073,52.6,Cancelado
1758,3206,582,45,2024-12-14,BA,Marketplace,4,1,61.99,0.0428,39.57,Concluído
471,850,548,17,2025-12-25,MT,Site Próprio,1,3,160.47,,127.08,Concluído
2586,4760,175,29,2024-06-09,SP,Site Próprio,3,2,122.95,0.1788,78.75,Concluído
1697,3087,47,36,2025-11-17,SP,Site Próprio,5,1,124.29,0.1703,66.1,Concluído
2163,3984,616,41,2025-07-21,SP,Aplicativo,4,1,412.22,0.1758,180.53,Concluído
1572,2845,539,46,2024-02-21,MT,Marketplace,4,3,165.44,0.0738,81.26,Concluído
1263,2286,418,24,2025-12-26,SP,Site Próprio,2,1,286.14,0.2122,217.31,Concluído
2560,4718,75,26,2024-09-12,PR,Site Próprio,2,1,343.8,0.0979,164.45,Concluído
1732,3159,511,5,2025-11-06,BA,Aplicativo,5,1,220.58,0.0302,185.65,Cancelado
1667,3028,401,36,2025-05-06,RS,Marketplace,1,1,149.15,0.037,66.1,Concluído
38,78,627,6,2025-08-25,SP,Site Próprio,5,1,47.83,0.2286,52.6,Concluído
2525,4656,131,16,2024-10-06,BA,Marketplace,4,1,276.02,0.0733,150.82,Concluído
1066,1923,364,23,2025-09-05,GO,Aplicativo,3,1,76.98,0.1994,43.89,Concluído
2019,3720,356,10,2024-05-21,RJ,Marketplace,6,1,238.53,0.0789,120.42,Concluído
1962,3598,10,8,2024-11-11,PE,Marketplace,5,1,62.92,,43.6,Concluído
1414,2571,134,44,2024-07-16,SC,Site Próprio,5,1,225.53,0.1073,119.7,Concluído
2541,4682,207,38,2024-05-15,SC,Aplicativo,6,2,110.92,0.0926,48.05,Concluído
1169,2103,47,13,2025-01-05,SP,Marketplace,4,3,133.97,0.2008,77.45,Concluído
1767,3229,313,2,2024-06-07,SP,Marketplace,2,1,304.62,0.2176,137.72,Concluído
2457,4527,394,1,2025-04-05,SP,Marketplace,1,1,139.5,0.3138,91.78,Cancelado
1902,3490,410,14,2025-07-12,BA,Marketplace,6,1,155.69,0.0389,105.23,Concluído
2227,4103,356,12,2025-03-04,RJ,Site Próprio,3,1,466.07,0.1375,209.52,Concluído
815,1482,648,39,2025-11-08,GO,Site Próprio,3,1,520.48,0.055,144.85,Concluído
2187,4030,428,16,2024-12-13,MS,Site Próprio,2,3,234.62,0.0826,150.82,Concluído
207,383,563,45,2025-07-18,SP,Site Próprio,5,1,45.92,0.165,39.57,Concluído
2623,4828,588,16,2024-11-04,PR,Marketplace,6,1,234.62,0.0556,150.82,Concluído
2329,4293,114,26,2025-12-15,PA,Site Próprio,2,2,395.38,0.0972,164.45,Concluído
2617,4818,251,45,2024-11-03,RJ,Marketplace,2,1,72.93,0.1068,39.57,Concluído
2550,4695,204,40,2024-08-24,SP,Site Próprio,6,2,121.45,0.1791,53.25,Concluído
2296,4236,54,6,2025-08-09,SP,Marketplace,3,2,64.57,0.2198,52.6,Concluído
307,559,287,46,2024-06-27,MG,Site Próprio,6,2,189.07,0.0391,81.26,Cancelado
464,836,66,23,2025-05-18,SP,Marketplace,2,1,57.02,0.2726,43.89,Concluído
14,30,294,8,2025-07-19,SP,Aplicativo,6,3,41.95,0.2177,43.6,Concluído
252,464,250,31,2024-12-06,PE,Site Próprio,5,1,54.11,0.1014,39.52,Concluído
1819,3330,419,43,2025-11-05,SP,Marketplace,2,1,392.82,0.2014,182.69,Concluído
507,917,2,38,2025-04-09,RS,Marketplace,6,1,105.64,0.0913,48.05,Concluído
1017,1826,234,52,2024-05-25,MG,Site Próprio,2,1,162.62,0.0409,115.34,Concluído
723,1300,139,44,2024-06-15,RS,Marketplace,2,1,270.64,0.1082,119.7,Cancelado
1923,3527,214,38,2025-08-27,PR,Site Próprio,2,1,121.48,0.0701,48.05,Concluído
1710,3112,315,6,2025-05-12,MS,Site Próprio,2,3,91.16,0.0726,52.6,Concluído
2254,4155,132,31,2024-05-26,MG,Marketplace,5,1,81.16,0.09,39.52,Concluído
283,519,631,36,2025-04-05,SP,Marketplace,2,1,82.86,0.2267,66.1,Concluído
1582,2869,561,3,2025-08-19,SP,Marketplace,6,2,38.64,0.202,26.91,Cancelado
1546,2797,585,45,2025-06-09,DF,Site Próprio,1,1,83.87,0.0712,39.57,Concluído
1038,1873,427,17,2025-12-12,PR,Site Próprio,6,1,175.37,0.1538,127.08,Concluído
1624,2951,440,41,2024-12-04,BA,Marketplace,5,1,412.22,0.1077,180.53,Concluído
328,596,342,47,2024-12-05,RS,Aplicativo,3,2,229.52,,89.54,Concluído
255,470,338,49,2025-12-06,RS,Site Próprio,2,2,106.48,0.0933,73.39,Concluído
1640,2980,526,13,2025-12-03,SP,Site Próprio,5,1,160.77,0.2123,77.45,Cancelado
1619,2943,65,35,2025-08-11,CE,Marketplace,4,2,153.58,0.101,79.44,Concluído
1937,3549,424,19,2025-12-17,RS,Site Próprio,5,1,609.54,0.0339,137.57,Concluído
1333,2416,631,10,2025-05-08,SP,Marketplace,5,1,214.68,0.2174,120.42,Concluído
1266,2294,203,47,2025-12-03,MG,Site Próprio,6,1,155.23,0.083,89.54,Concluído
856,1555,308,23,2025-06-22,BA,Site Próprio,4,1,65.43,,43.89,Concluído
47,98,322,13,2025-11-19,CE,Site Próprio,5,1,104.2,0.0492,77.45,Concluído
1993,3667,107,5,2024-11-24,MG,Marketplace,5,2,298.44,0.0844,185.65,Concluído
1224,2213,301,52,2024-07-09,RS,Site Próprio,6,1,309.94,0.0805,115.34,Concluído
1341,2430,336,26,2024-10-10,SP,Site Próprio,6,2,360.99,0.2091,164.45,Concluído
1241,2246,214,42,2024-10-11,PR,Site Próprio,6,1,77.3,0.1094,37.56,Concluído
1962,3597,10,51,2024-11-11,PE,Marketplace,5,1,361.14,0.0702,201.19,Concluído
1154,2077,311,39,2025-03-09,SP,Aplicativo,1,1,598.55,,144.85,Cancelado
245,448,223,5,2024-07-09,GO,Aplicativo,2,1,233.56,0.0826,185.65,Concluído
2157,3972,477,11,2025-11-10,RJ,Site Próprio,2,1,221.39,0.1196,139.55,Concluído
961,1734,532,52,2025-10-18,SP,Marketplace,5,1,219.54,0.1624,115.34,Cancelado
1051,1898,357,5,2025-03-24,SP,Marketplace,5,2,298.44,0.2329,185.65,Concluído
562,1018,595,10,2025-12-01,SP,Site Próprio,4,1,185.52,0.2313,120.42,Concluído
7,15,635,52,2024-05-19,MG,Site Próprio,6,1,200.89,0.0803,115.34,Concluído
2014,3710,546,50,2024-10-20,SP,Site Próprio,3,1,171.54,0.1905,118.05,Concluído
1662,3018,472,31,2024-10-21,SC,Site Próprio,6,3,97.39,0.1022,39.52,Concluído
2197,4049,382,8,2025-07-01,SP,Site Próprio,1,1,62.92,0.2267,43.6,Concluído
2464,4539,615,13,2025-11-09,SP,Aplicativo,2,2,160.77,0.168,77.45,Concluído
2395,4409,311,24,2025-06-13,SP,Marketplace,2,1,522.62,0.1955,217.31,Concluído
1184,2131,368,4,2024-04-02,SP,Site Próprio,3,1,211.28,0.2005,160.15,Concluído
2417,4450,453,49,2025-11-17,SP,Aplicativo,1,3,125.0,0.2384,73.39,Concluído
1527,2770,30,5,2025-06-14,RJ,Marketplace,2,2,298.44,,185.65,Concluído
2591,4769,405,12,2024-06-07,SP,Marketplace,6,2,559.29,0.211,209.52,Concluído
1685,3061,482,47,2024-02-01,SP,Site Próprio,4,1,179.63,0.239,89.54,Concluído
2369,4360,390,49,2025-01-20,SP,Site Próprio,2,1,131.25,0.2297,73.39,Concluído
149,287,385,5,2024-02-11,DF,Site Próprio,4,3,192.23,0.0273,185.65,Concluído
2177,4013,592,14,2024-11-14,MG,Site Próprio,6,2,183.17,0.0321,105.23,Concluído
1277,2313,221,6,2025-08-18,SP,Marketplace,1,1,59.08,,52.6,Cancelado
431,780,2,21,2025-02-03,RS,Site Próprio,3,1,171.4,0.0639,94.68,Concluído
2447,4508,500,14,2025-10-07,MG,Site Próprio,5,3,164.85,0.0569,105.23,Concluído
2601,4787,114,44,2024-10-19,PA,Site Próprio,4,2,259.36,0.0837,119.7,Concluído
1140,2053,187,20,2024-07-21,MS,Marketplace,3,1,59.3,0.0929,55.18,Concluído
232,429,224,6,2025-05-18,SC,Site Próprio,3,1,68.37,0.0346,52.6,Concluído
1695,3083,450,8,2025-01-25,MG,Marketplace,1,1,62.92,0.0925,43.6,Concluído
2139,3936,552,6,2025-12-06,SP,Marketplace,5,2,64.57,0.2313,52.6,Concluído
810,1468,216,49,2024-09-18,RJ,Marketplace,6,2,97.22,0.1024,73.39,Cancelado
2219,4089,559,31,2025-12-10,SC,Site Próprio,6,1,85.22,0.063,39.52,Concluído
2534,4670,607,40,2024-12-18,RJ,Site Próprio,4,1,138.8,0.095,53.25,Concluído
2381,4383,587,29,2025-06-19,RS,Aplicativo,4,1,130.19,0.0486,78.75,Concluído
2512,4634,96,12,2025-05-06,PE,Marketplace,5,2,535.99,0.0323,209.52,Concluído
187,351,315,17,2024-07-07,MS,Site Próprio,5,2,247.58,0.1525,127.08,Concluído
85,166,204,1,2024-11-16,SP,Site Próprio,5,1,127.65,0.2917,91.78,Concluído
2426,4469,582,8,2025-07-21,BA,Aplicativo,2,1,53.48,0.067,43.6,Concluído
367,661,124,46,2025-12-25,SP,Marketplace,2,2,189.07,0.1991,81.26,Concluído
1266,2296,203,16,2025-12-03,MG,Site Próprio,6,1,214.68,0.0343,150.82,Concluído
742,1340,582,26,2024-05-25,BA,Marketplace,5,1,216.47,0.0822,164.45,Concluído
1683,3055,487,14,2025-02-20,PR,Site Próprio,5,1,183.17,0.065,105.23,Concluído
1438,2619,323,13,2025-03-01,MG,Site Próprio,3,1,113.88,0.0534,77.45,Concluído
1222,2207,611,44,2025-07-26,SC,Site Próprio,2,3,175.41,0.0581,119.7,Concluído
207,384,563,6,2025-07-18,SP,Site Próprio,5,2,47.83,0.1849,52.6,Concluído
1600,2906,406,5,2025-11-11,SP,Marketplace,5,2,311.41,0.2043,185.65,Concluído
1226,2217,589,47,2025-12-11,SP,Site Próprio,2,1,209.56,0.232,89.54,Concluído
1214,2189,548,28,2024-04-16,MT,Site Próprio,3,1,275.8,0.0646,142.78,Concluído
252,466,250,36,2024-12-06,PE,Site Próprio,5,1,82.86,0.109,66.1,Concluído
628,1133,195,8,2024-10-15,SP,Marketplace,5,1,48.94,0.1855,43.6,Concluído
158,300,594,25,2025-05-22,RJ,Marketplace,5,1,21.53,0.1041,16.13,Concluído
1350,2446,605,52,2025-07-05,PE,Marketplace,5,1,219.54,0.083,115.34,Concluído
888,1616,130,6,2025-03-27,SP,Site Próprio,5,2,75.96,0.2149,52.6,Concluído
1925,3529,379,42,2024-04-21,PR,Site Próprio,2,2,70.58,0.0404,37.56,Cancelado
1279,2318,497,5,2025-06-06,PE,Site Próprio,6,1,272.49,0.1082,185.65,Concluído
2321,4278,89,27,2025-11-05,RJ,Marketplace,2,1,192.75,0.1376,88.49,Concluído
1685,3063,482,12,2024-02-01,SP,Site Próprio,4,1,419.47,0.1948,209.52,Concluído
1074,1938,379,23,2025-11-24,PR,Marketplace,2,1,80.83,,43.89,Concluído
2520,4650,240,5,2025-08-01,SC,Marketplace,2,1,259.51,0.0722,185.65,Concluído
2610,4804,554,21,2024-11-05,RS,Aplicativo,6,2,154.26,0.0573,94.68,Concluído
2374,4366,420,45,2024-11-17,SP,Marketplace,3,1,61.99,,39.57,Concluído
580,1049,255,42,2024-12-03,RJ,Marketplace,1,1,80.66,0.1384,37.56,Concluído
2327,4288,71,29,2025-05-20,SP,Site Próprio,1,1,122.95,0.1836,78.75,Concluído
2377,4370,145,35,2025-12-02,RS,Marketplace,3,1,130.54,0.07,79.44,Concluído
843,1529,129,8,2025-04-25,PR,Marketplace,6,1,62.92,0.0685,43.6,Concluído
25,53,321,52,2025-04-26,SP,Site Próprio,2,2,229.58,0.2059,115.34,Cancelado
469,847,175,7,2024-09-21,SP,Site Próprio,5,2,118.66,0.2051,103.55,Concluído
132,252,88,31,2024-05-14,BA,Site Próprio,5,1,63.13,0.0558,39.52,Concluído
2577,4747,193,39,2025-11-16,DF,Site Próprio,3,1,346.99,0.0433,144.85,Concluído
922,1669,375,34,2024-10-05,PR,Marketplace,3,2,68.27,0.1084,37.12,Concluído
448,807,428,17,2025-02-25,MS,Site Próprio,2,1,175.37,0.1583,127.08,Concluído
854,1553,494,49,2024-04-26,MA,Marketplace,2,1,143.75,0.0395,73.39,Concluído
15,32,393,5,2025-10-17,RS,Marketplace,5,1,163.4,,185.65,Concluído
399,716,383,8,2024-11-20,CE,Aplicativo,4,1,48.94,0.1064,43.6,Concluído
2075,3815,77,30,2025-02-24,SP,Site Próprio,5,1,331.74,0.1716,145.7,Concluído
1577,2855,645,21,2025-08-17,MS,Site Próprio,2,1,107.92,0.0912,94.68,Concluído
2522,4653,85,8,2024-11-05,MT,Site Próprio,2,1,72.36,0.0731,43.6,Concluído
2448,4509,553,15,2024-11-07,MS,Marketplace,2,1,40.93,0.0621,22.05,Concluído
2134,3931,345,47,2024-04-21,MG,Aplicativo,1,1,179.63,0.1081,89.54,Concluído
2245,4138,532,12,2025-09-02,SP,Site Próprio,5,1,396.16,0.2344,209.52,Concluído
2032,3745,322,17,2024-07-02,CE,Marketplace,3,1,216.64,0.1271,127.08,Concluído
577,1045,523,45,2024-08-14,SP,Site Próprio,1,1,72.93,0.2284,39.57,Cancelado
1286,2328,202,9,2025-08-16,SP,Site Próprio,4,1,239.17,0.2317,108.49,Concluído
1120,2021,319,6,2024-12-01,MG,Site Próprio,3,2,75.96,0.0934,52.6,Concluído
978,1760,286,32,2025-12-25,PR,Site Próprio,2,1,312.66,0.0937,130.06,Concluído
1192,2145,253,29,2024-03-08,RJ,Aplicativo,1,1,122.95,0.1191,78.75,Concluído
1375,2490,136,8,2024-08-26,SP,Site Próprio,5,3,62.92,0.2321,43.6,Concluído
1301,2357,44,9,2025-09-03,SP,Marketplace,5,1,168.73,0.1647,108.49,Concluído
2002,3686,582,5,2025-11-06,BA,Aplicativo,6,1,220.58,0.0726,185.65,Concluído
2329,4295,114,1,2025-12-15,PA,Site Próprio,2,2,188.74,0.1598,91.78,Concluído
1791,3276,495,26,2025-02-26,PE,Site Próprio,5,2,343.8,0.0716,164.45,Concluído
175,331,636,6,2024-12-22,SP,Marketplace,6,1,79.76,0.2257,52.6,Concluído
1766,3225,522,17,2025-11-06,SP,Marketplace,6,1,175.37,0.3193,127.08,Concluído
2369,4359,390,45,2025-01-20,SP,Site Próprio,2,3,76.57,0.221,39.57,Concluído
901,1639,401,8,2025-07-03,RS,Marketplace,5,1,75.51,,43.6,Concluído
835,1516,146,8,2024-07-14,DF,Site Próprio,6,2,56.63,0.0965,43.6,Concluído
477,862,533,23,2025-12-16,BA,Aplicativo,5,2,65.57,0.2201,43.89,Cancelado
2356,4343,475,5,2024-11-25,RJ,Site Próprio,6,1,259.51,0.1341,185.65,Concluído
2632,4852,137,21,2024-08-01,RJ,Site Próprio,6,2,205.68,0.1187,94.68,Concluído
666,1199,342,25,2024-10-15,RS,Marketplace,1,1,39.32,0.0791,16.13,Concluído
614,1112,452,43,2024-05-26,MT,Site Próprio,4,1,247.33,0.0454,182.69,Concluído
175,328,636,4,2024-12-22,SP,Marketplace,6,2,285.23,0.1698,160.15,Concluído
604,1089,177,25,2025-11-06,SP,Site Próprio,6,1,35.91,0.2035,16.13,Concluído
1998,3676,29,10,2025-11-04,SP,Site Próprio,1,2,150.19,0.2216,120.42,Concluído
1390,2516,315,12,2025-01-05,MS,Aplicativo,6,3,559.29,0.0838,209.52,Cancelado
3,4,20,24,2025-03-01,SP,Marketplace,4,2,353.46,0.1967,217.31,Concluído
1448,2643,173,29,2025-11-16,PA,Site Próprio,2,2,91.08,0.0946,78.75,Concluído
1694,3080,601,38,2025-07-03,BA,Marketplace,4,1,89.79,0.0674,48.05,Concluído
820,1491,603,6,2025-11-09,RS,Marketplace,5,3,47.83,0.0825,52.6,Cancelado
1356,2460,445,37,2025-05-03,RJ,Marketplace,3,1,90.53,0.1234,61.9,Concluído
2436,4489,486,9,2025-10-22,SP,Site Próprio,4,3,227.79,0.1865,108.49,Concluído
304,550,542,38,2024-08-24,RJ,Marketplace,1,1,78.25,0.1021,48.05,Concluído
306,557,459,5,2024-12-19,SP,Site Próprio,2,1,173.01,0.2347,185.65,Concluído
1220,2203,631,6,2025-11-15,SP,Aplicativo,3,1,68.37,0.1913,52.6,Concluído
1423,2590,634,9,2025-11-19,RS,Site Próprio,3,3,227.79,0.1071,108.49,Concluído
818,1486,298,47,2025-05-16,CE,Marketplace,2,1,199.58,0.1092,89.54,Concluído
1950,3568,635,38,2025-01-19,MG,Site Próprio,3,1,110.92,0.087,48.05,Concluído
138,265,593,51,2024-11-19,BA,Site Próprio,3,1,227.38,0.1045,201.19,Concluído
812,1472,68,10,2025-05-25,RJ,Site Próprio,1,1,238.53,0.0866,120.42,Concluído
686,1235,311,31,2024-05-01,SP,Site Próprio,2,1,93.34,0.1879,39.52,Concluído
643,1155,462,12,2024-02-04,MG,Aplicativo,1,2,396.16,0.0756,209.52,Concluído
772,1402,585,23,2025-12-02,DF,Site Próprio,3,1,88.52,0.1715,43.89,Concluído
1656,3010,337,5,2025-11-13,MG,Site Próprio,4,1,220.58,0.0713,185.65,Cancelado
508,919,350,35,2025-09-18,PR,Aplicativo,2,3,138.22,0.0734,79.44,Concluído
2480,4571,139,5,2024-06-10,RS,Site Próprio,5,1,311.41,0.0475,185.65,Concluído
590,1065,22,44,2025-02-10,SP,Marketplace,2,1,202.98,0.1675,119.7,Concluído
1295,2349,508,34,2024-07-14,SP,Site Próprio,4,1,105.99,0.198,37.12,Concluído
2251,4150,179,7,2025-04-24,SP,Marketplace,6,1,160.19,0.2005,103.55,Concluído
1965,3610,597,26,2024-03-07,SP,Site Próprio,3,1,309.42,0.2159,164.45,Concluído
1430,2602,538,46,2024-11-21,RJ,Site Próprio,4,1,165.44,0.1347,81.26,Concluído
833,1513,390,44,2024-12-09,SP,Marketplace,1,1,236.81,0.1727,119.7,Concluído
1015,1822,184,50,2025-11-10,SP,Marketplace,1,2,211.9,0.1984,118.05,Concluído
254,468,560,3,2024-01-06,SP,Site Próprio,1,1,38.64,0.1895,26.91,Concluído
185,345,569,17,2024-12-05,MG,Site Próprio,5,1,237.27,0.2116,127.08,Concluído
2591,4771,405,47,2024-06-07,SP,Marketplace,6,2,239.5,0.2088,89.54,Concluído
2140,3939,346,38,2024-12-24,SP,Site Próprio,6,2,126.77,0.1888,48.05,Cancelado
2209,4073,152,6,2024-08-26,RS,Aplicativo,2,1,64.57,0.0644,52.6,Concluído
2026,3733,42,9,2024-09-03,RJ,Marketplace,5,2,193.62,,108.49,Concluído
782,1418,226,4,2024-03-08,RJ,Site Próprio,2,2,181.1,0.0968,160.15,Concluído
334,608,468,51,2024-09-25,SP,Marketplace,3,2,227.38,0.2015,201.19,Concluído
2384,4390,257,3,2025-10-06,MG,Site Próprio,2,2,57.96,0.035,26.91,Concluído
799,1449,58,5,2025-10-03,SP,Marketplace,6,1,201.84,0.2382,185.65,Concluído
2613,4810,575,39,2024-09-27,CE,Marketplace,3,3,520.48,0.1076,144.85,Concluído
2039,3758,131,5,2025-09-05,BA,Site Próprio,5,1,259.51,0.0621,185.65,Concluído
1046,1889,460,17,2024-11-25,SP,Site Próprio,3,1,160.47,0.2759,127.08,Concluído
1944,3557,421,5,2024-06-10,ES,Marketplace,1,1,233.56,0.0965,185.65,Concluído
949,1710,493,14,2025-11-20,SP,Site Próprio,2,2,122.11,0.23,105.23,Concluído
2444,4504,12,50,2024-11-12,DF,Site Próprio,1,1,201.81,0.0722,118.05,Cancelado
1374,2488,540,29,2025-02-21,PR,Site Próprio,1,1,130.19,0.0626,78.75,Concluído
1123,2025,586,16,2025-11-05,RJ,Site Próprio,1,1,289.82,0.118,150.82,Concluído
1806,3301,531,7,2025-11-21,SP,Site Próprio,2,3,188.46,0.1964,103.55,Concluído
10,22,17,46,2025-11-01,PR,Marketplace,5,1,99.2,0.0805,81.26,Concluído
2382,4384,46,46,2024-11-02,SP,Aplicativo,1,2,157.56,0.1899,81.26,Concluído
2113,3896,546,33,2025-11-09,SP,Site Próprio,5,1,196.19,0.1962,122.16,Concluído
598,1080,15,41,2024-07-14,SP,Marketplace,5,1,247.19,0.1792,180.53,Cancelado
1340,2429,67,1,2025-10-04,MG,Site Próprio,6,1,188.74,0.1895,91.78,Concluído
2303,4247,41,3,2025-09-24,BA,Marketplace,6,1,69.55,0.1067,26.91,Concluído
1858,3404,90,5,2024-07-16,RJ,Site Próprio,1,1,311.41,0.0708,185.65,Concluído
1326,2404,310,49,2024-09-22,RS,Marketplace,2,2,78.7,0.1058,73.39,Concluído
2348,4329,478,7,2025-01-12,PR,Aplicativo,2,1,216.73,0.041,103.55,Concluído
2040,3760,472,13,2025-12-10,SC,Marketplace,5,1,160.77,0.0876,77.45,Concluído
2355,4341,552,6,2025-09-09,SP,Site Próprio,5,1,64.57,0.1967,52.6,Concluído
1400,2536,63,25,2025-01-06,RS,Site Próprio,6,1,34.2,0.0628,16.13,Concluído
1260,2278,271,14,2024-04-23,RJ,Marketplace,6,1,135.68,0.0902,105.23,Concluído
579,1048,408,43,2025-01-18,SP,Marketplace,6,1,353.54,0.237,182.69,Concluído
2566,4727,280,31,2025-12-19,GO,Site Próprio,1,1,68.99,0.0641,39.52,Concluído
1289,2335,491,49,2025-08-04,RJ,Site Próprio,5,1,97.22,0.1266,73.39,Concluído
1947,3562,203,25,2024-11-15,MG,Marketplace,1,1,35.91,0.0514,16.13,Concluído
1094,1978,219,3,2024-12-01,GO,Site Próprio,6,1,69.55,0.096,26.91,Concluído
1675,3044,336,13,2024-05-21,SP,Marketplace,4,3,140.67,0.2341,77.45,Cancelado
449,811,439,5,2025-07-12,RJ,Site Próprio,5,2,173.01,0.1137,185.65,Concluído
2300,4243,409,38,2024-10-08,SP,Site Próprio,2,1,105.64,0.2318,48.05,Concluído
1371,2480,447,5,2025-04-18,RJ,Site Próprio,4,1,233.56,0.1407,185.65,Concluído
2590,4766,579,45,2025-01-02,SP,Site Próprio,3,2,72.93,0.1911,39.57,Concluído
2231,4113,196,5,2024-08-19,SP,Site Próprio,5,1,311.41,0.2077,185.65,Concluído
2615,4816,471,1,2025-11-24,RJ,Marketplace,5,2,164.12,0.2386,91.78,Concluído
755,1369,253,46,2024-11-15,RJ,Site Próprio,5,1,99.2,0.1243,81.26,Concluído
1465,2669,32,5,2025-12-08,CE,Marketplace,4,2,233.56,0.0426,185.65,Concluído
1813,3314,416,38,2025-01-15,PR,Site Próprio,5,1,95.07,0.0862,48.05,Concluído
838,1521,40,21,2025-01-19,BA,Aplicativo,3,2,171.4,0.0953,94.68,Concluído
2471,4554,522,4,2025-09-20,SP,Site Próprio,3,1,230.9,0.1779,160.15,Concluído
518,937,340,10,2025-11-08,BA,Marketplace,5,2,202.75,0.1062,120.42,Concluído
669,1206,116,36,2024-10-01,PR,Marketplace,2,1,105.65,0.0304,66.1,Concluído
668,1203,405,51,2025-11-23,SP,Site Próprio,3,2,433.37,0.2331,201.19,Concluído
1629,2962,1,17,2025-12-12,SC,Marketplace,3,1,185.69,0.1878,127.08,Concluído
2536,4675,435,8,2025-12-21,RS,Aplicativo,6,3,39.62,0.0904,43.6,Concluído
66,131,185,23,2025-10-27,RS,Marketplace,4,1,51.32,0.2129,43.89,Concluído
284,522,489,25,2025-05-20,MT,Marketplace,1,1,21.53,0.0631,16.13,Concluído
528,956,426,17,2025-08-17,SP,Site Próprio,5,1,129.91,0.2995,127.08,Concluído
505,914,177,23,2024-05-12,SP,Marketplace,1,1,80.83,0.3227,43.89,Concluído
477,860,533,16,2025-12-16,BA,Aplicativo,5,1,235.13,0.0731,150.82,Cancelado
1128,2034,521,50,2025-11-15,SP,Marketplace,2,1,171.54,0.2197,118.05,Concluído
910,1652,20,5,2025-12-20,SP,Site Próprio,5,1,272.49,0.2096,185.65,Concluído
729,1316,385,47,2024-04-01,DF,Site Próprio,5,3,199.58,0.0878,89.54,Concluído
1322,2400,77,16,2025-07-02,SP,Site Próprio,6,1,289.82,0.2029,150.82,Concluído
1210,2176,519,6,2025-09-08,RJ,Aplicativo,3,1,64.57,0.1383,52.6,Concluído
1008,1810,618,5,2025-01-08,SP,Marketplace,6,1,220.58,0.2392,185.65,Concluído
1288,2333,322,28,2025-04-17,CE,Site Próprio,4,1,275.8,0.0798,142.78,Concluído
2205,4064,117,29,2025-09-11,PE,Site Próprio,5,1,166.35,0.0585,78.75,Concluído
343,624,342,51,2024-05-01,RS,Marketplace,2,1,415.31,,201.19,Concluído
384,689,489,15,2025-11-11,MT,Site Próprio,4,1,40.93,0.0343,22.05,Concluído
1998,3677,29,47,2025-11-04,SP,Site Próprio,1,2,125.66,0.2275,89.54,Concluído
754,1367,616,5,2024-08-06,SP,Marketplace,1,1,272.49,0.1915,185.65,Concluído
1950,3566,635,20,2025-01-19,MG,Site Próprio,3,2,98.88,0.0382,55.18,Concluído
1993,3666,107,3,2024-11-24,MG,Marketplace,5,1,66.65,0.0681,26.91,Concluído
336,611,502,21,2025-12-14,GO,Site Próprio,6,1,114.26,0.0677,94.68,Concluído
1384,2507,82,32,2025-06-14,MG,Site Próprio,4,1,285.47,0.0475,130.06,Concluído
1743,3180,355,15,2025-11-04,SP,Aplicativo,2,2,43.34,0.2098,22.05,Concluído
252,463,250,6,2024-12-06,PE,Site Próprio,5,2,50.64,0.0839,52.6,Concluído
867,1574,272,13,2025-05-19,SC,Site Próprio,5,1,113.88,0.0732,77.45,Concluído
437,793,9,19,2025-09-02,DF,Site Próprio,6,2,319.82,0.0925,137.57,Concluído
1406,2553,271,3,2025-12-27,RJ,Site Próprio,4,1,57.96,0.142,26.91,Concluído
162,309,473,7,2024-12-10,SP,Site Próprio,1,1,118.66,0.1759,103.55,Concluído
1179,2122,289,22,2024-12-16,MS,Marketplace,4,1,277.07,0.0799,88.13,Concluído
1330,2412,212,53,2024-12-24,MG,Aplicativo,3,1,318.47,0.0633,152.79,Concluído
319,580,605,49,2025-12-11,PE,Marketplace,1,1,78.7,0.0792,73.39,Concluído
51,106,148,51,2025-07-08,SP,Site Próprio,1,1,227.38,0.2194,201.19,Concluído
946,1706,478,33,2025-12-04,PR,Site Próprio,4,1,265.43,0.0655,122.16,Concluído
551,1000,313,9,2025-05-14,SP,Aplicativo,6,1,143.42,0.194,108.49,Concluído
1407,2556,248,8,2025-12-24,SP,Site Próprio,3,1,53.48,0.188,43.6,Concluído
557,1012,315,32,2025-12-23,MS,Site Próprio,2,1,326.25,,130.06,Concluído
1825,3339,590,8,2025-02-04,RS,Site Próprio,4,1,56.63,0.0615,43.6,Concluído
572,1035,610,13,2025-07-08,SC,Aplicativo,2,1,120.58,0.0678,77.45,Concluído
2559,4716,566,23,2025-08-14,GO,Site Próprio,6,2,65.43,0.1431,43.89,Cancelado
741,1337,548,5,2025-06-17,MT,Marketplace,1,1,272.49,0.0379,185.65,Concluído
1131,2038,649,36,2025-11-14,PR,Marketplace,2,1,130.51,0.0873,66.1,Concluído
1969,3621,245,47,2025-05-14,CE,Site Próprio,4,1,209.56,0.0689,89.54,Concluído
1314,2382,182,28,2024-10-14,SP,Site Próprio,3,1,223.27,0.2389,142.78,Cancelado
1758,3204,582,12,2024-12-14,BA,Marketplace,4,1,396.16,0.0526,209.52,Concluído
1578,2860,90,22,2024-11-10,RJ,Marketplace,5,1,214.16,0.0875,88.13,Concluído
1236,2237,497,20,2024-07-16,PE,Aplicativo,2,1,98.88,0.1004,55.18,Concluído
1901,3485,82,23,2025-05-10,MG,Site Próprio,3,1,80.83,0.1726,43.89,Concluído
1165,2096,207,12,2025-02-03,SC,Site Próprio,6,1,489.38,0.0616,209.52,Concluído
2172,4004,12,7,2024-05-09,DF,Site Próprio,5,1,188.46,0.0832,103.55,Concluído
1970,3623,278,9,2025-04-04,BA,Site Próprio,4,2,239.17,0.094,108.49,Concluído
2574,4742,325,27,2025-11-10,RJ,Marketplace,1,2,192.75,0.0739,88.49,Cancelado
1708,3107,425,14,2025-12-26,MG,Marketplace,3,1,164.85,0.1014,105.23,Concluído
2254,4154,132,53,2024-05-26,MG,Marketplace,5,1,318.47,0.1,152.79,Concluído
1973,3630,298,8,2025-01-26,CE,Marketplace,4,1,62.92,,43.6,Concluído
540,977,538,17,2025-07-11,RJ,Site Próprio,6,3,160.47,0.2196,127.08,Concluído
1634,2968,383,17,2025-04-13,CE,Marketplace,4,1,216.64,0.1444,127.08,Concluído
947,1708,198,4,2025-10-13,SP,Marketplace,5,1,312.39,0.2299,160.15,Concluído
1893,3471,556,6,2024-05-03,RS,Site Próprio,1,1,75.96,0.083,52.6,Concluído
1013,1819,577,4,2025-06-03,SP,Site Próprio,6,2,285.23,0.2024,160.15,Concluído
1603,2911,482,20,2024-03-09,SP,Marketplace,4,1,84.76,,55.18,Concluído
653,1174,246,43,2025-11-20,PR,Site Próprio,6,2,247.33,0.0548,182.69,Concluído
743,1341,614,3,2024-06-26,SP,Marketplace,3,1,49.26,0.1949,26.91,Concluído
2526,4659,485,16,2025-10-11,RS,Site Próprio,1,1,276.02,0.1052,150.82,Cancelado
2451,4515,179,24,2025-05-04,SP,Site Próprio,3,1,386.28,0.1764,217.31,Concluído
1785,3264,70,35,2024-12-09,MS,Marketplace,6,1,184.29,0.045,79.44,Concluído
832,1510,632,41,2025-12-18,SP,Site Próprio,4,1,451.48,0.1751,180.53,Concluído
