ID_Pedido,ID_Item,ID_Cliente,ID_Produto,Estado_Extenso,Canal,ID_Vendedor,Qtd,Preco_Unit,Custo_Unit,Status,Data_Venda_BR,Desconto_Reais
1070,1930,454,6,São Paulo,Site Próprio,4,2,87.36,52.6,Concluído,21/05/2025,40.36
2549,4692,242,5,São Paulo,Site Próprio,3,2,220.58,185.65,Concluído,26/12/2024,90.17
187,354,315,23,Mato Grosso do Sul,Site Próprio,5,3,92.37,43.89,Concluído,07/07/2024,45.06
2386,4392,476,2,Amazonas,Marketplace,4,1,304.62,137.72,Cancelado,08/06/2025,32.05
406,732,267,48,São Paulo,Marketplace,4,1,169.67,66.62,Concluído,13/12/2025,40.43
796,1446,545,15,Santa Catarina,Marketplace,4,1,35.67,22.05,Concluído,10/09/2025,3.77
392,703,547,30,São Paulo,Marketplace,1,2,268.55,145.7,Concluído,08/10/2024,117.52
2551,4697,77,8,São Paulo,Marketplace,6,3,66.07,43.6,Concluído,19/03/2024,33.0
2432,4481,71,40,São Paulo,Aplicativo,2,1,98.32,53.25,Concluído,25/03/2024,21.88
1462,2663,402,12,Rio Grande do Sul,Site Próprio,3,1,466.07,209.52,Cancelado,18/03/2025,19.81
81,161,610,31,Santa Catarina,Marketplace,3,2,54.11,39.52,Concluído,03/02/2025,3.8
2468,4547,642,43,Rio de Janeiro,Site Próprio,2,2,471.39,182.69,Concluído,25/12/2025,91.07
1839,3367,636,49,São Paulo,Site Próprio,6,1,131.25,73.39,Cancelado,16/08/2025,24.31
1780,3254,128,10,Mato Grosso,Aplicativo,3,1,238.53,120.42,Concluído,08/11/2025,14.43
764,1386,517,38,São Paulo,Site Próprio,6,1,105.64,48.05,Concluído,13/02/2025,22.24
273,502,248,24,São Paulo,Marketplace,2,2,386.28,217.31,Concluído,15/01/2025,168.11
2285,4214,450,10,Minas Gerais,Marketplace,2,1,238.53,120.42,Concluído,22/11/2025,21.9
2620,4823,444,7,Rio de Janeiro,Site Próprio,5,1,169.61,103.55,Concluído,23/07/2024,24.81
2201,4056,572,1,Minas Gerais,Site Próprio,1,3,196.94,91.78,Concluído,16/09/2024,77.46
1772,3239,255,20,Rio de Janeiro,Site Próprio,2,1,113.01,55.18,Concluído,25/09/2024,12.79
1236,2234,497,47,Pernambuco,Aplicativo,2,2,209.56,89.54,Concluído,16/07/2024,35.67
2167,3992,504,3,São Paulo,Site Próprio,6,1,60.85,26.91,Concluído,27/07/2024,11.02
1733,3162,202,34,São Paulo,Aplicativo,5,1,96.77,37.12,Concluído,08/11/2025,19.97
1464,2666,96,3,Pernambuco,Site Próprio,5,1,66.65,26.91,Concluído,09/03/2025,7.0
555,1008,167,11,São Paulo,Marketplace,2,1,245.98,139.55,Concluído,24/07/2025,56.3
1206,2172,613,17,Paraná,Site Próprio,5,2,237.27,127.08,Concluído,07/05/2024,79.11
1047,1891,523,18,São Paulo,Site Próprio,2,2,648.34,173.9,Concluído,08/08/2025,210.84
715,1288,557,32,Mato Grosso do Sul,Marketplace,3,1,285.47,130.06,Concluído,10/11/2025,15.24
199,369,556,29,Rio Grande do Sul,Marketplace,1,1,144.65,78.75,Concluído,03/10/2024,11.07
1687,3066,129,35,Paraná,Site Próprio,5,1,153.58,79.44,Concluído,25/11/2024,7.62
731,1319,2,47,Rio Grande do Sul,Site Próprio,1,1,199.58,89.54,Concluído,12/10/2025,14.57
267,494,379,5,Paraná,Site Próprio,2,1,272.49,185.65,Concluído,11/12/2025,13.6
1088,1964,216,43,Rio de Janeiro,Site Próprio,5,3,412.46,182.69,Concluído,23/09/2024,139.21
2187,4031,428,21,Mato Grosso do Sul,Site Próprio,2,1,145.69,94.68,Concluído,13/12/2024,6.38
2476,4563,172,8,São Paulo,Site Próprio,5,1,62.92,43.6,Concluído,16/05/2025,13.57
178,334,483,17,Minas Gerais,Marketplace,3,1,129.91,127.08,Cancelado,22/10/2025,23.34
814,1476,319,13,Minas Gerais,Site Próprio,1,1,133.97,77.45,Concluído,19/09/2025,7.66
377,680,10,31,Pernambuco,Site Próprio,2,1,81.16,39.52,Concluído,20/11/2025,7.3
1568,2837,617,21,Bahia,Site Próprio,6,1,145.69,94.68,Concluído,21/11/2025,15.04
630,1139,47,46,São Paulo,Marketplace,6,1,157.56,81.26,Concluído,14/04/2025,31.28
678,1222,521,41,São Paulo,Site Próprio,2,1,247.19,180.53,Concluído,02/11/2024,43.38
2174,4008,626,38,Rio Grande do Sul,Site Próprio,4,2,95.07,48.05,Concluído,19/05/2025,6.96
1596,2899,391,45,Rio de Janeiro,Marketplace,1,1,72.93,39.57,Concluído,26/12/2024,6.57
205,381,78,17,Amazonas,Aplicativo,1,1,137.55,127.08,Concluído,26/11/2024,19.97
2471,4555,522,1,São Paulo,Site Próprio,3,1,139.5,91.78,Concluído,20/09/2025,47.85
2358,4345,318,11,Pernambuco,Marketplace,1,3,209.09,139.55,Concluído,07/09/2025,52.31
33,68,235,14,Rio de Janeiro,Site Próprio,6,3,135.68,105.23,Concluído,25/12/2025,55.97
1707,3106,140,45,São Paulo,Marketplace,4,1,62.12,39.57,Concluído,07/10/2025,13.96
1905,3498,219,29,Goiás,Site Próprio,1,1,173.58,78.75,Concluído,07/09/2025,10.0
1042,1883,258,16,São Paulo,Marketplace,5,3,289.82,150.82,Concluído,22/06/2025,159.72
258,478,609,5,Rio de Janeiro,Site Próprio,5,2,163.4,185.65,Concluído,21/05/2024,45.26
2385,4391,255,20,Rio de Janeiro,Site Próprio,5,1,113.01,55.18,Concluído,05/11/2025,8.04
2563,4723,121,15,São Paulo,Site Próprio,3,3,48.15,22.05,Concluído,05/04/2025,26.23
1315,2383,250,5,Pernambuco,Marketplace,4,1,233.56,185.65,Concluído,15/07/2025,16.14
653,1173,246,35,Paraná,Site Próprio,6,2,96.7,79.44,Concluído,20/11/2025,20.77
2511,4633,67,25,Minas Gerais,Site Próprio,1,1,39.32,16.13,Concluído,25/12/2025,2.02
1303,2360,221,38,São Paulo,Site Próprio,6,1,110.92,48.05,Concluído,14/02/2025,24.54
230,426,466,45,São Paulo,Site Próprio,6,1,61.99,39.57,Concluído,26/08/2025,12.19
1247,2256,45,36,São Paulo,Site Próprio,5,2,96.67,66.1,Concluído,16/09/2025,44.82
740,1334,249,37,Minas Gerais,Site Próprio,3,3,95.85,61.9,Concluído,13/09/2025,27.58
104,200,481,13,Distrito Federal,Site Próprio,6,1,84.35,77.45,Concluído,20/04/2025,2.65
1301,2358,44,39,São Paulo,Marketplace,5,1,385.54,144.85,Concluído,03/09/2025,63.07
1860,3407,624,6,São Paulo,Site Próprio,6,2,75.96,52.6,Concluído,13/01/2025,26.84
1074,1939,379,1,Paraná,Marketplace,2,1,172.33,91.78,Concluído,24/11/2025,28.52
2346,4326,599,47,Santa Catarina,Site Próprio,6,1,229.52,89.54,Concluído,19/08/2024,22.52
73,144,137,17,Rio de Janeiro,Site Próprio,1,1,183.4,127.08,Concluído,09/07/2024,46.07
2575,4745,92,51,Rio Grande do Sul,Marketplace,2,1,306.97,201.19,Concluído,14/06/2024,32.14
130,250,326,35,Paraná,Site Próprio,1,2,130.54,79.44,Concluído,07/06/2024,21.96
2289,4223,438,52,Minas Gerais,Site Próprio,6,1,271.2,115.34,Concluído,11/08/2025,28.48
802,1455,114,3,Pará,Marketplace,5,2,66.65,26.91,Cancelado,22/11/2025,8.53
2028,3735,413,28,Pernambuco,Site Próprio,4,1,236.4,142.78,Concluído,20/06/2025,11.7
226,418,96,45,Pernambuco,Marketplace,2,1,62.12,39.57,Concluído,06/04/2024,2.24
504,912,479,35,São Paulo,Site Próprio,5,1,161.25,79.44,Concluído,21/01/2025,38.26
2415,4446,131,14,Bahia,Site Próprio,6,1,183.17,105.23,Concluído,11/03/2025,14.73
1427,2597,138,21,Minas Gerais,Site Próprio,1,2,179.97,94.68,Concluído,07/07/2025,11.63
1885,3457,180,36,São Paulo,Site Próprio,2,3,124.29,66.1,Concluído,01/07/2025,76.18
1790,3274,189,22,Santa Catarina,Site Próprio,5,1,240.93,88.13,Concluído,25/02/2025,7.78
1277,2310,221,45,São Paulo,Marketplace,1,3,56.72,39.57,Cancelado,18/08/2025,29.11
1175,2113,177,5,São Paulo,Marketplace,4,1,272.49,185.65,Concluído,21/09/2024,50.6
2452,4517,114,20,Pará,Site Próprio,6,3,108.3,55.18,Concluído,04/11/2024,16.8
2008,3698,96,21,Pernambuco,Site Próprio,6,1,197.11,94.68,Cancelado,22/12/2025,7.29
1478,2696,62,8,São Paulo,Marketplace,5,1,41.95,43.6,Concluído,09/08/2025,8.32
715,1289,557,12,Mato Grosso do Sul,Marketplace,3,1,489.38,209.52,Concluído,10/11/2025,44.63
913,1656,53,6,Paraná,Site Próprio,3,1,68.37,52.6,Concluído,18/05/2024,3.75
504,913,479,36,São Paulo,Site Próprio,5,2,130.51,66.1,Concluído,21/01/2025,46.04
1781,3256,91,17,São Paulo,Site Próprio,6,2,175.37,127.08,Concluído,27/12/2025,116.59
2099,3866,133,36,Rio de Janeiro,Marketplace,2,1,105.65,66.1,Concluído,07/05/2025,11.59
423,766,340,38,Bahia,Marketplace,3,2,89.79,48.05,Concluído,26/07/2025,7.33
2127,3916,487,53,Paraná,Aplicativo,1,1,318.47,152.79,Concluído,21/06/2025,25.29
74,147,75,45,Paraná,Marketplace,5,1,54.02,39.57,Concluído,07/07/2025,4.71
628,1134,195,48,São Paulo,Marketplace,5,1,155.25,66.62,Concluído,15/10/2024,33.58
1458,2657,305,36,São Paulo,Site Próprio,1,1,105.65,66.1,Concluído,07/03/2025,25.03
213,395,408,34,São Paulo,Aplicativo,1,2,61.44,37.12,Concluído,17/11/2025,20.62
2557,4711,560,9,São Paulo,Site Próprio,6,3,205.01,108.49,Concluído,08/11/2025,147.36
23,46,154,42,Bahia,Marketplace,6,1,52.28,37.56,Concluído,12/02/2025,4.88
1713,3119,585,17,Distrito Federal,Marketplace,3,1,237.27,127.08,Concluído,24/04/2024,47.45
170,322,648,45,Goiás,Site Próprio,5,1,54.02,39.57,Concluído,17/08/2025,3.84
1199,2160,165,48,Minas Gerais,Marketplace,6,1,199.61,66.62,Concluído,09/12/2024,12.46
2410,4438,269,30,Rio de Janeiro,Site Próprio,5,1,268.55,145.7,Concluído,24/06/2025,22.77
1085,1958,614,36,São Paulo,Marketplace,4,1,105.65,66.1,Concluído,17/07/2025,19.86
1793,3280,80,32,Ceará,Site Próprio,1,1,244.69,130.06,Concluído,16/09/2024,25.81
1339,2428,150,1,São Paulo,Site Próprio,2,2,147.71,91.78,Concluído,27/10/2025,91.11
2005,3691,208,20,Paraná,Site Próprio,6,1,94.18,55.18,Concluído,26/02/2025,10.28
1213,2185,583,44,São Paulo,Site Próprio,5,1,259.36,119.7,Concluído,17/08/2025,57.92
1483,2702,356,22,Rio de Janeiro,Marketplace,5,1,240.93,88.13,Concluído,27/05/2025,33.34
2032,3744,322,29,Ceará,Marketplace,3,1,151.89,78.75,Concluído,02/07/2024,10.02
1150,2072,335,6,São Paulo,Site Próprio,4,2,50.64,52.6,Concluído,16/11/2025,22.32
754,1368,616,47,São Paulo,Marketplace,1,1,209.56,89.54,Concluído,06/08/2024,41.26
1701,3096,508,5,São Paulo,Site Próprio,6,1,298.44,185.65,Concluído,01/10/2024,50.29
1306,2365,291,8,Pernambuco,Aplicativo,5,1,53.48,43.6,Concluído,07/11/2025,4.73
514,931,100,17,São Paulo,Site Próprio,3,1,137.55,127.08,Concluído,13/03/2025,39.44
1256,2269,511,39,Bahia,Site Próprio,4,2,442.41,144.85,Concluído,26/04/2024,92.29
1638,2976,83,2,Distrito Federal,Site Próprio,3,2,322.53,137.72,Concluído,15/11/2025,21.48
2033,3747,390,40,São Paulo,Marketplace,4,1,121.45,53.25,Concluído,14/07/2025,20.0
1079,1946,571,45,Santa Catarina,Site Próprio,1,3,76.57,39.57,Cancelado,08/10/2025,11.76
2536,4674,435,3,Rio Grande do Sul,Aplicativo,6,1,36.49,26.91,Concluído,21/12/2025,1.62
2222,4093,540,8,Paraná,Marketplace,1,1,56.63,43.6,Concluído,07/05/2024,4.76
237,436,583,18,São Paulo,Marketplace,4,1,552.29,173.9,Concluído,22/05/2025,131.83
334,607,468,5,São Paulo,Marketplace,3,2,163.4,185.65,Concluído,25/09/2024,59.35
35,75,2,20,Rio Grande do Sul,Marketplace,3,1,69.76,55.18,Concluído,12/11/2024,2.85
981,1765,587,12,Rio Grande do Sul,Site Próprio,1,1,419.47,209.52,Concluído,16/08/2025,22.11
1821,3334,475,40,Rio de Janeiro,Site Próprio,1,1,115.67,53.25,Concluído,24/11/2024,14.93
733,1323,197,7,Minas Gerais,Site Próprio,3,3,167.52,103.55,Concluído,23/05/2025,48.75
869,1577,414,49,Rio Grande do Sul,Aplicativo,3,1,97.22,73.39,Concluído,16/12/2025,10.65
1938,3550,96,45,Pernambuco,Aplicativo,1,1,83.87,39.57,Concluído,18/10/2025,4.1
56,114,519,51,Rio de Janeiro,Marketplace,6,2,227.38,201.19,Concluído,08/11/2025,38.34
544,987,562,7,Rio de Janeiro,Site Próprio,3,1,188.46,103.55,Concluído,23/09/2025,24.73
2407,4433,396,13,Santa Catarina,Marketplace,3,1,120.58,77.45,Concluído,09/11/2025,7.26
412,748,178,21,São Paulo,Site Próprio,4,1,154.26,94.68,Concluído,27/05/2025,34.86
1035,1864,65,27,Ceará,Site Próprio,6,1,226.76,88.49,Concluído,21/10/2025,24.85
118,223,636,17,São Paulo,Aplicativo,2,1,160.47,127.08,Concluído,11/10/2025,56.53
1411,2567,331,48,Ceará,Marketplace,5,1,155.25,66.62,Concluído,19/11/2025,11.95
746,1349,412,25,São Paulo,Site Próprio,3,1,34.2,16.13,Concluído,10/11/2025,5.6
827,1503,227,21,São Paulo,Marketplace,1,1,171.4,94.68,Concluído,22/03/2025,40.95
2154,3962,243,23,São Paulo,Site Próprio,2,1,76.98,43.89,Concluído,25/10/2025,22.29
919,1666,566,40,Goiás,Site Próprio,1,1,98.32,53.25,Concluído,04/11/2025,8.65
2032,3743,322,30,Ceará,Marketplace,3,1,331.74,145.7,Concluído,02/07/2024,20.2
2243,4134,572,6,Minas Gerais,Marketplace,6,1,91.16,52.6,Cancelado,06/11/2025,9.63
16,36,420,36,São Paulo,Marketplace,3,1,78.26,66.1,Concluído,09/12/2024,12.59
460,831,415,32,São Paulo,Aplicativo,1,1,231.1,130.06,Concluído,13/11/2025,46.54
1985,3651,133,44,Rio de Janeiro,Marketplace,5,1,191.7,119.7,Concluído,16/11/2024,27.39
2191,4041,497,25,Pernambuco,Marketplace,6,3,35.91,16.13,Concluído,05/06/2025,7.68
979,1762,461,5,Minas Gerais,Marketplace,4,3,272.49,185.65,Concluído,17/05/2025,48.23
1580,2864,160,41,Minas Gerais,Site Próprio,3,2,333.7,180.53,Concluído,06/03/2025,57.66
185,348,569,47,Minas Gerais,Site Próprio,5,2,229.52,89.54,Concluído,05/12/2024,48.34
86,168,377,53,São Paulo,Marketplace,5,3,200.52,152.79,Concluído,11/06/2025,127.53
2461,4534,610,51,Santa Catarina,Site Próprio,4,1,325.02,201.19,Concluído,18/06/2025,19.99
57,117,526,11,São Paulo,Marketplace,3,3,218.65,139.55,Concluído,10/05/2024,137.88
291,531,96,5,Pernambuco,Site Próprio,6,2,298.44,185.65,Concluído,25/11/2024,54.73
769,1395,380,5,São Paulo,Site Próprio,5,1,220.58,185.65,Concluído,10/10/2024,47.78
1423,2591,634,49,Rio Grande do Sul,Site Próprio,3,1,125.0,73.39,Concluído,19/11/2025,13.5
1308,2369,311,5,São Paulo,Aplicativo,4,1,298.44,185.65,Concluído,11/11/2024,64.22
569,1029,73,8,São Paulo,Marketplace,5,1,75.51,43.6,Concluído,16/08/2025,14.29
902,1642,383,49,Ceará,Marketplace,2,1,131.25,73.39,Concluído,27/11/2025,13.05
1392,2522,298,12,Ceará,Marketplace,5,1,466.07,209.52,Concluído,11/01/2025,14.08
2043,3764,523,24,São Paulo,Marketplace,3,2,454.45,217.31,Concluído,04/12/2024,158.69
1681,3052,331,10,Ceará,Aplicativo,4,1,250.46,120.42,Concluído,09/12/2025,22.19
1956,3583,560,3,São Paulo,Site Próprio,3,1,52.16,26.91,Concluído,09/11/2025,9.52
2122,3908,42,27,Rio de Janeiro,Aplicativo,6,1,192.75,88.49,Concluído,24/05/2024,26.12
2306,4251,265,8,Paraná,Marketplace,6,1,53.48,43.6,Concluído,09/08/2025,5.36
2405,4424,342,8,Rio Grande do Sul,Aplicativo,6,3,72.36,43.6,Concluído,13/03/2025,11.31
2214,4081,446,8,Rio Grande do Sul,Marketplace,2,1,62.92,43.6,Concluído,12/03/2025,6.57
2498,4606,638,8,Santa Catarina,Site Próprio,3,1,62.92,43.6,Concluído,24/12/2025,6.3
2235,4117,56,9,Mato Grosso,Marketplace,6,1,177.17,108.49,Concluído,04/12/2025,17.91
990,1780,189,1,Santa Catarina,Marketplace,3,1,164.12,91.78,Concluído,09/11/2025,23.35
566,1026,387,40,Santa Catarina,Site Próprio,4,3,98.32,53.25,Concluído,16/02/2025,14.69
2243,4133,572,51,Minas Gerais,Marketplace,6,1,433.37,201.19,Cancelado,06/11/2025,24.27
1952,3574,261,35,Minas Gerais,Site Próprio,6,3,130.54,79.44,Concluído,10/07/2025,34.62
41,82,355,5,São Paulo,Aplicativo,6,1,173.01,185.65,Concluído,20/02/2025,38.49
1815,3319,381,8,Paraná,Marketplace,4,1,53.48,43.6,Concluído,06/04/2025,2.16
1126,2031,467,29,Rio de Janeiro,Site Próprio,5,2,151.89,78.75,Concluído,13/02/2025,39.13
1926,3531,86,52,Rio Grande do Sul,Marketplace,3,3,232.45,115.34,Concluído,19/10/2025,55.23
1942,3555,98,5,Bahia,Aplicativo,6,1,259.51,185.65,Concluído,08/12/2024,16.14
814,1477,319,36,Minas Gerais,Site Próprio,1,1,124.29,66.1,Concluído,19/09/2025,7.95
1495,2717,573,28,Minas Gerais,Marketplace,3,1,262.67,142.78,Concluído,23/05/2024,13.53
2168,3994,359,31,São Paulo,Site Próprio,3,1,81.16,39.52,Concluído,23/08/2024,18.63
1796,3284,526,4,São Paulo,Site Próprio,4,3,325.98,160.15,Cancelado,11/06/2025,233.04
2498,4605,638,29,Santa Catarina,Site Próprio,3,1,144.65,78.75,Concluído,24/12/2025,15.06
1467,2674,361,17,São Paulo,Marketplace,6,1,247.58,127.08,Concluído,18/11/2024,75.39
814,1478,319,17,Minas Gerais,Site Próprio,1,1,206.32,127.08,Concluído,19/09/2025,40.01
2095,3857,385,2,Distrito Federal,Site Próprio,6,2,358.37,137.72,Concluído,14/10/2025,62.71
1372,2484,639,5,Distrito Federal,Site Próprio,4,2,311.41,185.65,Concluído,24/05/2025,27.53
1410,2564,311,38,São Paulo,Marketplace,1,2,121.48,48.05,Concluído,05/10/2024,48.42
2578,4748,258,3,São Paulo,Site Próprio,1,1,60.85,26.91,Concluído,23/03/2025,14.26
1199,2158,165,45,Minas Gerais,Marketplace,6,1,72.93,39.57,Concluído,09/12/2024,2.85
1046,1887,460,8,São Paulo,Site Próprio,3,1,48.94,43.6,Concluído,25/11/2024,10.95
1084,1957,214,11,Paraná,Marketplace,1,2,282.88,139.55,Concluído,15/05/2024,27.55
896,1630,616,37,São Paulo,Site Próprio,2,2,111.83,61.9,Concluído,20/12/2025,37.06
1481,2699,24,43,Distrito Federal,Marketplace,5,2,392.82,182.69,Concluído,20/12/2025,49.42
2057,3789,440,38,Bahia,Site Próprio,3,2,110.92,48.05,Concluído,19/07/2025,9.65
20,41,142,22,Rio de Janeiro,Aplicativo,3,1,160.62,88.13,Concluído,16/02/2025,16.22
945,1705,157,29,Santa Catarina,Site Próprio,2,1,122.95,78.75,Concluído,19/11/2025,8.67
1478,2694,62,17,São Paulo,Marketplace,5,1,137.55,127.08,Concluído,09/08/2025,40.18
2479,4569,181,17,Rio de Janeiro,Site Próprio,2,2,206.32,127.08,Concluído,01/03/2025,86.98
2297,4237,560,51,São Paulo,Aplicativo,6,1,325.02,201.19,Concluído,09/08/2024,72.35
1739,3174,107,49,Minas Gerais,Site Próprio,4,1,143.75,73.39,Concluído,22/09/2024,9.34
1720,3137,74,17,Pernambuco,Site Próprio,4,1,129.91,127.08,Concluído,26/10/2024,18.99
164,312,556,4,Rio Grande do Sul,Site Próprio,4,1,201.22,160.15,Concluído,23/07/2025,6.12
898,1632,353,5,São Paulo,Marketplace,2,1,220.58,185.65,Concluído,10/11/2024,43.34
1863,3413,447,4,Rio de Janeiro,Marketplace,4,2,244.48,160.15,Concluído,17/12/2025,42.78
1149,2068,138,6,Minas Gerais,Marketplace,5,1,79.76,52.6,Cancelado,17/05/2025,5.7
786,1427,600,39,Rio Grande do Sul,Site Próprio,6,3,346.99,144.85,Concluído,01/07/2024,43.62
1110,2003,86,9,Rio Grande do Sul,Marketplace,4,2,205.01,108.49,Concluído,07/08/2025,41.82
191,358,453,40,São Paulo,Site Próprio,4,2,85.68,53.25,Concluído,14/12/2025,34.03
1328,2409,604,29,São Paulo,Marketplace,3,1,91.08,78.75,Concluído,18/03/2025,21.86
626,1130,30,23,Rio de Janeiro,Site Próprio,6,2,65.57,43.89,Concluído,22/11/2025,27.22
1822,3336,356,11,Rio de Janeiro,Marketplace,4,1,245.98,139.55,Cancelado,12/01/2025,21.99
2091,3851,189,53,Santa Catarina,Site Próprio,4,1,318.47,152.79,Concluído,23/12/2024,13.73
1017,1828,234,5,Minas Gerais,Site Próprio,2,1,163.4,185.65,Concluído,25/05/2024,9.25
1346,2441,222,8,São Paulo,Marketplace,6,1,56.63,43.6,Concluído,08/11/2024,12.45
64,129,470,35,Paraná,Site Próprio,2,1,96.7,79.44,Concluído,27/09/2024,4.44
556,1010,446,35,Rio Grande do Sul,Marketplace,1,1,153.58,79.44,Concluído,15/12/2025,8.32
1010,1814,526,5,São Paulo,Marketplace,3,1,311.41,185.65,Concluído,16/09/2024,50.95
1885,3456,180,14,São Paulo,Site Próprio,2,2,183.17,105.23,Concluído,01/07/2025,83.38
365,658,289,53,Mato Grosso do Sul,Aplicativo,6,1,366.23,152.79,Cancelado,01/02/2025,11.32
693,1247,515,51,Rio de Janeiro,Marketplace,4,1,240.76,201.19,Concluído,03/06/2025,28.31
2538,4678,49,29,Rio Grande do Sul,Marketplace,6,1,151.89,78.75,Concluído,21/03/2025,8.99
1528,2772,187,12,Mato Grosso do Sul,Marketplace,5,1,396.16,209.52,Concluído,04/10/2025,18.74
106,202,124,27,São Paulo,Site Próprio,4,2,201.56,88.49,Concluído,02/12/2024,88.93
2562,4721,137,22,Rio de Janeiro,Site Próprio,6,2,289.12,88.13,Concluído,06/11/2024,69.04
784,1422,500,33,Minas Gerais,Site Próprio,1,1,207.73,122.16,Concluído,11/05/2025,17.2
1012,1818,139,16,Rio Grande do Sul,Marketplace,2,3,331.23,150.82,Concluído,17/11/2024,85.76
2179,4017,166,1,Rio de Janeiro,Site Próprio,2,2,139.5,91.78,Concluído,23/03/2025,75.16
1679,3049,283,7,Paraná,Marketplace,3,1,197.88,103.55,Concluído,10/07/2025,19.35
1334,2419,540,15,Paraná,Site Próprio,3,1,43.34,22.05,Concluído,06/10/2025,3.62
1910,3508,28,5,Espírito Santo,Marketplace,1,1,298.44,185.65,Concluído,21/06/2025,23.16
1304,2362,345,31,Minas Gerais,Marketplace,2,2,73.05,39.52,Concluído,17/12/2025,14.46
550,997,227,36,São Paulo,Marketplace,6,1,92.07,66.1,Concluído,06/09/2025,17.26
327,594,546,22,São Paulo,Site Próprio,6,3,151.7,88.13,Concluído,11/12/2024,75.68
536,971,476,35,Amazonas,Site Próprio,5,1,130.54,79.44,Concluído,07/09/2025,6.41
106,203,124,47,São Paulo,Site Próprio,4,1,177.41,89.54,Concluído,02/12/2024,28.49
2411,4440,285,12,Amazonas,Aplicativo,3,1,535.99,209.52,Concluído,12/07/2025,37.36
1093,1975,472,20,Santa Catarina,Marketplace,2,2,113.01,55.18,Concluído,01/08/2025,19.17
2074,3812,611,25,Santa Catarina,Site Próprio,1,1,35.91,16.13,Concluído,07/11/2025,2.4
2556,4709,135,49,São Paulo,Aplicativo,6,1,106.25,73.39,Concluído,15/12/2025,25.26
1991,3664,528,5,Pernambuco,Marketplace,1,1,272.49,185.65,Concluído,05/05/2025,22.7
1892,3468,544,5,São Paulo,Site Próprio,4,3,259.51,185.65,Concluído,15/12/2025,174.78
1096,1981,545,45,Santa Catarina,Site Próprio,5,1,72.93,39.57,Concluído,11/10/2025,7.37
1313,2381,296,14,Distrito Federal,Site Próprio,5,1,183.17,105.23,Concluído,19/05/2025,10.79
1374,2487,540,49,Paraná,Site Próprio,1,1,112.5,73.39,Concluído,21/02/2025,10.55
1311,2375,276,8,Santa Catarina,Site Próprio,6,1,56.63,43.6,Concluído,14/11/2025,3.07
2116,3900,589,47,São Paulo,Site Próprio,6,3,209.56,89.54,Concluído,08/11/2024,109.14
2516,4643,314,40,Bahia,Marketplace,6,1,104.1,53.25,Concluído,27/12/2025,8.56
1703,3098,558,8,Pará,Site Próprio,2,1,62.92,43.6,Concluído,17/04/2025,3.01
2394,4408,620,3,São Paulo,Aplicativo,6,1,69.55,26.91,Concluído,25/10/2025,15.77
1698,3090,428,40,Mato Grosso do Sul,Marketplace,2,1,98.32,53.25,Concluído,14/07/2025,4.25
2335,4304,203,31,Minas Gerais,Site Próprio,5,1,85.22,39.52,Concluído,06/08/2025,5.74
661,1188,308,6,Bahia,Site Próprio,2,2,64.57,52.6,Concluído,06/05/2025,9.88
1287,2330,72,44,São Paulo,Marketplace,4,1,236.81,119.7,Cancelado,05/04/2025,39.14
1292,2343,315,6,Mato Grosso do Sul,Site Próprio,5,1,91.16,52.6,Concluído,08/11/2025,5.15
187,352,315,20,Mato Grosso do Sul,Site Próprio,5,1,113.01,55.18,Concluído,07/07/2024,5.25
976,1756,579,50,São Paulo,Site Próprio,5,3,201.81,118.05,Concluído,08/09/2025,130.17
880,1596,243,40,São Paulo,Site Próprio,1,1,115.67,53.25,Concluído,08/09/2025,23.38
22,43,252,5,Rio Grande do Sul,Site Próprio,2,2,173.01,185.65,Concluído,17/05/2024,20.24
2500,4609,455,47,Espírito Santo,Marketplace,4,1,179.63,89.54,Concluído,26/10/2024,10.72
1195,2150,434,50,São Paulo,Site Próprio,1,1,201.81,118.05,Concluído,15/05/2025,34.65
1378,2495,265,1,Paraná,Marketplace,4,1,103.33,91.78,Concluído,14/12/2025,16.43
1880,3447,499,40,São Paulo,Site Próprio,2,2,72.83,53.25,Concluído,10/11/2025,34.46
708,1274,114,21,Pará,Marketplace,4,1,197.11,94.68,Concluído,13/02/2025,6.82
1212,2183,92,19,Rio Grande do Sul,Site Próprio,3,2,431.76,137.57,Concluído,21/11/2025,88.34
316,575,326,21,Paraná,Site Próprio,6,1,145.69,94.68,Concluído,13/05/2024,5.24
1065,1921,487,4,Paraná,Site Próprio,6,1,201.22,160.15,Concluído,07/10/2024,13.5
1610,2925,387,47,Santa Catarina,Site Próprio,1,1,169.65,89.54,Concluído,02/07/2025,5.46
2449,4510,525,21,Rio Grande do Sul,Marketplace,5,2,171.4,94.68,Concluído,14/11/2024,23.0
475,857,495,22,Pernambuco,Site Próprio,5,1,178.47,88.13,Concluído,19/07/2024,16.94
1210,2177,519,38,Rio de Janeiro,Aplicativo,3,1,89.79,48.05,Concluído,08/09/2025,12.5
1798,3289,366,5,Paraná,Site Próprio,1,1,233.56,185.65,Concluído,15/08/2024,16.65
1545,2796,396,15,Santa Catarina,Marketplace,6,1,43.34,22.05,Concluído,24/11/2025,1.44
1138,2048,514,4,Mato Grosso do Sul,Site Próprio,1,1,201.22,160.15,Concluído,24/11/2024,6.98
1007,1809,390,47,São Paulo,Marketplace,3,1,209.56,89.54,Concluído,05/09/2024,43.82
1439,2621,179,25,São Paulo,Marketplace,4,1,29.07,16.13,Concluído,13/08/2024,6.76
2407,4431,396,35,Santa Catarina,Marketplace,3,1,138.22,79.44,Concluído,09/11/2025,8.82
1051,1899,357,12,São Paulo,Marketplace,5,1,535.99,209.52,Concluído,24/03/2025,106.34
1025,1847,291,14,Pernambuco,Site Próprio,6,1,155.69,105.23,Cancelado,11/12/2025,16.52
2361,4348,434,5,São Paulo,Site Próprio,6,1,259.51,185.65,Concluído,26/08/2024,50.16
486,876,403,42,São Paulo,Site Próprio,2,1,70.58,37.56,Concluído,07/11/2025,15.39
50,104,572,5,Minas Gerais,Site Próprio,6,1,230.68,185.65,Concluído,15/03/2024,7.61
1911,3511,91,34,São Paulo,Site Próprio,5,1,78.34,37.12,Concluído,23/07/2024,16.37
1356,2459,445,1,Rio de Janeiro,Marketplace,3,1,139.5,91.78,Concluído,03/05/2025,32.74
2091,3852,189,14,Santa Catarina,Site Próprio,4,1,183.17,105.23,Concluído,23/12/2024,16.14
1766,3227,522,6,São Paulo,Marketplace,6,3,64.57,52.6,Concluído,06/11/2025,32.95
333,605,268,32,São Paulo,Site Próprio,4,1,201.39,130.06,Concluído,19/09/2025,34.26
546,989,239,3,Rio de Janeiro,Aplicativo,2,2,36.49,26.91,Concluído,21/10/2025,5.4
685,1234,177,26,São Paulo,Site Próprio,6,2,360.99,164.45,Concluído,06/12/2025,117.97
33,67,235,17,Rio de Janeiro,Site Próprio,6,1,152.83,127.08,Concluído,25/12/2025,27.75
789,1434,255,38,Rio de Janeiro,Marketplace,4,2,126.77,48.05,Concluído,25/06/2025,37.3
208,385,559,1,Santa Catarina,Site Próprio,6,1,172.33,91.78,Concluído,05/01/2025,31.21
493,894,506,15,Bahia,Site Próprio,2,2,32.1,22.05,Concluído,14/04/2025,3.66
27,57,517,37,São Paulo,Aplicativo,4,2,78.89,61.9,Concluído,25/08/2025,34.59
397,712,360,7,Ceará,Marketplace,5,1,169.61,103.55,Concluído,22/05/2025,8.92
1310,2373,582,29,Bahia,Marketplace,3,3,122.95,78.75,Concluído,19/10/2025,40.2
1182,2127,487,38,Paraná,Marketplace,2,1,105.64,48.05,Concluído,22/06/2024,3.76
1422,2589,647,16,Rio Grande do Sul,Marketplace,5,1,214.68,150.82,Concluído,26/04/2025,12.26
189,356,124,13,São Paulo,Marketplace,2,1,160.77,77.45,Concluído,19/04/2025,29.24
1023,1843,586,37,Rio de Janeiro,Site Próprio,6,1,111.83,61.9,Concluído,19/09/2025,13.67
1328,2408,604,31,São Paulo,Marketplace,3,1,51.1,39.52,Concluído,18/03/2025,9.91
563,1019,257,1,Minas Gerais,Site Próprio,3,1,121.57,91.78,Concluído,05/12/2025,16.01
729,1315,385,34,Distrito Federal,Site Próprio,5,2,92.16,37.12,Concluído,01/04/2024,9.49
1804,3297,349,8,São Paulo,Marketplace,4,1,56.63,43.6,Concluído,09/09/2025,11.69
1631,2964,334,51,Ceará,Aplicativo,5,3,227.38,201.19,Concluído,13/11/2025,27.15
161,308,27,14,São Paulo,Site Próprio,1,1,135.68,105.23,Cancelado,24/08/2024,23.69
451,814,494,36,Maranhão,Marketplace,6,1,142.94,66.1,Concluído,04/11/2024,9.81
21,42,585,53,Distrito Federal,Site Próprio,6,1,271.28,152.79,Concluído,10/01/2025,7.35
2365,4353,107,50,Minas Gerais,Site Próprio,5,1,232.08,118.05,Concluído,07/05/2025,20.93
775,1406,87,5,São Paulo,Marketplace,4,1,259.51,185.65,Concluído,21/07/2025,52.11
1882,3452,174,1,Mato Grosso do Sul,Site Próprio,4,1,196.94,91.78,Concluído,15/01/2025,27.26
930,1682,37,52,Paraná,Marketplace,4,3,172.19,115.34,Cancelado,01/09/2025,18.6
489,883,637,5,São Paulo,Marketplace,3,2,220.58,185.65,Concluído,05/04/2025,74.34
1866,3418,315,40,Mato Grosso do Sul,Marketplace,4,1,138.8,53.25,Concluído,01/04/2024,6.02
390,699,98,1,Bahia,Site Próprio,1,1,121.57,91.78,Concluído,07/11/2025,15.77
2604,4794,19,14,São Paulo,Marketplace,2,1,192.33,105.23,Concluído,19/12/2025,42.02
2051,3777,298,28,Ceará,Site Próprio,6,1,262.67,142.78,Concluído,09/04/2025,28.24
1140,2052,187,22,Mato Grosso do Sul,Marketplace,3,1,151.7,88.13,Concluído,21/07/2024,16.64
1989,3659,410,5,Bahia,Marketplace,3,1,220.58,185.65,Concluído,06/03/2025,23.98
115,216,585,6,Distrito Federal,Aplicativo,5,1,87.36,52.6,Concluído,17/10/2025,8.09
1666,3025,253,45,Rio de Janeiro,Aplicativo,6,2,61.99,39.57,Concluído,09/03/2025,11.68
1193,2147,298,17,Ceará,Marketplace,4,1,206.32,127.08,Concluído,27/11/2024,38.44
2166,3989,224,5,Santa Catarina,Aplicativo,5,1,233.56,185.65,Concluído,26/08/2024,12.15
1863,3412,447,35,Rio de Janeiro,Marketplace,4,1,138.22,79.44,Concluído,17/12/2025,19.75
1372,2483,639,6,Distrito Federal,Site Próprio,4,1,91.16,52.6,Concluído,24/05/2025,7.11
757,1371,396,49,Santa Catarina,Marketplace,5,1,112.5,73.39,Concluído,14/04/2025,9.84
864,1567,568,24,Bahia,Aplicativo,6,1,454.45,217.31,Concluído,20/09/2024,32.72
1216,2193,190,9,São Paulo,Marketplace,2,1,239.17,108.49,Concluído,19/12/2025,45.06
1816,3321,516,23,Rio de Janeiro,Site Próprio,4,1,48.47,43.89,Concluído,06/11/2025,10.46
2632,4851,137,9,Rio de Janeiro,Site Próprio,6,2,273.34,108.49,Concluído,01/08/2024,55.71
2620,4824,444,8,Rio de Janeiro,Site Próprio,5,1,56.63,43.6,Concluído,23/07/2024,4.19
1975,3633,397,15,São Paulo,Site Próprio,3,2,55.38,22.05,Concluído,13/03/2025,17.99
835,1517,146,1,Distrito Federal,Site Próprio,6,2,147.71,91.78,Concluído,14/07/2024,49.81
1515,2749,621,45,Paraná,Site Próprio,2,1,62.12,39.57,Concluído,04/11/2024,4.53
1382,2504,551,3,São Paulo,Site Próprio,2,2,57.96,26.91,Concluído,09/10/2024,27.37
1676,3045,83,8,Distrito Federal,Site Próprio,2,2,56.63,43.6,Concluído,17/05/2025,3.14
983,1767,571,45,Santa Catarina,Aplicativo,2,1,76.57,39.57,Concluído,23/09/2025,7.53
1214,2187,548,5,Mato Grosso,Site Próprio,3,3,272.49,185.65,Concluído,16/04/2024,51.01
2552,4698,198,32,São Paulo,Marketplace,1,1,312.66,130.06,Concluído,24/06/2025,73.19
1810,3309,494,37,Maranhão,Site Próprio,5,1,122.48,61.9,Concluído,10/11/2024,9.86
2048,3773,491,6,Rio de Janeiro,Marketplace,2,1,79.76,52.6,Cancelado,11/11/2025,9.32
573,1038,438,47,Minas Gerais,Marketplace,1,1,209.56,89.54,Concluído,06/07/2024,18.29
1344,2438,39,47,Goiás,Site Próprio,4,2,147.84,89.54,Concluído,09/10/2025,29.39
1652,3000,326,14,Paraná,Site Próprio,4,1,155.69,105.23,Concluído,14/04/2025,10.34
833,1511,390,47,São Paulo,Marketplace,1,1,209.56,89.54,Concluído,09/12/2024,40.4
223,412,372,25,Bahia,Site Próprio,4,2,21.53,16.13,Concluído,16/08/2025,2.82
2012,3705,202,30,São Paulo,Site Próprio,4,1,331.74,145.7,Concluído,07/11/2024,71.56
1889,3461,620,45,São Paulo,Marketplace,2,2,87.51,39.57,Concluído,16/11/2024,29.39
724,1302,161,8,Rio de Janeiro,Site Próprio,4,1,39.62,43.6,Concluído,18/06/2025,3.8
1783,3260,92,13,Rio Grande do Sul,Marketplace,6,1,113.88,77.45,Cancelado,24/09/2024,3.42
720,1297,105,23,Mato Grosso do Sul,Marketplace,5,1,65.43,43.89,Concluído,06/05/2025,13.14
1841,3373,492,29,Paraná,Site Próprio,1,1,151.89,78.75,Concluído,20/01/2025,13.94
1814,3317,230,15,São Paulo,Marketplace,6,1,55.38,22.05,Concluído,08/12/2025,11.28
2092,3853,28,3,Espírito Santo,Site Próprio,5,2,66.65,26.91,Concluído,06/03/2024,14.1
2102,3871,148,33,São Paulo,Site Próprio,5,1,196.19,122.16,Concluído,03/10/2025,34.86
2292,4228,244,7,São Paulo,Marketplace,1,1,160.19,103.55,Concluído,10/11/2025,31.0
1405,2550,311,18,São Paulo,Marketplace,6,2,745.59,173.9,Concluído,10/02/2025,246.64
2572,4737,433,34,Espírito Santo,Marketplace,4,1,96.77,37.12,Concluído,02/11/2025,7.4
419,759,295,20,Bahia,Site Próprio,1,1,62.78,55.18,Concluído,03/12/2025,5.82
1308,2368,311,44,São Paulo,Aplicativo,4,2,259.36,119.7,Concluído,11/11/2024,115.0
1368,2477,557,29,Mato Grosso do Sul,Site Próprio,6,1,151.89,78.75,Concluído,11/03/2025,13.97
1856,3401,607,52,Rio de Janeiro,Marketplace,3,1,309.94,115.34,Concluído,22/12/2025,27.96
730,1318,531,5,São Paulo,Site Próprio,6,2,192.23,185.65,Concluído,13/12/2025,90.54
1747,3185,352,12,São Paulo,Marketplace,6,2,489.38,209.52,Concluído,22/12/2024,226.0
35,74,2,32,Rio Grande do Sul,Marketplace,3,1,201.39,130.06,Concluído,12/11/2024,15.83
12,26,405,44,São Paulo,Site Próprio,2,2,200.47,119.7,Concluído,17/11/2024,91.21
1852,3396,571,13,Santa Catarina,Site Próprio,5,1,140.67,77.45,Concluído,10/06/2025,7.72
625,1127,617,25,Bahia,Site Próprio,4,2,29.07,16.13,Concluído,05/05/2025,2.31
630,1140,47,11,São Paulo,Marketplace,6,1,245.98,139.55,Concluído,14/04/2025,58.76
275,506,415,31,São Paulo,Site Próprio,3,1,51.1,39.52,Concluído,12/11/2024,11.63
861,1561,110,25,São Paulo,Site Próprio,1,1,29.07,16.13,Concluído,19/11/2024,5.86
2155,3966,460,6,São Paulo,Site Próprio,5,1,79.76,52.6,Concluído,20/09/2024,16.74
2605,4796,12,32,Distrito Federal,Marketplace,5,1,271.88,130.06,Concluído,20/11/2024,15.66
1873,3431,632,2,São Paulo,Aplicativo,6,1,412.13,137.72,Concluído,09/04/2025,94.42
621,1121,318,51,Pernambuco,Aplicativo,4,1,227.38,201.19,Concluído,20/04/2025,8.85
615,1113,196,48,São Paulo,Marketplace,2,1,239.53,66.62,Concluído,20/02/2025,52.84
324,587,617,16,Bahia,Site Próprio,1,2,173.79,150.82,Concluído,13/11/2024,17.0
332,602,599,35,Santa Catarina,Site Próprio,2,1,176.61,79.44,Concluído,05/08/2025,16.21
337,612,494,8,Maranhão,Marketplace,2,1,53.6,43.6,Concluído,25/03/2025,5.36
1748,3187,629,48,São Paulo,Site Próprio,2,1,177.43,66.62,Concluído,04/12/2025,40.15
1366,2474,305,49,São Paulo,Marketplace,6,1,106.25,73.39,Concluído,17/12/2024,24.2
1479,2697,457,23,São Paulo,Marketplace,1,1,80.83,43.89,Concluído,11/09/2025,26.88
604,1090,177,1,São Paulo,Site Próprio,6,1,172.33,91.78,Concluído,06/11/2025,45.94
1509,2738,188,5,Espírito Santo,Marketplace,3,1,220.58,185.65,Concluído,21/08/2025,15.51
846,1536,350,43,Paraná,Marketplace,4,1,353.54,182.69,Concluído,16/12/2024,20.36
776,1409,579,11,São Paulo,Marketplace,4,1,245.98,139.55,Concluído,10/11/2025,43.86
1436,2614,533,8,Bahia,Site Próprio,5,3,72.36,43.6,Concluído,16/08/2025,18.52
186,349,28,18,Espírito Santo,Marketplace,4,1,552.29,173.9,Concluído,16/08/2025,44.63
490,886,28,4,Espírito Santo,Site Próprio,5,1,312.39,160.15,Cancelado,20/05/2025,33.11
2603,4791,1,1,Santa Catarina,Site Próprio,4,2,147.71,91.78,Concluído,23/11/2025,41.51
2391,4403,343,33,Espírito Santo,Marketplace,1,3,242.35,122.16,Concluído,01/09/2024,57.15
433,783,564,41,Distrito Federal,Site Próprio,4,1,392.59,180.53,Concluído,25/10/2025,35.73
2459,4530,214,2,Paraná,Site Próprio,3,2,412.13,137.72,Concluído,02/01/2025,45.42
2053,3781,167,53,São Paulo,Marketplace,3,2,318.47,152.79,Cancelado,27/11/2025,115.54
348,630,322,36,Ceará,Site Próprio,5,2,130.51,66.1,Concluído,03/05/2025,12.71
2133,3930,593,45,Bahia,Site Próprio,6,1,61.99,39.57,Concluído,12/12/2024,5.1
2611,4805,508,8,São Paulo,Marketplace,6,1,72.36,43.6,Concluído,09/02/2025,13.23
1404,2549,603,8,Rio Grande do Sul,Aplicativo,5,1,53.48,43.6,Concluído,21/11/2024,2.32
1921,3522,432,17,Ceará,Site Próprio,5,1,206.32,127.08,Concluído,07/12/2025,42.77
1355,2458,308,14,Bahia,Site Próprio,1,1,155.69,105.23,Concluído,01/12/2025,7.46
221,409,198,31,São Paulo,Marketplace,6,3,69.14,39.52,Concluído,25/10/2025,46.09
1850,3392,350,49,Paraná,Site Próprio,1,1,112.5,73.39,Concluído,02/01/2025,9.47
84,165,63,20,Rio Grande do Sul,Aplicativo,1,3,69.76,55.18,Concluído,06/07/2025,21.2
1786,3266,224,47,Santa Catarina,Marketplace,3,3,179.63,89.54,Concluído,08/04/2025,57.77
2455,4521,9,12,Distrito Federal,Marketplace,5,1,396.16,209.52,Concluído,04/09/2025,21.51
1289,2337,491,44,Rio de Janeiro,Site Próprio,5,2,175.41,119.7,Concluído,04/08/2025,32.06
1131,2039,649,5,Paraná,Marketplace,2,1,272.49,185.65,Concluído,14/11/2025,27.55
1091,1970,465,16,Rio Grande do Sul,Marketplace,1,1,289.82,150.82,Concluído,22/07/2025,21.27
908,1650,323,21,Minas Gerais,Site Próprio,2,1,107.92,94.68,Concluído,17/08/2025,4.32
1990,3661,211,5,Espírito Santo,Marketplace,1,1,220.58,185.65,Cancelado,01/07/2025,18.18
1339,2427,150,51,São Paulo,Site Próprio,2,2,325.02,201.19,Concluído,27/10/2025,130.33
603,1088,38,21,Bahia,Site Próprio,5,1,179.97,94.68,Concluído,27/11/2025,9.3
2573,4740,610,13,Santa Catarina,Site Próprio,4,1,120.58,77.45,Cancelado,24/11/2025,9.72
2180,4021,24,15,Distrito Federal,Marketplace,5,1,48.15,22.05,Concluído,04/11/2024,2.8
1723,3140,78,5,Amazonas,Site Próprio,1,1,233.56,185.65,Concluído,04/12/2024,12.89
1999,3678,514,6,Mato Grosso do Sul,Aplicativo,6,1,75.96,52.6,Concluído,11/12/2024,4.34
2199,4053,318,40,Pernambuco,Site Próprio,2,1,98.32,53.25,Concluído,03/08/2025,3.75
975,1755,391,47,Rio de Janeiro,Site Próprio,5,1,147.84,89.54,Concluído,09/07/2025,14.8
153,295,104,13,São Paulo,Aplicativo,6,1,114.13,77.45,Concluído,08/12/2025,24.94
2628,4843,326,44,Paraná,Aplicativo,3,2,191.7,119.7,Cancelado,07/11/2024,34.12
534,966,287,21,Minas Gerais,Site Próprio,5,2,205.68,94.68,Concluído,08/12/2024,17.94
1016,1823,449,5,São Paulo,Site Próprio,4,1,173.01,185.65,Concluído,16/10/2024,40.78
1056,1910,117,36,Pernambuco,Marketplace,3,1,105.88,66.1,Concluído,23/12/2025,3.54
1606,2915,437,31,Rio de Janeiro,Marketplace,2,1,97.39,39.52,Concluído,08/05/2025,8.34
1579,2861,398,6,Ceará,Marketplace,2,1,75.96,52.6,Concluído,25/12/2025,4.14
1904,3497,523,38,São Paulo,Marketplace,6,1,105.64,48.05,Concluído,05/03/2025,20.46
1306,2364,291,27,Pernambuco,Aplicativo,5,1,192.75,88.49,Concluído,07/11/2025,16.56
289,529,457,42,São Paulo,Marketplace,4,2,52.28,37.56,Concluído,20/09/2024,24.47
1757,3203,481,50,Distrito Federal,Marketplace,3,1,171.54,118.05,Concluído,08/09/2024,6.47
1766,3226,522,36,São Paulo,Marketplace,6,1,105.65,66.1,Concluído,06/11/2025,17.12
1090,1969,211,41,Espírito Santo,Site Próprio,5,1,333.7,180.53,Concluído,14/08/2025,23.56
1237,2238,440,49,Bahia,Site Próprio,3,1,131.25,73.39,Concluído,27/11/2025,13.81
13,28,192,13,Paraná,Aplicativo,2,1,99.24,77.45,Concluído,10/07/2024,9.91
2072,3809,108,38,Rio Grande do Sul,Site Próprio,1,2,110.92,48.05,Concluído,09/06/2025,18.86
924,1674,219,51,Goiás,Aplicativo,5,2,433.37,201.19,Concluído,03/03/2025,64.31
144,275,115,5,Minas Gerais,Marketplace,5,1,173.01,185.65,Concluído,26/12/2025,10.05
595,1073,483,4,Minas Gerais,Site Próprio,1,3,230.9,160.15,Concluído,09/12/2025,24.8
596,1075,347,5,Mato Grosso do Sul,Site Próprio,5,3,201.84,185.65,Concluído,11/12/2024,36.03
1972,3629,530,17,São Paulo,Site Próprio,5,1,175.37,127.08,Concluído,01/05/2024,47.86
2252,4152,321,1,São Paulo,Marketplace,5,1,196.94,91.78,Concluído,21/08/2025,58.55
2014,3709,546,32,São Paulo,Site Próprio,3,1,231.1,130.06,Concluído,20/10/2024,51.63
2341,4317,115,42,Minas Gerais,Marketplace,3,1,60.49,37.56,Concluído,12/02/2025,3.57
1271,2303,545,45,Santa Catarina,Site Próprio,6,3,72.93,39.57,Cancelado,07/12/2025,10.87
1847,3383,312,41,Rio Grande do Sul,Marketplace,6,2,392.59,180.53,Concluído,04/09/2025,79.85
2285,4212,450,5,Minas Gerais,Marketplace,2,1,259.51,185.65,Concluído,22/11/2025,9.78
716,1291,350,29,Paraná,Aplicativo,3,1,130.19,78.75,Concluído,19/11/2025,9.79
323,586,86,20,Rio Grande do Sul,Marketplace,3,2,62.78,55.18,Concluído,22/10/2025,4.17
464,838,66,5,São Paulo,Marketplace,2,1,192.23,185.65,Concluído,18/05/2025,38.33
397,711,360,1,Ceará,Marketplace,5,1,147.71,91.78,Concluído,22/05/2025,25.21
2301,4244,188,39,Espírito Santo,Marketplace,5,1,442.41,144.85,Concluído,16/12/2025,27.47
1436,2616,533,38,Bahia,Site Próprio,5,1,121.48,48.05,Concluído,16/08/2025,5.59
695,1251,259,25,Minas Gerais,Site Próprio,4,1,21.53,16.13,Concluído,10/11/2025,1.32
2237,4120,131,5,Bahia,Aplicativo,3,1,259.51,185.65,Concluído,04/02/2025,23.72
1633,2966,230,28,São Paulo,Marketplace,6,1,302.07,142.78,Concluído,12/06/2025,67.72
792,1438,585,1,Distrito Federal,Marketplace,3,1,188.74,91.78,Concluído,09/12/2025,24.54
1964,3605,112,13,São Paulo,Site Próprio,5,2,113.88,77.45,Concluído,23/10/2025,47.1
855,1554,79,28,Bahia,Site Próprio,1,1,175.11,142.78,Concluído,16/04/2024,9.51
451,817,494,6,Maranhão,Marketplace,6,1,87.36,52.6,Concluído,04/11/2024,2.89
692,1244,311,29,São Paulo,Site Próprio,2,1,166.35,78.75,Concluído,25/05/2025,35.1
2029,3739,168,19,São Paulo,Site Próprio,1,3,584.14,137.57,Concluído,12/10/2025,294.41
528,958,426,10,São Paulo,Site Próprio,5,1,150.19,120.42,Concluído,17/08/2025,30.53
160,303,576,36,São Paulo,Site Próprio,6,2,82.86,66.1,Concluído,25/11/2024,29.91
1438,2620,323,8,Minas Gerais,Site Próprio,3,1,53.48,43.6,Concluído,01/03/2025,4.95
2538,4679,49,42,Rio Grande do Sul,Marketplace,6,1,70.58,37.56,Concluído,21/03/2025,2.4
2067,3803,168,25,São Paulo,Site Próprio,2,1,39.32,16.13,Concluído,19/06/2024,6.64
1470,2679,395,29,Rio de Janeiro,Site Próprio,6,1,173.58,78.75,Concluído,02/11/2024,14.36
1373,2486,636,29,São Paulo,Aplicativo,1,1,151.89,78.75,Concluído,09/11/2024,25.7
2599,4784,481,7,Distrito Federal,Marketplace,4,2,160.19,103.55,Concluído,16/09/2025,6.95
1916,3516,307,4,Paraná,Aplicativo,2,1,230.9,160.15,Concluído,25/06/2025,19.23
589,1064,422,45,São Paulo,Marketplace,4,1,45.92,39.57,Concluído,10/03/2025,9.06
485,873,352,9,São Paulo,Site Próprio,5,1,239.17,108.49,Concluído,27/09/2024,42.72
2592,4772,494,28,Maranhão,Site Próprio,4,1,302.07,142.78,Concluído,06/05/2024,29.15
1557,2820,329,1,Minas Gerais,Site Próprio,2,1,139.5,91.78,Concluído,25/02/2025,22.03
2072,3810,108,31,Rio Grande do Sul,Site Próprio,1,1,85.22,39.52,Concluído,09/06/2025,3.6
526,953,342,3,Rio Grande do Sul,Site Próprio,6,1,66.65,26.91,Concluído,20/12/2024,3.23
80,160,390,5,São Paulo,Marketplace,5,3,201.84,185.65,Concluído,08/10/2024,117.77
500,907,105,25,Mato Grosso do Sul,Site Próprio,3,1,21.53,16.13,Concluído,01/02/2025,1.86
511,924,390,20,São Paulo,Site Próprio,1,2,98.88,55.18,Concluído,07/11/2025,40.74
1528,2771,187,25,Mato Grosso do Sul,Marketplace,5,1,29.07,16.13,Concluído,04/10/2025,1.52
29,60,616,44,São Paulo,Site Próprio,1,1,175.41,119.7,Concluído,13/05/2025,38.03
1609,2923,554,6,Rio Grande do Sul,Site Próprio,5,1,50.64,52.6,Concluído,14/07/2025,4.14
2436,4488,486,36,São Paulo,Site Próprio,4,1,124.29,66.1,Concluído,22/10/2025,27.79
2513,4636,390,37,São Paulo,Marketplace,5,2,111.83,61.9,Concluído,15/08/2024,50.41
1094,1976,219,12,Goiás,Site Próprio,6,1,559.29,209.52,Concluído,01/12/2024,32.16
11,24,511,22,Bahia,Aplicativo,3,1,151.7,88.13,Concluído,22/04/2024,7.65
2065,3801,321,5,São Paulo,Site Próprio,5,1,311.41,185.65,Concluído,02/01/2025,53.0
1441,2626,429,13,Rio de Janeiro,Site Próprio,1,1,160.77,77.45,Concluído,17/03/2025,14.65
380,684,169,27,São Paulo,Site Próprio,4,1,192.75,88.49,Cancelado,18/11/2024,40.57
1686,3064,33,10,Minas Gerais,Site Próprio,4,1,274.31,120.42,Concluído,26/11/2025,22.16
1320,2395,321,5,São Paulo,Site Próprio,5,1,311.41,185.65,Concluído,17/12/2025,60.23
2276,4198,346,12,São Paulo,Site Próprio,3,1,559.29,209.52,Concluído,05/03/2024,122.71
1189,2141,579,26,São Paulo,Marketplace,3,3,343.8,164.45,Concluído,02/05/2025,244.44
1142,2057,597,21,São Paulo,Aplicativo,3,1,154.26,94.68,Concluído,11/12/2024,32.95
1483,2703,356,47,Rio de Janeiro,Marketplace,5,1,199.58,89.54,Concluído,27/05/2025,25.29
120,229,199,17,São Paulo,Site Próprio,3,3,129.91,127.08,Concluído,13/10/2025,124.01
265,490,132,5,Minas Gerais,Site Próprio,4,1,192.23,185.65,Concluído,19/06/2025,19.3
687,1238,230,4,São Paulo,Site Próprio,1,2,231.4,160.15,Concluído,22/06/2025,81.87
459,830,73,43,São Paulo,Aplicativo,1,1,349.18,182.69,Concluído,24/02/2025,75.98
2269,4185,490,5,São Paulo,Marketplace,5,1,259.51,185.65,Cancelado,03/09/2025,46.35
209,386,116,23,Paraná,Marketplace,1,3,48.47,43.89,Concluído,09/12/2024,28.97
1928,3535,292,6,São Paulo,Site Próprio,3,1,64.57,52.6,Concluído,13/10/2025,11.2
1379,2498,274,49,Rio de Janeiro,Site Próprio,6,1,125.0,73.39,Concluído,18/02/2025,11.28
1262,2284,620,5,São Paulo,Aplicativo,5,1,311.41,185.65,Concluído,26/11/2025,62.56
7,16,635,42,Minas Gerais,Site Próprio,6,1,52.28,37.56,Concluído,19/05/2024,4.22
2008,3699,96,17,Pernambuco,Site Próprio,6,1,237.27,127.08,Cancelado,22/12/2025,51.32
1734,3163,318,26,Pernambuco,Site Próprio,3,1,292.23,164.45,Concluído,08/02/2024,18.56
2610,4803,554,44,Rio Grande do Sul,Aplicativo,6,1,202.98,119.7,Concluído,05/11/2024,18.55
766,1389,206,20,Bahia,Site Próprio,4,2,80.05,55.18,Concluído,20/05/2024,7.64
2376,4369,579,12,São Paulo,Site Próprio,5,1,466.07,209.52,Concluído,03/12/2024,92.38
877,1589,82,49,Minas Gerais,Site Próprio,4,1,131.25,73.39,Concluído,25/11/2024,4.66
2631,4847,72,9,São Paulo,Site Próprio,5,2,239.17,108.49,Concluído,27/07/2024,100.02
1830,3349,501,31,Rio de Janeiro,Site Próprio,6,1,60.12,39.52,Concluído,17/05/2025,7.11
2526,4658,485,17,Rio Grande do Sul,Site Próprio,1,1,206.32,127.08,Cancelado,11/10/2025,45.49
973,1752,542,33,Rio de Janeiro,Marketplace,2,1,230.81,122.16,Concluído,01/04/2025,26.96
1790,3275,189,31,Santa Catarina,Site Próprio,5,1,81.16,39.52,Concluído,25/02/2025,5.89
639,1151,264,25,Ceará,Site Próprio,5,1,34.2,16.13,Concluído,01/08/2025,2.21
1870,3427,252,51,Rio Grande do Sul,Marketplace,5,1,325.02,201.19,Concluído,13/11/2025,30.71
726,1305,524,5,Pernambuco,Site Próprio,3,1,192.23,185.65,Cancelado,22/04/2025,13.92
683,1232,139,14,Rio Grande do Sul,Aplicativo,5,1,162.82,105.23,Concluído,12/03/2025,10.96
1512,2745,509,3,Pernambuco,Site Próprio,1,1,49.26,26.91,Concluído,04/11/2025,3.53
997,1793,26,51,São Paulo,Aplicativo,3,1,379.2,201.19,Concluído,20/03/2025,73.64
2439,4493,72,35,São Paulo,Site Próprio,1,1,161.25,79.44,Concluído,26/06/2025,34.56
705,1270,494,32,Maranhão,Site Próprio,4,2,312.66,130.06,Concluído,08/02/2025,33.7
1733,3161,202,52,São Paulo,Aplicativo,5,1,271.2,115.34,Concluído,08/11/2025,46.65
1902,3489,410,47,Bahia,Marketplace,6,2,169.65,89.54,Concluído,12/07/2025,16.42
533,964,270,19,Santa Catarina,Site Próprio,5,1,319.82,137.57,Concluído,12/05/2025,22.74
1729,3155,482,6,São Paulo,Marketplace,2,3,68.37,52.6,Concluído,09/11/2025,42.7
271,498,170,16,São Paulo,Site Próprio,1,1,173.79,150.82,Concluído,10/04/2024,38.55
187,353,315,47,Mato Grosso do Sul,Site Próprio,5,1,239.5,89.54,Concluído,07/07/2024,7.93
1022,1839,27,25,São Paulo,Marketplace,5,2,34.2,16.13,Concluído,26/08/2024,14.24
2024,3729,465,50,Rio Grande do Sul,Site Próprio,1,3,211.9,118.05,Concluído,20/10/2024,35.03
1376,2491,39,6,Goiás,Site Próprio,4,2,75.96,52.6,Concluído,16/11/2025,16.29
2,2,643,46,Rio de Janeiro,Site Próprio,3,1,99.2,81.26,Concluído,16/02/2025,8.23
149,286,385,33,Distrito Federal,Site Próprio,4,2,170.97,122.16,Concluído,11/02/2024,8.14
906,1647,171,3,São Paulo,Marketplace,3,2,49.26,26.91,Concluído,08/12/2024,22.65
434,784,357,36,São Paulo,Marketplace,3,1,105.88,66.1,Concluído,05/11/2024,18.61
1602,2909,402,24,Rio Grande do Sul,Site Próprio,2,1,454.45,217.31,Cancelado,13/12/2024,23.81
2057,3787,440,5,Bahia,Site Próprio,3,3,272.49,185.65,Concluído,19/07/2025,82.4
2483,4577,24,23,Distrito Federal,Aplicativo,1,1,76.98,43.89,Concluído,05/12/2025,10.55
1321,2397,77,18,São Paulo,Site Próprio,3,3,680.75,173.9,Concluído,18/10/2024,353.72
33,69,235,49,Rio de Janeiro,Site Próprio,6,1,92.59,73.39,Concluído,25/12/2025,7.51
218,404,32,26,Ceará,Aplicativo,1,1,229.2,164.45,Concluído,25/11/2024,8.04
1875,3435,206,24,Bahia,Site Próprio,4,2,386.28,217.31,Concluído,01/02/2024,72.47
1549,2803,427,28,Paraná,Site Próprio,3,2,223.27,142.78,Concluído,27/08/2025,33.36
440,798,258,7,São Paulo,Site Próprio,2,2,146.58,103.55,Concluído,14/09/2024,47.64
1703,3099,558,28,Pará,Site Próprio,2,1,262.67,142.78,Concluído,17/04/2025,24.64
2625,4833,151,40,Paraná,Marketplace,3,2,98.32,53.25,Concluído,21/09/2024,19.33
2367,4356,523,20,São Paulo,Marketplace,6,1,94.18,55.18,Concluído,27/11/2024,20.37
1122,2024,251,6,Rio de Janeiro,Site Próprio,4,1,75.96,52.6,Concluído,07/12/2025,10.44
90,178,635,52,Minas Gerais,Marketplace,2,2,271.2,115.34,Concluído,13/07/2024,56.95
527,954,573,10,Minas Gerais,Marketplace,5,1,176.69,120.42,Cancelado,22/06/2025,8.16
1872,3429,628,8,Ceará,Site Próprio,1,2,62.92,43.6,Concluído,10/04/2025,8.43
1189,2140,579,35,São Paulo,Marketplace,3,1,153.58,79.44,Concluído,02/05/2025,33.13
667,1201,644,41,Pernambuco,Marketplace,6,2,353.33,180.53,Concluído,24/11/2024,50.53
2275,4196,645,13,Mato Grosso do Sul,Site Próprio,1,1,113.88,77.45,Concluído,18/09/2025,10.48
1606,2916,437,6,Rio de Janeiro,Marketplace,2,3,91.16,52.6,Concluído,08/05/2025,21.44
2006,3693,26,46,São Paulo,Site Próprio,2,1,165.44,81.26,Concluído,07/03/2024,31.52
1270,2301,569,8,Minas Gerais,Site Próprio,5,1,72.36,43.6,Concluído,04/05/2025,4.92
976,1757,579,35,São Paulo,Site Próprio,5,1,153.58,79.44,Concluído,08/09/2025,34.74
1901,3487,82,5,Minas Gerais,Site Próprio,3,1,272.49,185.65,Concluído,10/05/2025,22.13
1432,2607,436,3,Maranhão,Marketplace,2,1,49.26,26.91,Concluído,11/01/2025,2.7
869,1578,414,44,Rio Grande do Sul,Aplicativo,3,1,175.41,119.7,Concluído,16/12/2025,7.54
1496,2720,546,46,São Paulo,Site Próprio,3,1,133.92,81.26,Concluído,20/11/2024,31.44
1240,2242,463,36,Rio de Janeiro,Aplicativo,6,3,130.51,66.1,Concluído,27/06/2025,49.22
1069,1929,277,18,Rio de Janeiro,Marketplace,3,1,408.21,173.9,Concluído,10/11/2024,53.52
1531,2775,461,49,Minas Gerais,Aplicativo,2,2,131.25,73.39,Concluído,10/11/2025,25.86
830,1508,333,3,Santa Catarina,Site Próprio,6,1,49.26,26.91,Concluído,01/11/2024,2.69
824,1498,119,14,Ceará,Aplicativo,4,2,155.69,105.23,Concluído,16/11/2025,21.61
1265,2293,268,42,São Paulo,Site Próprio,2,1,67.22,37.56,Concluído,03/07/2025,14.82
1377,2494,263,43,São Paulo,Site Próprio,6,1,333.9,182.69,Concluído,12/10/2025,56.96
2233,4115,620,38,São Paulo,Marketplace,6,1,126.77,48.05,Concluído,06/11/2024,29.55
296,539,364,5,Goiás,Site Próprio,6,3,192.23,185.65,Concluído,21/10/2025,55.36
739,1331,24,37,Distrito Federal,Site Próprio,4,1,106.5,61.9,Concluído,20/12/2025,8.2
1272,2304,635,26,Minas Gerais,Marketplace,6,2,360.99,164.45,Concluído,21/06/2025,65.56
1380,2500,125,49,Maranhão,Marketplace,1,3,143.75,73.39,Concluído,14/05/2025,36.61
886,1613,374,32,São Paulo,Marketplace,6,2,244.69,130.06,Concluído,23/08/2025,115.2
819,1489,10,16,Pernambuco,Marketplace,5,1,276.02,150.82,Cancelado,20/11/2025,19.85
1120,2019,319,22,Minas Gerais,Site Próprio,3,2,240.93,88.13,Concluído,01/12/2024,50.07
968,1745,284,23,São Paulo,Aplicativo,1,2,51.32,43.89,Concluído,18/10/2025,29.62
2612,4808,315,3,Mato Grosso do Sul,Marketplace,1,1,69.55,26.91,Concluído,21/11/2025,7.28
2256,4160,116,9,Paraná,Site Próprio,3,1,193.62,108.49,Concluído,02/11/2025,8.19
2587,4761,91,3,São Paulo,Marketplace,1,1,49.26,26.91,Concluído,16/02/2025,8.28
60,121,637,16,São Paulo,Marketplace,5,1,173.79,150.82,Concluído,05/12/2025,30.66
2177,4014,592,16,Minas Gerais,Site Próprio,6,1,276.02,150.82,Concluído,14/11/2024,9.3
2584,4757,639,8,Distrito Federal,Aplicativo,6,1,75.51,43.6,Cancelado,08/11/2025,3.07
524,949,114,46,Pará,Site Próprio,1,1,134.22,81.26,Concluído,10/12/2025,14.6
277,511,244,1,São Paulo,Site Próprio,4,2,103.33,91.78,Concluído,24/03/2024,69.29
769,1394,380,49,São Paulo,Site Próprio,5,2,106.25,73.39,Concluído,10/10/2024,42.31
831,1509,43,47,São Paulo,Aplicativo,1,2,179.63,89.54,Concluído,16/05/2024,74.15
2007,3694,382,22,São Paulo,Site Próprio,6,1,178.47,88.13,Concluído,25/11/2025,39.39
2279,4202,178,5,São Paulo,Marketplace,5,1,233.56,185.65,Concluído,20/06/2024,45.38
739,1332,24,50,Distrito Federal,Site Próprio,4,1,201.81,118.05,Concluído,20/12/2025,12.75
727,1310,551,13,São Paulo,Aplicativo,1,1,99.24,77.45,Concluído,03/09/2024,23.62
2468,4546,642,6,Rio de Janeiro,Site Próprio,2,1,91.16,52.6,Concluído,25/12/2025,9.65
1638,2974,83,1,Distrito Federal,Site Próprio,3,1,147.71,91.78,Concluído,15/11/2025,28.54
2603,4790,1,52,Santa Catarina,Site Próprio,4,1,232.45,115.34,Concluído,23/11/2025,10.99
2004,3689,41,34,Bahia,Site Próprio,6,2,110.6,37.12,Concluído,01/04/2025,14.78
2023,3728,385,35,Distrito Federal,Marketplace,1,1,153.58,79.44,Concluído,01/10/2025,14.82
2122,3909,42,14,Rio de Janeiro,Aplicativo,6,1,155.69,105.23,Concluído,24/05/2024,13.65
1554,2813,615,46,São Paulo,Site Próprio,3,1,189.07,81.26,Concluído,27/06/2025,31.67
1402,2540,473,51,São Paulo,Marketplace,2,1,306.97,201.19,Concluído,15/04/2025,55.72
1465,2670,32,4,Ceará,Marketplace,4,1,244.48,160.15,Concluído,08/12/2025,26.48
2141,3940,149,40,São Paulo,Site Próprio,5,1,98.32,53.25,Concluído,02/12/2024,23.05
1972,3627,530,27,São Paulo,Site Próprio,5,2,192.75,88.49,Concluído,01/05/2024,65.3
2172,4003,12,31,Distrito Federal,Site Próprio,5,1,81.16,39.52,Concluído,09/05/2024,3.04
2183,4025,355,5,São Paulo,Marketplace,4,1,233.56,185.65,Concluído,03/01/2025,45.54
2366,4355,406,4,São Paulo,Site Próprio,3,1,325.98,160.15,Concluído,26/10/2024,62.78
369,664,14,36,Distrito Federal,Marketplace,2,1,96.67,66.1,Concluído,24/04/2025,6.9
1560,2823,214,29,Paraná,Marketplace,1,2,166.35,78.75,Concluído,11/12/2024,31.71
316,574,326,6,Paraná,Site Próprio,6,2,64.57,52.6,Concluído,13/05/2024,4.18
389,697,95,5,Amazonas,Aplicativo,3,2,173.01,185.65,Concluído,17/11/2025,33.25
1985,3649,133,25,Rio de Janeiro,Marketplace,5,3,29.07,16.13,Concluído,16/11/2024,12.03
2464,4541,615,35,São Paulo,Aplicativo,2,1,184.29,79.44,Concluído,09/11/2025,36.82
2349,4332,270,21,Santa Catarina,Site Próprio,4,2,145.69,94.68,Concluído,10/03/2024,20.8
1738,3170,295,34,Bahia,Aplicativo,3,1,82.95,37.12,Concluído,05/10/2025,6.98
2089,3848,520,48,São Paulo,Site Próprio,1,3,209.59,66.62,Cancelado,20/11/2025,123.18
594,1072,219,1,Goiás,Site Próprio,6,1,145.88,91.78,Concluído,21/07/2024,24.61
2076,3819,323,24,Minas Gerais,Marketplace,5,1,386.28,217.31,Concluído,14/05/2025,12.86
1214,2188,548,4,Mato Grosso,Site Próprio,3,1,285.23,160.15,Concluído,16/04/2024,22.3
2099,3863,133,22,Rio de Janeiro,Marketplace,2,3,204.79,88.13,Concluído,07/05/2025,67.58
1138,2046,514,1,Mato Grosso do Sul,Site Próprio,1,2,121.57,91.78,Concluído,24/11/2024,52.13
147,283,35,6,Amazonas,Site Próprio,1,1,47.83,52.6,Concluído,03/08/2024,1.46
135,259,167,33,São Paulo,Marketplace,4,1,170.97,122.16,Concluído,13/07/2025,38.25
1464,2665,96,5,Pernambuco,Site Próprio,5,3,298.44,185.65,Concluído,09/03/2025,77.0
1009,1812,450,5,Minas Gerais,Marketplace,2,2,259.51,185.65,Concluído,17/07/2025,42.82
999,1798,300,17,Bahia,Site Próprio,3,1,185.69,127.08,Concluído,04/02/2024,39.16
2234,4116,475,5,Rio de Janeiro,Marketplace,2,1,259.51,185.65,Cancelado,21/03/2025,20.5
1770,3234,557,5,Mato Grosso do Sul,Marketplace,1,1,272.49,185.65,Concluído,21/12/2025,15.59
405,726,145,23,Rio Grande do Sul,Site Próprio,2,1,48.47,43.89,Concluído,19/05/2024,7.05
900,1637,147,30,São Paulo,Marketplace,6,1,268.55,145.7,Cancelado,26/09/2025,61.85
1607,2919,70,38,Mato Grosso do Sul,Site Próprio,3,1,126.77,48.05,Concluído,18/04/2025,6.74
377,678,10,40,Pernambuco,Site Próprio,2,1,115.67,53.25,Concluído,20/11/2025,12.02
2079,3827,532,14,São Paulo,Site Próprio,6,1,155.69,105.23,Concluído,10/11/2024,29.22
641,1153,571,53,Santa Catarina,Marketplace,2,1,247.7,152.79,Concluído,05/07/2025,16.74
745,1347,560,41,São Paulo,Site Próprio,3,1,353.33,180.53,Concluído,23/05/2025,58.79
26,56,40,30,Bahia,Site Próprio,2,1,234.03,145.7,Concluído,09/07/2024,9.55
2080,3828,395,25,Rio de Janeiro,Site Próprio,4,3,41.03,16.13,Concluído,19/06/2025,18.37
457,826,444,49,Rio de Janeiro,Marketplace,2,1,83.33,73.39,Concluído,19/12/2024,8.1
778,1412,394,36,São Paulo,Site Próprio,6,1,105.65,66.1,Concluído,03/09/2025,21.32
851,1547,416,10,Paraná,Aplicativo,4,3,214.68,120.42,Concluído,11/02/2025,21.45
1823,3337,202,23,São Paulo,Site Próprio,6,1,80.83,43.89,Concluído,07/08/2024,25.59
1226,2215,589,12,São Paulo,Site Próprio,2,2,489.38,209.52,Concluído,11/12/2025,233.43
42,86,343,4,Espírito Santo,Aplicativo,2,1,211.28,160.15,Concluído,21/05/2024,11.45
1608,2921,30,8,Rio de Janeiro,Site Próprio,1,3,72.36,43.6,Concluído,09/11/2025,22.23
751,1362,125,23,Maranhão,Marketplace,6,2,88.52,43.89,Concluído,06/06/2025,24.2
1614,2936,298,42,Ceará,Site Próprio,5,2,67.22,37.56,Concluído,21/09/2025,11.87
492,889,308,8,Bahia,Marketplace,3,1,53.48,43.6,Concluído,20/07/2024,4.73
1626,2955,556,8,Rio Grande do Sul,Marketplace,1,1,62.92,43.6,Concluído,04/03/2025,6.68
933,1688,356,12,Rio de Janeiro,Site Próprio,2,1,466.07,209.52,Concluído,05/06/2025,36.26
1014,1820,421,5,Espírito Santo,Site Próprio,5,1,233.56,185.65,Concluído,14/02/2025,25.5
1092,1973,344,10,São Paulo,Site Próprio,3,2,185.52,120.42,Concluído,02/02/2025,72.43
1404,2547,603,7,Rio Grande do Sul,Aplicativo,5,2,160.19,103.55,Concluído,21/11/2024,16.63
399,715,383,5,Ceará,Aplicativo,4,2,201.84,185.65,Concluído,20/11/2024,36.73
2508,4626,422,28,São Paulo,Site Próprio,2,1,223.27,142.78,Concluído,17/12/2025,42.53
584,1057,204,47,São Paulo,Site Próprio,6,3,209.56,89.54,Concluído,09/08/2024,118.19
1263,2287,418,21,São Paulo,Site Próprio,2,1,107.92,94.68,Concluído,26/12/2025,22.0
2476,4562,172,47,São Paulo,Site Próprio,5,1,199.58,89.54,Concluído,16/05/2025,36.88
2632,4849,137,1,Rio de Janeiro,Site Próprio,6,1,196.94,91.78,Concluído,01/08/2024,46.02
1222,2208,611,29,Santa Catarina,Site Próprio,2,2,112.51,78.75,Concluído,26/07/2025,8.44
2098,3862,463,40,Rio de Janeiro,Marketplace,4,1,121.45,53.25,Concluído,13/09/2024,15.42
2514,4637,226,9,Rio de Janeiro,Marketplace,6,3,205.01,108.49,Concluído,13/12/2025,55.54
1574,2849,196,49,São Paulo,Marketplace,1,1,150.0,73.39,Concluído,12/01/2025,30.9
340,618,399,35,Santa Catarina,Marketplace,5,1,102.38,79.44,Concluído,25/11/2025,6.68
1987,3654,380,31,São Paulo,Site Próprio,1,3,68.99,39.52,Concluído,06/05/2024,37.77
2325,4283,25,22,Minas Gerais,Site Próprio,3,1,240.93,88.13,Concluído,02/05/2025,12.02
62,124,379,5,Paraná,Site Próprio,6,1,201.84,185.65,Concluído,16/12/2024,15.54
2536,4672,435,30,Rio Grande do Sul,Aplicativo,6,3,198.93,145.7,Concluído,21/12/2025,43.57
1135,2043,360,17,Ceará,Site Próprio,4,2,185.69,127.08,Concluído,22/05/2025,84.45
179,335,454,5,São Paulo,Marketplace,6,1,221.06,185.65,Concluído,15/11/2024,49.08
751,1363,125,33,Maranhão,Marketplace,6,1,265.43,122.16,Concluído,06/06/2025,23.09
160,305,576,46,São Paulo,Site Próprio,6,2,105.04,81.26,Concluído,25/11/2024,42.02
1529,2773,129,49,Paraná,Site Próprio,6,1,125.0,73.39,Concluído,12/09/2025,11.26
541,981,341,44,Minas Gerais,Site Próprio,3,2,192.12,119.7,Concluído,23/06/2025,18.79
776,1408,579,3,São Paulo,Marketplace,4,1,57.96,26.91,Concluído,10/11/2025,12.31
1735,3166,200,10,Rio Grande do Sul,Site Próprio,3,1,238.53,120.42,Concluído,04/12/2025,19.96
1633,2967,230,7,São Paulo,Marketplace,6,2,216.73,103.55,Concluído,12/06/2025,93.54
2391,4402,343,38,Espírito Santo,Marketplace,1,1,110.92,48.05,Concluído,01/09/2024,7.58
90,176,635,47,Minas Gerais,Marketplace,2,1,209.56,89.54,Concluído,13/07/2024,7.42
320,582,210,38,Minas Gerais,Site Próprio,5,2,70.42,48.05,Concluído,26/07/2025,14.0
2579,4749,219,4,Goiás,Marketplace,6,1,325.98,160.15,Concluído,18/11/2024,12.49
889,1617,469,25,São Paulo,Marketplace,4,2,35.91,16.13,Concluído,21/03/2025,17.24
2328,4289,342,27,Rio Grande do Sul,Site Próprio,2,2,260.77,88.49,Concluído,05/09/2025,25.09
2352,4335,18,49,Minas Gerais,Site Próprio,6,2,131.25,73.39,Concluído,17/04/2025,16.59
664,1195,150,11,São Paulo,Marketplace,1,2,163.99,139.55,Concluído,03/11/2024,74.42
1586,2877,495,11,Pernambuco,Marketplace,4,1,245.98,139.55,Concluído,11/04/2025,26.54
2569,4732,443,49,São Paulo,Marketplace,4,1,112.5,73.39,Concluído,02/12/2025,24.22
2222,4094,540,38,Paraná,Marketplace,1,1,95.07,48.05,Concluído,07/05/2024,8.12
1775,3244,478,1,Paraná,Site Próprio,1,1,188.74,91.78,Concluído,09/11/2024,26.74
1017,1825,234,12,Minas Gerais,Site Próprio,2,1,293.45,209.52,Concluído,25/05/2024,29.58
1041,1880,315,38,Mato Grosso do Sul,Marketplace,1,3,126.77,48.05,Concluído,22/09/2025,30.46
1097,1982,507,25,Rio de Janeiro,Site Próprio,3,2,21.53,16.13,Concluído,23/09/2024,4.56
1034,1862,105,10,Mato Grosso do Sul,Marketplace,1,1,202.75,120.42,Concluído,27/05/2025,18.55
747,1351,401,6,Rio Grande do Sul,Marketplace,3,1,67.52,52.6,Concluído,15/12/2025,2.23
1954,3576,204,30,São Paulo,Marketplace,5,2,331.74,145.7,Cancelado,13/05/2025,115.31
1965,3607,597,35,São Paulo,Site Próprio,3,1,138.22,79.44,Concluído,07/03/2024,31.31
2498,4604,638,51,Santa Catarina,Site Próprio,3,1,361.14,201.19,Concluído,24/12/2025,17.26
1638,2975,83,26,Distrito Federal,Site Próprio,3,2,309.42,164.45,Concluído,15/11/2025,35.83
222,410,500,34,Minas Gerais,Site Próprio,1,1,61.44,37.12,Concluído,27/06/2024,5.1
376,676,484,17,São Paulo,Site Próprio,3,1,206.32,127.08,Concluído,20/12/2024,64.58
156,298,119,11,Ceará,Site Próprio,5,1,209.09,139.55,Concluído,09/03/2024,8.43
513,926,646,14,São Paulo,Site Próprio,2,1,192.33,105.23,Concluído,15/12/2025,45.74
10,23,17,17,Paraná,Marketplace,5,1,129.91,127.08,Concluído,01/11/2025,23.14
2113,3895,546,40,São Paulo,Site Próprio,5,1,98.32,53.25,Concluído,09/11/2025,20.83
2073,3811,199,38,São Paulo,Marketplace,2,1,89.79,48.05,Concluído,14/09/2025,15.81
405,729,145,15,Rio Grande do Sul,Site Próprio,2,1,30.32,22.05,Concluído,19/05/2024,1.37
1994,3670,465,16,Rio Grande do Sul,Site Próprio,6,1,289.82,150.82,Concluído,04/08/2024,30.46
2403,4422,627,47,São Paulo,Marketplace,6,1,169.65,89.54,Concluído,17/05/2025,28.11
727,1308,551,9,São Paulo,Aplicativo,1,1,168.73,108.49,Concluído,03/09/2024,37.22
2112,3892,608,6,São Paulo,Site Próprio,2,1,79.76,52.6,Concluído,21/06/2024,14.45
373,672,23,35,São Paulo,Site Próprio,5,1,130.82,79.44,Concluído,09/01/2025,27.63
924,1673,219,11,Goiás,Aplicativo,5,2,295.18,139.55,Concluído,03/03/2025,28.4
666,1200,342,7,Rio Grande do Sul,Marketplace,1,2,216.73,103.55,Concluído,15/10/2024,39.14
1234,2230,132,10,Minas Gerais,Aplicativo,6,1,238.53,120.42,Concluído,03/08/2025,18.39
2604,4795,19,8,São Paulo,Marketplace,2,1,66.07,43.6,Concluído,19/12/2025,11.22
152,294,522,4,São Paulo,Site Próprio,2,1,171.04,160.15,Cancelado,24/05/2025,34.48
1242,2250,177,23,São Paulo,Aplicativo,4,1,80.83,43.89,Concluído,14/02/2025,27.56
1477,2691,407,3,Minas Gerais,Site Próprio,3,1,38.64,26.91,Concluído,20/08/2025,1.23
62,127,379,46,Paraná,Site Próprio,6,1,122.55,81.26,Concluído,16/12/2024,6.15
1417,2580,409,46,São Paulo,Site Próprio,2,1,157.56,81.26,Concluído,15/06/2024,36.29
1898,3480,292,34,São Paulo,Site Próprio,4,1,78.34,37.12,Concluído,16/04/2025,14.18
1242,2248,177,40,São Paulo,Aplicativo,4,3,121.45,53.25,Concluído,14/02/2025,67.51
1935,3546,478,11,Paraná,Site Próprio,3,1,282.88,139.55,Concluído,04/06/2025,20.71
2152,3958,468,37,São Paulo,Site Próprio,5,1,90.53,61.9,Concluído,03/11/2025,15.46
2418,4455,251,1,Rio de Janeiro,Site Próprio,6,1,164.12,91.78,Concluído,02/11/2024,44.67
387,693,349,20,São Paulo,Site Próprio,2,1,84.76,55.18,Concluído,11/06/2025,14.29
1641,2983,392,37,São Paulo,Site Próprio,6,1,122.48,61.9,Concluído,23/11/2024,25.29
382,687,104,4,São Paulo,Site Próprio,3,2,312.39,160.15,Concluído,21/02/2024,124.64
452,818,471,17,Rio de Janeiro,Site Próprio,5,2,206.32,127.08,Concluído,06/10/2025,69.69
116,217,462,49,Minas Gerais,Site Próprio,4,1,78.7,73.39,Concluído,13/07/2024,4.9
1818,3326,420,29,São Paulo,Site Próprio,5,1,122.95,78.75,Concluído,16/05/2025,27.71
76,153,135,14,São Paulo,Site Próprio,5,1,115.33,105.23,Concluído,16/11/2025,21.68
394,707,298,6,Ceará,Marketplace,5,2,75.96,52.6,Concluído,22/10/2025,5.29
1104,1993,96,39,Pernambuco,Site Próprio,2,1,598.55,144.85,Concluído,07/11/2024,64.64
2420,4458,98,13,Bahia,Site Próprio,3,2,133.97,77.45,Concluído,13/12/2024,19.75
2519,4648,454,27,São Paulo,Site Próprio,6,3,260.77,88.49,Cancelado,20/12/2025,177.43
1113,2009,538,5,Rio de Janeiro,Site Próprio,2,1,272.49,185.65,Concluído,11/06/2025,38.67
258,479,609,17,Rio de Janeiro,Site Próprio,5,1,129.91,127.08,Concluído,21/05/2024,22.14
712,1283,431,44,Paraná,Marketplace,3,1,150.35,119.7,Concluído,27/10/2024,13.29
883,1605,345,47,Minas Gerais,Site Próprio,6,3,179.63,89.54,Cancelado,06/12/2024,52.97
2101,3870,326,28,Paraná,Marketplace,1,3,223.27,142.78,Concluído,15/06/2024,51.84
920,1667,286,3,Paraná,Site Próprio,5,1,66.65,26.91,Concluído,27/06/2024,2.39
2342,4320,137,15,Rio de Janeiro,Site Próprio,6,1,57.79,22.05,Concluído,18/07/2025,7.43
1754,3199,169,13,São Paulo,Site Próprio,1,1,113.88,77.45,Concluído,02/11/2025,24.31
450,813,113,49,São Paulo,Marketplace,2,1,125.0,73.39,Concluído,02/09/2024,23.25
1824,3338,434,45,São Paulo,Aplicativo,2,2,72.93,39.57,Concluído,20/12/2025,31.29
1964,3603,112,24,São Paulo,Site Próprio,5,1,386.28,217.31,Concluído,23/10/2025,78.45
131,251,165,17,Minas Gerais,Marketplace,6,1,152.83,127.08,Concluído,03/12/2025,32.08
467,844,110,24,São Paulo,Marketplace,3,1,386.28,217.31,Cancelado,18/12/2025,77.14
1182,2126,487,30,Paraná,Marketplace,2,1,315.94,145.7,Concluído,22/06/2024,26.19
1812,3313,631,4,São Paulo,Site Próprio,1,1,244.48,160.15,Concluído,13/05/2025,47.11
1684,3057,464,14,São Paulo,Site Próprio,6,1,183.17,105.23,Concluído,16/05/2024,41.51
1312,2376,248,37,São Paulo,Site Próprio,1,1,90.53,61.9,Concluído,10/12/2025,20.03
1127,2033,441,6,Rio de Janeiro,Marketplace,5,1,59.08,52.6,Concluído,17/06/2025,4.24
535,968,469,10,São Paulo,Marketplace,4,1,250.46,120.42,Concluído,20/12/2024,43.28
2383,4386,608,6,São Paulo,Site Próprio,4,2,79.76,52.6,Cancelado,25/12/2024,35.0
40,81,585,32,Distrito Federal,Marketplace,4,1,312.66,130.06,Concluído,04/11/2024,31.02
538,973,505,22,Distrito Federal,Site Próprio,5,1,214.16,88.13,Concluído,12/12/2025,16.73
1050,1897,610,16,Santa Catarina,Marketplace,1,1,248.42,150.82,Concluído,19/07/2025,24.54
1236,2236,497,23,Pernambuco,Aplicativo,2,1,80.83,43.89,Concluído,16/07/2024,15.8
129,247,10,21,Pernambuco,Site Próprio,5,1,171.4,94.68,Concluído,26/05/2024,16.2
1485,2705,103,30,Rio de Janeiro,Site Próprio,3,1,268.55,145.7,Concluído,17/11/2024,24.28
1220,2204,631,5,São Paulo,Aplicativo,3,1,233.56,185.65,Concluído,15/11/2025,52.27
2603,4789,1,5,Santa Catarina,Site Próprio,4,1,233.56,185.65,Concluído,23/11/2025,12.82
2336,4305,464,37,São Paulo,Marketplace,5,1,106.5,61.9,Cancelado,14/05/2025,23.01
2465,4542,608,8,São Paulo,Site Próprio,3,1,66.07,43.6,Concluído,11/01/2025,15.47
1843,3375,389,10,São Paulo,Marketplace,3,3,274.31,120.42,Concluído,12/09/2025,164.34
2115,3899,386,35,Rio de Janeiro,Site Próprio,4,2,153.58,79.44,Cancelado,11/06/2025,40.79
1287,2332,72,5,São Paulo,Marketplace,4,2,272.49,185.65,Cancelado,05/04/2025,97.66
2305,4250,104,15,São Paulo,Site Próprio,4,2,55.38,22.05,Concluído,05/02/2025,22.47
2156,3968,549,35,São Paulo,Marketplace,2,1,138.22,79.44,Cancelado,05/05/2025,25.81
2294,4234,150,8,São Paulo,Site Próprio,3,2,56.63,43.6,Concluído,14/11/2025,21.61
829,1506,245,8,Ceará,Marketplace,2,3,48.94,43.6,Concluído,24/06/2025,6.43
1624,2952,440,29,Bahia,Marketplace,5,1,151.89,78.75,Concluído,04/12/2024,9.17
745,1346,560,6,São Paulo,Site Próprio,3,1,68.37,52.6,Concluído,23/05/2025,13.84
1814,3318,230,53,São Paulo,Marketplace,6,1,366.23,152.79,Concluído,08/12/2025,63.06
326,592,233,16,São Paulo,Marketplace,3,1,173.79,150.82,Concluído,27/11/2025,27.95
540,976,538,15,Rio de Janeiro,Site Próprio,6,3,37.45,22.05,Concluído,11/07/2025,8.66
2228,4108,381,23,Paraná,Site Próprio,5,1,65.43,43.89,Concluído,24/02/2025,12.95
905,1646,434,53,São Paulo,Site Próprio,6,1,318.47,152.79,Concluído,01/03/2025,74.81
928,1680,428,25,Mato Grosso do Sul,Marketplace,3,2,29.07,16.13,Concluído,21/10/2025,3.84
277,510,244,22,São Paulo,Site Próprio,4,1,151.7,88.13,Concluído,24/03/2024,31.57
61,123,387,5,Santa Catarina,Site Próprio,5,2,163.4,185.65,Concluído,11/12/2025,19.58
1713,3121,585,5,Distrito Federal,Marketplace,3,1,298.44,185.65,Concluído,24/04/2024,17.34
846,1535,350,39,Paraná,Marketplace,4,1,468.43,144.85,Concluído,16/12/2024,21.59
1832,3353,184,6,São Paulo,Site Próprio,4,1,79.76,52.6,Concluído,11/11/2024,18.02
2377,4371,145,1,Rio Grande do Sul,Marketplace,3,1,139.5,91.78,Concluído,02/12/2025,22.01
949,1711,493,12,São Paulo,Site Próprio,2,1,310.72,209.52,Concluído,20/11/2025,62.77
2345,4325,9,31,Distrito Federal,Site Próprio,5,1,68.99,39.52,Concluído,10/07/2024,4.64
1168,2101,390,4,São Paulo,Marketplace,2,1,285.23,160.15,Concluído,16/01/2025,46.04
483,870,380,31,São Paulo,Marketplace,1,1,51.1,39.52,Concluído,10/10/2025,8.3
2380,4378,41,5,Bahia,Site Próprio,3,3,311.41,185.65,Concluído,17/12/2024,53.25
569,1031,73,50,São Paulo,Marketplace,5,1,242.17,118.05,Concluído,16/08/2025,58.05
1890,3464,245,24,Ceará,Site Próprio,1,1,477.17,217.31,Concluído,19/01/2025,16.89
1478,2695,62,34,São Paulo,Marketplace,5,2,61.44,37.12,Concluído,09/08/2025,28.84
418,757,607,4,Rio de Janeiro,Marketplace,3,1,325.98,160.15,Concluído,22/11/2024,36.48
1108,1999,377,21,São Paulo,Site Próprio,5,2,145.69,94.68,Concluído,02/06/2025,64.8
2035,3750,174,29,Mato Grosso do Sul,Site Próprio,6,1,173.58,78.75,Concluído,17/12/2025,17.55
1959,3591,455,32,Espírito Santo,Site Próprio,5,1,244.69,130.06,Concluído,24/08/2025,11.45
645,1157,602,5,Pernambuco,Site Próprio,4,1,233.56,185.65,Concluído,18/12/2024,15.13
1730,3157,320,39,São Paulo,Site Próprio,4,1,624.57,144.85,Concluído,11/12/2024,113.48
1177,2116,406,16,São Paulo,Site Próprio,4,1,331.23,150.82,Concluído,20/11/2025,76.65
542,983,196,35,São Paulo,Aplicativo,6,1,136.51,79.44,Concluído,12/10/2024,32.27
177,333,129,28,Paraná,Site Próprio,1,2,194.57,142.78,Concluído,07/10/2025,17.71
878,1593,43,27,São Paulo,Marketplace,6,3,204.08,88.49,Concluído,23/12/2025,144.43
1315,2385,250,41,Pernambuco,Marketplace,4,1,353.33,180.53,Concluído,15/07/2025,20.21
1629,2961,1,29,Santa Catarina,Marketplace,3,1,130.19,78.75,Concluído,12/12/2025,8.74
868,1576,583,12,São Paulo,Marketplace,4,1,535.99,209.52,Concluído,21/08/2025,112.56
2466,4543,283,19,Paraná,Site Próprio,3,1,533.35,137.57,Concluído,19/09/2025,35.63
30,62,184,31,São Paulo,Marketplace,4,1,63.13,39.52,Concluído,02/07/2024,13.37
256,473,190,52,São Paulo,Aplicativo,4,1,271.2,115.34,Concluído,05/10/2025,56.38
498,902,255,35,Rio de Janeiro,Site Próprio,4,1,136.51,79.44,Concluído,05/11/2025,16.82
1885,3455,180,5,São Paulo,Site Próprio,2,2,259.51,185.65,Concluído,01/07/2025,122.7
480,866,249,30,Minas Gerais,Aplicativo,2,3,210.63,145.7,Concluído,15/10/2025,34.63
1956,3584,560,43,São Paulo,Site Próprio,3,1,353.54,182.69,Concluído,09/11/2025,56.6
2497,4603,80,4,Ceará,Site Próprio,6,1,244.48,160.15,Cancelado,02/08/2024,10.76
1395,2526,298,1,Ceará,Marketplace,3,1,164.12,91.78,Concluído,20/12/2025,37.86
739,1330,24,1,Distrito Federal,Site Próprio,4,1,164.12,91.78,Concluído,20/12/2025,22.12
1967,3615,252,17,Rio Grande do Sul,Marketplace,4,1,185.69,127.08,Concluído,07/12/2024,33.5
743,1343,614,33,São Paulo,Marketplace,3,1,196.19,122.16,Concluído,26/06/2024,39.26
409,742,586,21,Rio de Janeiro,Site Próprio,4,1,179.97,94.68,Concluído,26/06/2024,14.63
2540,4681,226,38,Rio de Janeiro,Site Próprio,3,1,95.07,48.05,Concluído,06/04/2025,13.66
1850,3389,350,13,Paraná,Site Próprio,1,2,120.58,77.45,Concluído,02/01/2025,24.5
884,1606,60,8,Ceará,Site Próprio,5,1,48.94,43.6,Concluído,20/09/2025,2.92
1211,2181,106,8,Minas Gerais,Site Próprio,6,1,53.6,43.6,Concluído,13/11/2024,5.18
2542,4683,104,1,São Paulo,Site Próprio,3,2,188.74,91.78,Concluído,07/11/2024,113.77
2125,3914,441,37,Rio de Janeiro,Marketplace,5,1,111.83,61.9,Concluído,20/04/2024,15.56
1668,3030,151,29,Paraná,Aplicativo,2,2,122.95,78.75,Concluído,24/12/2025,19.87
1795,3282,631,25,São Paulo,Site Próprio,6,1,30.78,16.13,Concluído,09/08/2024,6.75
2136,3933,355,20,São Paulo,Marketplace,6,2,84.76,55.18,Concluído,08/12/2025,40.63
896,1629,616,13,São Paulo,Site Próprio,2,1,140.67,77.45,Concluído,20/12/2025,23.31
2277,4200,174,4,Mato Grosso do Sul,Marketplace,1,1,325.98,160.15,Concluído,13/06/2025,20.73
2069,3805,231,18,Rio Grande do Sul,Marketplace,5,1,551.09,173.9,Concluído,27/10/2025,50.31
1344,2439,39,33,Goiás,Site Próprio,4,3,170.97,122.16,Concluído,09/10/2025,54.47
638,1150,641,46,Bahia,Marketplace,6,2,133.92,81.26,Concluído,06/04/2025,8.81
647,1161,385,30,Distrito Federal,Aplicativo,2,1,315.94,145.7,Cancelado,13/10/2025,14.72
2455,4522,9,17,Distrito Federal,Marketplace,5,1,175.37,127.08,Concluído,04/09/2025,37.79
134,257,291,10,Pernambuco,Site Próprio,5,1,150.19,120.42,Concluído,22/10/2025,6.11
1428,2599,251,3,Rio de Janeiro,Marketplace,1,1,57.96,26.91,Concluído,14/12/2025,6.64
350,634,164,29,Bahia,Marketplace,1,1,130.19,78.75,Concluído,20/06/2024,11.42
1621,2947,368,40,São Paulo,Site Próprio,5,1,121.45,53.25,Concluído,15/06/2025,23.65
1290,2338,346,12,São Paulo,Marketplace,5,1,559.29,209.52,Concluído,04/04/2024,132.55
2363,4350,222,35,São Paulo,Site Próprio,1,2,138.22,79.44,Concluído,24/12/2025,58.22
430,778,525,1,Rio Grande do Sul,Site Próprio,6,2,164.12,91.78,Concluído,17/11/2025,59.05
611,1106,94,31,Paraná,Site Próprio,3,1,51.1,39.52,Concluído,12/04/2024,1.69
1169,2102,47,49,São Paulo,Marketplace,4,1,125.0,73.39,Concluído,05/01/2025,23.96
1861,3408,402,25,Rio Grande do Sul,Marketplace,6,2,34.2,16.13,Concluído,06/12/2025,5.33
307,558,287,37,Minas Gerais,Site Próprio,6,2,127.8,61.9,Cancelado,27/06/2024,28.12
1027,1851,131,4,Bahia,Marketplace,4,3,271.65,160.15,Concluído,18/01/2025,44.17
1099,1986,461,10,Minas Gerais,Site Próprio,4,2,250.46,120.42,Concluído,25/09/2025,33.96
1160,2089,299,51,Bahia,Site Próprio,5,3,307.64,201.19,Cancelado,22/11/2025,55.28
1597,2900,190,52,São Paulo,Site Próprio,5,2,271.2,115.34,Concluído,10/02/2024,130.07
1764,3221,576,31,São Paulo,Site Próprio,3,1,73.05,39.52,Concluído,19/07/2024,14.89
136,262,353,3,São Paulo,Site Próprio,2,1,36.49,26.91,Concluído,13/10/2024,8.56
2206,4065,589,38,São Paulo,Site Próprio,2,1,110.92,48.05,Concluído,11/12/2024,22.53
1464,2667,96,10,Pernambuco,Site Próprio,5,1,274.31,120.42,Concluído,09/03/2025,29.71
1185,2132,124,37,São Paulo,Site Próprio,6,3,127.8,61.9,Concluído,08/10/2024,68.36
812,1473,68,47,Rio de Janeiro,Site Próprio,1,1,199.58,89.54,Concluído,25/05/2025,20.88
346,628,154,53,Bahia,Site Próprio,2,2,334.39,152.79,Concluído,26/08/2025,69.42
1718,3132,559,6,Santa Catarina,Site Próprio,6,1,79.76,52.6,Cancelado,13/08/2024,6.17
1046,1890,460,13,São Paulo,Site Próprio,3,1,104.2,77.45,Concluído,25/11/2024,22.79
1674,3043,604,5,São Paulo,Site Próprio,4,1,220.58,185.65,Concluído,07/07/2024,49.3
2110,3889,133,6,Rio de Janeiro,Site Próprio,5,1,64.57,52.6,Concluído,18/11/2025,6.15
1155,2079,391,10,Rio de Janeiro,Site Próprio,3,1,238.53,120.42,Concluído,15/01/2025,34.23
1957,3586,315,42,Mato Grosso do Sul,Site Próprio,3,2,80.66,37.56,Concluído,21/09/2024,14.66
2207,4068,467,12,Rio de Janeiro,Marketplace,4,1,489.38,209.52,Concluído,19/12/2025,55.64
2372,4364,88,31,Bahia,Marketplace,6,1,85.22,39.52,Concluído,16/01/2025,8.17
2521,4652,197,16,Minas Gerais,Marketplace,2,3,331.23,150.82,Concluído,20/11/2025,80.49
110,209,428,49,Mato Grosso do Sul,Site Próprio,6,2,78.7,73.39,Concluído,19/07/2025,17.11
2492,4593,415,6,São Paulo,Marketplace,6,2,64.57,52.6,Concluído,21/04/2025,30.17
1059,1914,511,4,Bahia,Marketplace,3,1,230.9,160.15,Concluído,07/08/2025,14.87
884,1607,60,35,Ceará,Site Próprio,5,3,119.45,79.44,Concluído,20/09/2025,30.96
564,1021,200,38,Rio Grande do Sul,Marketplace,3,1,78.25,48.05,Concluído,05/08/2025,7.94
335,609,409,8,São Paulo,Marketplace,4,2,46.61,43.6,Concluído,18/03/2024,17.5
773,1404,165,6,Minas Gerais,Aplicativo,1,2,75.96,52.6,Concluído,04/12/2025,10.85
2132,3925,296,6,Distrito Federal,Site Próprio,2,1,75.96,52.6,Concluído,01/08/2025,7.0
1781,3255,91,34,São Paulo,Site Próprio,6,1,78.34,37.12,Concluído,27/12/2025,15.92
1501,2727,536,9,São Paulo,Site Próprio,5,1,205.01,108.49,Concluído,02/01/2025,48.94
1166,2097,596,28,Bahia,Site Próprio,4,1,262.67,142.78,Concluído,07/09/2025,26.9
111,210,156,53,Rio Grande do Sul,Site Próprio,2,1,212.31,152.79,Concluído,21/12/2025,8.7
2064,3799,45,23,São Paulo,Site Próprio,6,1,80.83,43.89,Concluído,02/11/2025,23.85
1930,3540,484,3,São Paulo,Site Próprio,3,1,57.96,26.91,Concluído,13/12/2025,13.05
1618,2942,230,8,São Paulo,Site Próprio,6,2,72.36,43.6,Concluído,23/09/2025,32.69
76,154,135,42,São Paulo,Site Próprio,5,1,42.32,37.56,Concluído,16/11/2025,7.0
2311,4260,360,5,Ceará,Site Próprio,4,1,233.56,185.65,Concluído,12/02/2025,9.44
878,1591,43,20,São Paulo,Marketplace,6,1,84.76,55.18,Concluído,23/12/2025,19.18
1347,2443,65,36,Ceará,Marketplace,5,2,124.29,66.1,Concluído,20/06/2025,7.68
636,1148,179,5,São Paulo,Marketplace,5,2,163.4,185.65,Concluído,25/11/2024,65.2
1871,3428,322,5,Ceará,Marketplace,5,2,272.49,185.65,Concluído,02/12/2024,35.64
1090,1968,211,44,Espírito Santo,Site Próprio,5,2,191.7,119.7,Concluído,14/08/2025,26.53
1758,3207,582,5,Bahia,Marketplace,4,1,220.58,185.65,Concluído,14/12/2024,16.59
1279,2317,497,6,Pernambuco,Site Próprio,6,1,79.76,52.6,Concluído,06/06/2025,7.9
1343,2434,114,6,Pará,Aplicativo,6,1,87.36,52.6,Concluído,06/11/2024,9.43
899,1634,436,46,Maranhão,Site Próprio,5,2,99.2,81.26,Concluído,04/05/2024,13.15
1801,3293,335,42,São Paulo,Marketplace,6,2,60.49,37.56,Concluído,23/06/2025,21.75
1161,2090,377,20,São Paulo,Site Próprio,3,1,80.05,55.18,Concluído,14/04/2025,16.35
2392,4405,447,10,Rio de Janeiro,Site Próprio,2,1,214.68,120.42,Concluído,25/09/2024,24.58
330,598,362,28,Bahia,Marketplace,1,1,233.48,142.78,Concluído,01/11/2025,12.28
1721,3138,65,2,Ceará,Site Próprio,3,2,358.37,137.72,Concluído,20/04/2025,48.24
1071,1932,358,15,Distrito Federal,Marketplace,2,1,40.93,22.05,Concluído,12/09/2025,3.47
914,1657,4,11,São Paulo,Aplicativo,6,1,245.98,139.55,Concluído,16/08/2024,51.46
378,681,21,27,Ceará,Marketplace,5,1,167.97,88.49,Concluído,06/12/2025,7.98
2341,4319,115,1,Minas Gerais,Marketplace,3,1,147.71,91.78,Concluído,12/02/2025,31.11
1414,2573,134,47,Santa Catarina,Site Próprio,5,1,199.58,89.54,Concluído,16/07/2024,10.24
1804,3298,349,44,São Paulo,Marketplace,4,1,202.98,119.7,Concluído,09/09/2025,46.38
863,1566,359,41,São Paulo,Site Próprio,2,1,392.59,180.53,Concluído,03/09/2025,72.0
2240,4124,196,26,São Paulo,Site Próprio,1,1,412.57,164.45,Concluído,06/07/2024,77.36
738,1329,444,45,Rio de Janeiro,Site Próprio,6,2,65.63,39.57,Concluído,05/11/2024,17.97
1809,3308,195,53,São Paulo,Site Próprio,5,1,334.39,152.79,Concluído,20/04/2024,60.46
1159,2088,4,17,São Paulo,Site Próprio,3,1,206.32,127.08,Concluído,22/05/2024,73.97
1298,2353,165,5,Minas Gerais,Site Próprio,3,1,259.51,185.65,Concluído,01/07/2025,14.3
836,1519,343,6,Espírito Santo,Site Próprio,5,1,79.76,52.6,Concluído,10/08/2025,4.99
1686,3065,33,34,Minas Gerais,Site Próprio,4,1,105.99,37.12,Concluído,26/11/2025,5.54
1263,2288,418,6,São Paulo,Site Próprio,2,1,47.83,52.6,Concluído,26/12/2025,8.45
2207,4071,467,8,Rio de Janeiro,Marketplace,4,1,66.07,43.6,Concluído,19/12/2025,7.64
118,222,636,42,São Paulo,Aplicativo,2,1,52.28,37.56,Concluído,11/10/2025,10.95
1759,3209,635,14,Minas Gerais,Site Próprio,5,2,192.33,105.23,Concluído,22/12/2024,18.12
119,226,119,25,Ceará,Marketplace,1,1,21.53,16.13,Concluído,09/10/2024,1.23
2589,4765,40,8,Bahia,Marketplace,5,1,62.92,43.6,Concluído,25/10/2025,4.51
67,134,24,32,Distrito Federal,Marketplace,4,1,201.39,130.06,Concluído,09/11/2025,11.18
1390,2518,315,5,Mato Grosso do Sul,Aplicativo,6,1,311.41,185.65,Cancelado,05/01/2025,16.94
2199,4054,318,38,Pernambuco,Site Próprio,2,1,89.79,48.05,Concluído,03/08/2025,3.83
1320,2394,321,38,São Paulo,Site Próprio,5,1,126.77,48.05,Concluído,17/12/2025,28.8
979,1761,461,8,Minas Gerais,Marketplace,4,1,66.07,43.6,Concluído,17/05/2025,5.59
751,1361,125,53,Maranhão,Marketplace,6,1,366.23,152.79,Concluído,06/06/2025,23.8
1808,3305,328,13,Pernambuco,Aplicativo,2,1,120.58,77.45,Concluído,07/02/2025,13.06
1284,2325,640,40,São Paulo,Aplicativo,1,1,77.11,53.25,Concluído,16/11/2025,17.37
2418,4452,251,32,Rio de Janeiro,Site Próprio,6,3,271.88,130.06,Concluído,02/11/2024,60.93
657,1183,557,35,Mato Grosso do Sul,Site Próprio,2,1,119.45,79.44,Concluído,26/10/2025,3.83
822,1493,175,17,São Paulo,Site Próprio,3,1,175.37,127.08,Concluído,07/12/2025,45.89
2148,3952,643,5,Rio de Janeiro,Site Próprio,2,1,220.58,185.65,Cancelado,26/05/2024,23.05
2251,4151,179,29,São Paulo,Marketplace,6,1,122.95,78.75,Concluído,24/04/2025,29.31
1020,1834,549,23,São Paulo,Site Próprio,4,1,69.28,43.89,Concluído,20/04/2025,24.87
1990,3662,211,27,Espírito Santo,Marketplace,1,1,192.75,88.49,Cancelado,01/07/2025,11.16
1962,3599,10,4,Pernambuco,Marketplace,5,2,271.65,160.15,Concluído,11/11/2024,26.4
1113,2010,538,17,Rio de Janeiro,Site Próprio,2,1,216.64,127.08,Concluído,11/06/2025,47.88
1988,3658,336,33,São Paulo,Site Próprio,2,3,242.35,122.16,Cancelado,23/12/2024,156.1
109,206,224,23,Santa Catarina,Marketplace,5,1,69.28,43.89,Concluído,11/11/2024,13.13
568,1028,477,4,Rio de Janeiro,Site Próprio,5,1,181.1,160.15,Concluído,23/12/2025,24.74
2511,4632,67,39,Minas Gerais,Site Próprio,1,1,598.55,144.85,Concluído,25/12/2025,41.96
2164,3985,469,6,São Paulo,Marketplace,5,1,79.76,52.6,Cancelado,04/05/2025,14.28
1843,3376,389,47,São Paulo,Marketplace,3,2,229.52,89.54,Concluído,12/09/2025,108.38
1945,3559,279,24,Rio Grande do Sul,Site Próprio,3,2,409.01,217.31,Concluído,20/06/2025,57.1
578,1047,324,38,Rio de Janeiro,Marketplace,2,1,66.51,48.05,Concluído,18/02/2024,7.62
2095,3858,385,42,Distrito Federal,Site Próprio,6,2,67.22,37.56,Concluído,14/10/2025,10.96
388,694,52,5,São Paulo,Aplicativo,5,1,221.06,185.65,Concluído,22/12/2025,52.66
634,1146,75,49,Paraná,Marketplace,5,1,125.0,73.39,Concluído,25/12/2025,13.02
2389,4399,352,8,São Paulo,Site Próprio,4,3,66.07,43.6,Concluído,13/10/2024,45.05
2388,4397,329,22,Minas Gerais,Site Próprio,3,3,204.79,88.13,Concluído,09/04/2024,49.52
2181,4023,393,1,Rio Grande do Sul,Marketplace,3,2,139.5,91.78,Cancelado,16/08/2025,42.99
660,1187,337,5,Minas Gerais,Marketplace,6,1,163.4,185.65,Concluído,14/08/2025,10.15
756,1370,589,41,São Paulo,Site Próprio,3,1,412.22,180.53,Concluído,19/03/2025,72.18
1055,1908,276,41,Santa Catarina,Site Próprio,4,1,261.73,180.53,Concluído,01/02/2025,21.25
1765,3222,419,12,São Paulo,Aplicativo,5,2,466.07,209.52,Concluído,27/10/2024,212.71
1369,2478,57,31,Rio Grande do Sul,Site Próprio,6,3,73.05,39.52,Concluído,24/08/2024,17.69
8,17,352,42,São Paulo,Site Próprio,3,1,52.28,37.56,Concluído,21/07/2024,9.31
1389,2515,425,23,Minas Gerais,Marketplace,6,1,51.32,43.89,Concluído,11/11/2025,10.72
2432,4479,71,32,São Paulo,Aplicativo,2,1,231.1,130.06,Concluído,25/03/2024,47.72
1222,2206,611,34,Santa Catarina,Site Próprio,2,1,71.68,37.12,Concluído,26/07/2025,4.39
1517,2752,613,53,Paraná,Site Próprio,5,1,366.23,152.79,Concluído,15/12/2025,14.32
1961,3596,565,28,Pernambuco,Marketplace,5,1,233.48,142.78,Concluído,08/06/2025,9.11
818,1487,298,50,Ceará,Marketplace,2,1,201.81,118.05,Concluído,16/05/2025,19.66
926,1677,557,6,Mato Grosso do Sul,Aplicativo,5,3,79.76,52.6,Concluído,06/01/2025,20.7
659,1185,478,5,Paraná,Site Próprio,2,1,221.06,185.65,Concluído,14/09/2025,15.89
1299,2354,469,28,São Paulo,Site Próprio,4,3,275.8,142.78,Concluído,12/07/2024,194.94
364,657,598,24,São Paulo,Marketplace,4,1,286.14,217.31,Concluído,11/12/2025,55.34
867,1572,272,30,Santa Catarina,Site Próprio,5,1,268.55,145.7,Concluído,19/05/2025,14.39
963,1738,446,29,Rio Grande do Sul,Marketplace,5,1,144.65,78.75,Concluído,22/07/2025,4.67
783,1420,24,34,Distrito Federal,Marketplace,5,2,92.16,37.12,Concluído,26/09/2025,8.66
2094,3856,608,24,São Paulo,Marketplace,3,2,477.17,217.31,Concluído,16/11/2025,178.46
216,400,91,45,São Paulo,Marketplace,1,3,45.92,39.57,Concluído,27/07/2025,24.77
1574,2847,196,35,São Paulo,Marketplace,1,1,184.29,79.44,Concluído,12/01/2025,31.48
1640,2981,526,38,São Paulo,Site Próprio,5,2,126.77,48.05,Cancelado,03/12/2025,54.89
341,619,209,12,São Paulo,Marketplace,5,1,293.45,209.52,Concluído,11/11/2025,64.44
2401,4419,527,50,São Paulo,Site Próprio,3,1,181.63,118.05,Concluído,24/03/2025,43.5
276,509,252,15,Rio Grande do Sul,Site Próprio,3,2,43.34,22.05,Concluído,11/09/2025,8.71
2400,4417,168,5,São Paulo,Site Próprio,6,1,298.44,185.65,Concluído,18/03/2024,59.63
1537,2785,275,39,Bahia,Aplicativo,5,1,442.41,144.85,Concluído,26/12/2025,26.01
1574,2848,196,4,São Paulo,Marketplace,1,1,325.98,160.15,Concluído,12/01/2025,67.9
1283,2323,218,3,Amazonas,Marketplace,1,1,60.85,26.91,Concluído,08/05/2025,4.11
2317,4273,224,42,Santa Catarina,Site Próprio,3,1,60.49,37.56,Concluído,11/05/2025,5.38
481,868,552,5,São Paulo,Marketplace,6,1,163.4,185.65,Concluído,27/06/2025,27.17
1384,2508,82,10,Minas Gerais,Site Próprio,4,1,250.46,120.42,Concluído,14/06/2025,26.0
491,887,303,50,Santa Catarina,Site Próprio,4,1,127.07,118.05,Concluído,14/03/2025,6.91
1173,2111,133,50,Rio de Janeiro,Site Próprio,5,2,171.54,118.05,Concluído,17/12/2024,44.09
331,600,602,7,Pernambuco,Marketplace,5,3,125.64,103.55,Concluído,09/12/2025,29.81
2518,4647,324,29,Rio de Janeiro,Site Próprio,5,3,122.95,78.75,Concluído,24/10/2025,36.89
2211,4077,338,8,Rio Grande do Sul,Marketplace,6,1,72.36,43.6,Cancelado,10/12/2025,2.9
2488,4587,104,32,São Paulo,Marketplace,6,1,312.66,130.06,Concluído,18/02/2024,59.59
249,458,169,3,São Paulo,Marketplace,2,2,36.49,26.91,Concluído,05/04/2025,14.64
2184,4026,605,3,Pernambuco,Site Próprio,1,1,49.26,26.91,Concluído,06/07/2025,5.0
1939,3551,361,27,São Paulo,Aplicativo,4,2,272.11,88.49,Concluído,14/10/2025,115.48
1966,3611,621,9,Paraná,Site Próprio,6,1,261.95,108.49,Concluído,23/09/2024,10.71
619,1118,260,44,São Paulo,Site Próprio,2,2,200.47,119.7,Concluído,25/08/2024,69.12
483,871,380,48,São Paulo,Marketplace,1,1,125.68,66.62,Concluído,10/10/2025,30.02
436,791,214,15,Paraná,Site Próprio,2,1,55.38,22.05,Concluído,23/02/2024,3.98
2004,3690,41,31,Bahia,Site Próprio,6,1,97.39,39.52,Concluído,01/04/2025,7.84
1833,3355,609,19,Rio de Janeiro,Site Próprio,2,2,431.76,137.57,Concluído,07/11/2024,104.92
2242,4131,246,34,Paraná,Site Próprio,4,1,78.34,37.12,Concluído,13/03/2025,4.33
1965,3608,597,6,São Paulo,Site Próprio,3,2,68.37,52.6,Concluído,07/03/2024,26.17
2078,3823,13,33,São Paulo,Site Próprio,1,3,242.35,122.16,Concluído,03/04/2025,137.41
1250,2261,636,28,São Paulo,Site Próprio,3,1,275.8,142.78,Concluído,06/12/2025,58.17
1867,3420,630,5,São Paulo,Marketplace,1,2,201.84,185.65,Concluído,23/11/2025,92.04
2596,4780,301,35,Rio Grande do Sul,Site Próprio,4,2,184.29,79.44,Concluído,20/11/2024,24.99
2633,4854,202,20,São Paulo,Site Próprio,4,3,98.88,55.18,Concluído,15/06/2025,48.77
2025,3732,472,25,Santa Catarina,Marketplace,6,1,41.03,16.13,Concluído,04/11/2024,3.87
1551,2809,508,51,São Paulo,Marketplace,6,1,415.31,201.19,Concluído,09/04/2024,86.34
527,955,573,52,Minas Gerais,Marketplace,5,1,191.32,115.34,Cancelado,22/06/2025,6.6
1918,3519,207,30,Santa Catarina,Marketplace,2,1,331.74,145.7,Concluído,04/08/2025,32.48
362,651,644,29,Pernambuco,Site Próprio,3,2,96.44,78.75,Concluído,20/09/2025,13.98
407,734,107,17,Minas Gerais,Site Próprio,4,1,237.27,127.08,Concluído,22/11/2025,37.51
2557,4712,560,14,São Paulo,Site Próprio,6,1,164.85,105.23,Concluído,08/11/2025,33.09
205,380,78,32,Amazonas,Aplicativo,1,2,181.25,130.06,Concluído,26/11/2024,22.8
1435,2613,445,8,Rio de Janeiro,Marketplace,2,1,53.48,43.6,Concluído,23/11/2024,5.06
2152,3959,468,6,São Paulo,Site Próprio,5,1,64.57,52.6,Concluído,03/11/2025,13.78
1777,3249,541,38,Pernambuco,Marketplace,3,1,89.79,48.05,Concluído,18/10/2025,5.21
1187,2134,105,51,Mato Grosso do Sul,Site Próprio,4,1,306.97,201.19,Concluído,26/10/2025,20.81
528,957,426,8,São Paulo,Site Próprio,5,1,39.62,43.6,Concluído,17/08/2025,7.87
1540,2790,463,25,Rio de Janeiro,Site Próprio,1,1,35.91,16.13,Concluído,16/11/2024,2.61
89,172,349,31,São Paulo,Site Próprio,3,1,54.11,39.52,Concluído,06/06/2025,11.23
1078,1945,508,12,São Paulo,Site Próprio,3,1,535.99,209.52,Concluído,18/05/2025,94.01
1260,2280,271,50,Rio de Janeiro,Marketplace,6,1,149.49,118.05,Concluído,23/04/2024,17.57
367,660,124,31,São Paulo,Marketplace,2,1,97.39,39.52,Concluído,25/12/2025,22.6
1342,2431,150,7,São Paulo,Site Próprio,3,1,169.61,103.55,Concluído,03/10/2025,32.38
2035,3752,174,8,Mato Grosso do Sul,Site Próprio,6,1,75.51,43.6,Concluído,17/12/2025,5.31
1395,2529,298,5,Ceará,Marketplace,3,1,259.51,185.65,Concluído,20/12/2025,13.99
1179,2121,289,17,Mato Grosso do Sul,Marketplace,4,1,237.27,127.08,Concluído,16/12/2024,36.49
606,1095,132,45,Minas Gerais,Aplicativo,1,1,72.93,39.57,Concluído,13/07/2024,2.44
1178,2118,160,42,Minas Gerais,Marketplace,3,1,57.13,37.56,Concluído,06/09/2024,2.46
2294,4232,150,51,São Paulo,Site Próprio,3,1,325.02,201.19,Concluído,14/11/2025,72.97
1228,2220,572,8,Minas Gerais,Marketplace,1,2,75.51,43.6,Concluído,22/01/2024,9.14
356,643,596,29,Bahia,Site Próprio,3,2,107.15,78.75,Concluído,17/11/2025,7.09
87,169,328,49,Pernambuco,Aplicativo,1,1,83.33,73.39,Concluído,25/07/2025,5.83
836,1518,343,33,Espírito Santo,Site Próprio,5,2,242.35,122.16,Concluído,10/08/2025,25.79
1002,1801,108,24,Rio Grande do Sul,Site Próprio,1,1,353.46,217.31,Concluído,19/09/2025,16.97
2228,4106,381,8,Paraná,Site Próprio,5,1,53.48,43.6,Concluído,24/02/2025,2.19
1852,3395,571,52,Santa Catarina,Site Próprio,5,1,271.2,115.34,Concluído,10/06/2025,8.81
1062,1918,208,23,Paraná,Marketplace,2,1,57.02,43.89,Concluído,09/11/2024,10.57
144,273,115,1,Minas Gerais,Marketplace,5,1,109.41,91.78,Concluído,26/12/2025,19.8
674,1216,322,9,Ceará,Aplicativo,1,1,239.17,108.49,Cancelado,16/12/2025,15.02
1361,2469,437,17,Rio de Janeiro,Site Próprio,3,1,247.58,127.08,Cancelado,13/10/2025,53.2
619,1119,260,16,São Paulo,Site Próprio,2,2,245.35,150.82,Concluído,25/08/2024,99.71
2398,4414,14,33,Distrito Federal,Site Próprio,1,1,242.35,122.16,Concluído,09/01/2025,21.33
2062,3796,455,46,Espírito Santo,Site Próprio,6,1,141.8,81.26,Concluído,16/04/2024,5.45
2492,4594,415,1,São Paulo,Marketplace,6,1,139.5,91.78,Concluído,21/04/2025,45.59
592,1067,615,5,São Paulo,Site Próprio,3,1,311.41,185.65,Concluído,24/11/2025,53.16
1170,2105,471,15,Rio de Janeiro,Marketplace,1,2,48.15,22.05,Concluído,09/10/2025,14.38
1741,3176,331,8,Ceará,Marketplace,1,3,66.07,43.6,Concluído,22/09/2025,10.98
268,495,38,46,Bahia,Site Próprio,2,1,165.44,81.26,Concluído,03/07/2024,16.64
2308,4256,599,21,Santa Catarina,Site Próprio,4,1,197.11,94.68,Concluído,26/05/2024,6.64
2365,4354,107,8,Minas Gerais,Site Próprio,5,1,72.36,43.6,Concluído,07/05/2025,7.03
1059,1913,511,5,Bahia,Marketplace,3,1,220.58,185.65,Concluído,07/08/2025,18.79
1983,3647,294,11,São Paulo,Site Próprio,6,1,221.39,139.55,Concluído,13/11/2025,37.5
19,39,101,40,São Paulo,Site Próprio,5,1,72.83,53.25,Concluído,15/09/2025,12.24
161,307,27,15,São Paulo,Site Próprio,1,1,35.67,22.05,Cancelado,24/08/2024,6.65
2031,3741,359,11,São Paulo,Marketplace,2,1,245.98,139.55,Concluído,08/05/2024,54.63
4,7,159,6,Minas Gerais,Site Próprio,4,2,47.83,52.6,Concluído,26/11/2024,9.04
1729,3153,482,31,São Paulo,Marketplace,2,1,73.05,39.52,Concluído,09/11/2025,13.14
1566,2831,488,23,Rio de Janeiro,Site Próprio,5,3,65.43,43.89,Concluído,01/06/2025,43.22
1354,2457,450,5,Minas Gerais,Site Próprio,4,2,259.51,185.65,Cancelado,12/06/2024,16.4
1565,2830,221,53,São Paulo,Marketplace,1,1,334.39,152.79,Concluído,20/10/2025,69.35
433,782,564,52,Distrito Federal,Site Próprio,4,1,258.28,115.34,Concluído,25/10/2025,24.74
662,1191,169,45,São Paulo,Marketplace,5,1,61.99,39.57,Concluído,10/03/2025,14.38
294,535,578,12,São Paulo,Site Próprio,6,3,310.72,209.52,Concluído,11/11/2025,201.07
322,584,608,6,São Paulo,Marketplace,3,1,79.76,52.6,Concluído,27/10/2024,15.4
2529,4664,212,13,Minas Gerais,Marketplace,5,1,133.97,77.45,Concluído,07/10/2025,13.1
2612,4809,315,41,Mato Grosso do Sul,Marketplace,1,1,471.11,180.53,Concluído,21/11/2025,32.51
2425,4467,67,7,Minas Gerais,Marketplace,3,1,216.73,103.55,Concluído,13/03/2025,14.24
1593,2895,609,12,Rio de Janeiro,Site Próprio,1,1,396.16,209.52,Concluído,14/06/2025,36.37
2213,4079,391,31,Rio de Janeiro,Site Próprio,2,2,81.16,39.52,Cancelado,08/05/2025,14.07
2063,3797,455,3,Espírito Santo,Site Próprio,2,1,52.16,26.91,Concluído,11/06/2025,4.27
2523,4654,195,5,São Paulo,Site Próprio,1,1,272.49,185.65,Concluído,26/12/2025,62.54
2274,4192,136,28,São Paulo,Marketplace,3,2,262.67,142.78,Concluído,22/05/2025,85.79
1856,3400,607,31,Rio de Janeiro,Marketplace,3,1,97.39,39.52,Concluído,22/12/2025,9.64
2585,4759,577,6,São Paulo,Site Próprio,1,2,79.76,52.6,Cancelado,21/03/2025,25.68
1579,2862,398,5,Ceará,Marketplace,2,1,259.51,185.65,Concluído,25/12/2025,13.0
167,317,461,5,Minas Gerais,Site Próprio,2,3,201.84,185.65,Concluído,03/10/2025,51.05
1217,2198,3,16,Pernambuco,Marketplace,5,2,248.42,150.82,Concluído,19/09/2025,32.44
1332,2415,463,13,Rio de Janeiro,Site Próprio,4,3,140.67,77.45,Concluído,03/10/2024,51.44
1410,2565,311,17,São Paulo,Marketplace,1,1,237.27,127.08,Concluído,05/10/2024,84.4
2381,4382,587,39,Rio Grande do Sul,Aplicativo,4,1,468.43,144.85,Concluído,19/06/2025,35.41
2520,4651,240,15,Santa Catarina,Marketplace,2,1,48.15,22.05,Concluído,01/08/2025,2.93
998,1795,497,1,Pernambuco,Marketplace,1,3,172.33,91.78,Concluído,19/05/2025,74.6
1419,2582,236,45,Rio de Janeiro,Aplicativo,2,1,54.02,39.57,Cancelado,22/04/2025,7.17
2457,4526,394,3,São Paulo,Marketplace,1,1,49.26,26.91,Cancelado,05/04/2025,10.85
2237,4121,131,3,Bahia,Aplicativo,3,3,57.96,26.91,Concluído,04/02/2025,8.94
143,272,54,40,São Paulo,Aplicativo,5,2,72.83,53.25,Concluído,05/11/2024,27.5
303,549,373,4,São Paulo,Site Próprio,6,3,171.04,160.15,Concluído,01/08/2025,98.31
936,1693,424,42,Rio Grande do Sul,Aplicativo,6,2,80.66,37.56,Concluído,08/04/2025,14.78
1923,3526,214,6,Paraná,Site Próprio,2,2,87.36,52.6,Concluído,27/08/2025,8.54
1659,3013,548,5,Mato Grosso,Site Próprio,5,1,272.49,185.65,Concluído,06/08/2024,18.01
2527,4662,289,18,Mato Grosso do Sul,Site Próprio,3,1,745.59,173.9,Concluído,17/12/2024,24.23
1318,2391,536,45,São Paulo,Site Próprio,2,1,48.62,39.57,Concluído,11/05/2025,10.93
2106,3877,85,38,Mato Grosso,Site Próprio,5,1,121.48,48.05,Concluído,15/01/2025,10.22
494,895,540,43,Paraná,Site Próprio,3,1,353.54,182.69,Concluído,05/12/2025,30.69
1108,2000,377,1,São Paulo,Site Próprio,5,1,139.5,91.78,Concluído,02/06/2025,39.51
1180,2123,563,8,São Paulo,Marketplace,4,1,53.48,43.6,Concluído,18/10/2024,10.45
694,1248,377,42,São Paulo,Site Próprio,2,1,57.13,37.56,Concluído,27/02/2024,10.09
700,1260,397,9,São Paulo,Marketplace,6,2,261.95,108.49,Concluído,21/04/2024,94.14
449,810,439,47,Rio de Janeiro,Site Próprio,5,3,133.06,89.54,Concluído,12/07/2025,57.92
581,1050,317,41,Santa Catarina,Site Próprio,3,1,305.35,180.53,Concluído,22/10/2025,16.49
1041,1879,315,39,Mato Grosso do Sul,Marketplace,1,1,624.57,144.85,Concluído,22/09/2025,53.4
1588,2880,519,51,Rio de Janeiro,Site Próprio,1,1,306.97,201.19,Concluído,25/10/2024,23.24
52,108,242,5,São Paulo,Aplicativo,5,1,163.4,185.65,Concluído,25/09/2024,36.0
375,674,528,27,Pernambuco,Site Próprio,3,1,176.37,88.49,Concluído,09/12/2025,7.18
2517,4646,141,45,São Paulo,Site Próprio,4,2,65.63,39.57,Concluído,13/10/2024,22.54
2264,4176,322,10,Ceará,Site Próprio,6,1,250.46,120.42,Cancelado,25/07/2024,12.52
845,1533,260,37,São Paulo,Site Próprio,2,3,127.8,61.9,Cancelado,23/08/2025,77.75
1029,1856,167,39,São Paulo,Site Próprio,6,1,520.48,144.85,Concluído,11/02/2025,121.01
113,212,509,17,Pernambuco,Site Próprio,6,1,129.91,127.08,Concluído,27/10/2025,26.06
1726,3148,472,1,Santa Catarina,Marketplace,5,1,196.94,91.78,Concluído,25/11/2024,34.66
1247,2257,45,52,São Paulo,Site Próprio,5,1,200.89,115.34,Concluído,16/09/2025,37.89
1170,2106,471,5,Rio de Janeiro,Marketplace,1,1,259.51,185.65,Concluído,09/10/2025,34.26
1788,3269,321,35,São Paulo,Site Próprio,1,1,184.29,79.44,Concluído,20/01/2025,43.29
2513,4635,390,1,São Paulo,Marketplace,5,1,172.33,91.78,Concluído,15/08/2024,57.49
1093,1974,472,5,Santa Catarina,Marketplace,2,1,311.41,185.65,Concluído,01/08/2025,23.04
826,1502,458,12,São Paulo,Marketplace,4,2,345.24,209.52,Concluído,14/11/2025,140.65
359,647,353,33,São Paulo,Marketplace,4,1,196.19,122.16,Concluído,15/12/2025,45.26
1976,3634,65,47,Ceará,Marketplace,4,1,199.58,89.54,Concluído,13/10/2025,10.16
426,772,631,12,São Paulo,Site Próprio,2,2,419.47,209.52,Concluído,08/06/2025,165.86
393,704,602,4,Pernambuco,Marketplace,5,2,244.48,160.15,Concluído,17/11/2024,30.27
1957,3588,315,1,Mato Grosso do Sul,Site Próprio,3,1,196.94,91.78,Concluído,21/09/2024,27.28
695,1250,259,17,Minas Gerais,Site Próprio,4,1,129.91,127.08,Concluído,10/11/2025,20.27
1365,2473,598,6,São Paulo,Site Próprio,2,3,64.57,52.6,Concluído,09/11/2025,40.47
1033,1861,33,9,Minas Gerais,Aplicativo,2,1,194.04,108.49,Concluído,14/07/2025,12.11
397,710,360,5,Ceará,Marketplace,5,1,233.56,185.65,Concluído,22/05/2025,11.51
1467,2673,361,5,São Paulo,Marketplace,6,1,311.41,185.65,Concluído,18/11/2024,50.51
807,1462,527,39,São Paulo,Marketplace,2,2,346.99,144.85,Concluído,08/06/2025,115.48
817,1485,547,29,São Paulo,Site Próprio,1,1,122.95,78.75,Cancelado,25/11/2025,26.34
1404,2546,603,21,Rio Grande do Sul,Aplicativo,5,2,145.69,94.68,Concluído,21/11/2024,28.26
121,231,588,6,Paraná,Site Próprio,3,1,47.83,52.6,Concluído,08/07/2025,2.43
749,1357,479,40,São Paulo,Site Próprio,3,1,121.45,53.25,Cancelado,03/12/2024,27.52
1658,3012,588,17,Paraná,Site Próprio,5,2,175.37,127.08,Concluído,26/08/2025,51.59
473,852,386,18,Rio de Janeiro,Site Próprio,1,1,480.25,173.9,Concluído,10/05/2024,37.41
553,1005,166,49,Rio de Janeiro,Marketplace,6,1,78.7,73.39,Concluído,25/12/2025,6.37
1107,1997,139,8,Rio Grande do Sul,Marketplace,1,1,75.51,43.6,Concluído,18/10/2024,7.53
1020,1835,549,31,São Paulo,Site Próprio,4,2,73.05,39.52,Concluído,20/04/2025,25.0
2157,3974,477,17,Rio de Janeiro,Site Próprio,2,1,185.69,127.08,Concluído,10/11/2025,30.68
729,1317,385,22,Distrito Federal,Site Próprio,5,1,240.93,88.13,Concluído,01/04/2024,15.88
1819,3328,419,2,São Paulo,Marketplace,2,1,358.37,137.72,Concluído,05/11/2025,84.79
893,1624,339,6,São Paulo,Site Próprio,6,2,75.96,52.6,Concluído,20/07/2025,28.01
815,1481,648,5,Goiás,Site Próprio,3,1,259.51,185.65,Concluído,08/11/2025,28.23
2083,3834,475,3,Rio de Janeiro,Site Próprio,4,1,57.96,26.91,Concluído,03/12/2025,4.24
711,1279,125,40,Maranhão,Site Próprio,6,1,133.02,53.25,Concluído,27/06/2025,9.71
1695,3081,450,40,Minas Gerais,Marketplace,1,1,115.67,53.25,Concluído,25/01/2025,7.04
1016,1824,449,11,São Paulo,Site Próprio,4,1,163.99,139.55,Concluído,16/10/2024,27.09
582,1054,406,28,São Paulo,Site Próprio,3,1,233.48,142.78,Concluído,18/10/2024,51.37
2248,4146,203,5,Minas Gerais,Marketplace,2,1,272.49,185.65,Concluído,04/03/2025,12.86
257,476,434,45,São Paulo,Site Próprio,4,1,54.02,39.57,Concluído,06/07/2025,11.94
1262,2283,620,1,São Paulo,Aplicativo,5,1,196.94,91.78,Concluído,26/11/2025,52.27
2015,3712,361,25,São Paulo,Marketplace,3,1,41.03,16.13,Concluído,19/03/2024,9.4
1726,3147,472,16,Santa Catarina,Marketplace,5,2,331.23,150.82,Concluído,25/11/2024,20.8
179,336,454,52,São Paulo,Marketplace,6,1,220.02,115.34,Concluído,15/11/2024,46.25
1438,2618,323,23,Minas Gerais,Site Próprio,3,1,65.43,43.89,Concluído,01/03/2025,10.39
1991,3663,528,33,Pernambuco,Marketplace,1,3,242.35,122.16,Concluído,05/05/2025,37.01
44,89,618,17,São Paulo,Aplicativo,6,1,175.37,127.08,Cancelado,04/04/2024,48.58
486,875,403,17,São Paulo,Site Próprio,2,2,216.64,127.08,Concluído,07/11/2025,120.5
299,544,84,2,Goiás,Site Próprio,2,1,225.64,137.72,Concluído,10/01/2025,13.47
1652,3001,326,25,Paraná,Site Próprio,4,1,29.07,16.13,Concluído,14/04/2025,2.13
1522,2761,306,5,Amazonas,Marketplace,6,1,173.01,185.65,Concluído,03/12/2025,18.34
2629,4844,223,1,Goiás,Aplicativo,1,3,147.71,91.78,Concluído,04/11/2024,90.27
1042,1881,258,5,São Paulo,Marketplace,5,2,272.49,185.65,Concluído,22/06/2025,128.89
2587,4762,91,7,São Paulo,Marketplace,1,1,160.19,103.55,Concluído,16/02/2025,34.89
513,927,646,28,São Paulo,Site Próprio,2,1,275.8,142.78,Concluído,15/12/2025,56.79
169,320,329,45,Minas Gerais,Site Próprio,5,1,45.92,39.57,Concluído,23/12/2024,2.89
487,879,466,11,São Paulo,Site Próprio,5,2,209.09,139.55,Concluído,02/06/2024,75.48
2168,3995,359,30,São Paulo,Site Próprio,3,1,315.94,145.7,Concluído,23/08/2024,53.17
1776,3247,68,6,Rio de Janeiro,Site Próprio,1,2,75.96,52.6,Concluído,20/03/2025,13.67
1693,3079,223,48,Goiás,Site Próprio,4,2,179.65,66.62,Concluído,07/10/2024,26.8
2042,3762,115,22,Minas Gerais,Aplicativo,4,2,216.84,88.13,Concluído,04/11/2025,25.15
2433,4482,499,1,São Paulo,Site Próprio,1,1,139.5,91.78,Concluído,02/12/2025,39.58
891,1619,444,38,Rio de Janeiro,Site Próprio,3,2,95.07,48.05,Concluído,19/04/2024,17.7
2023,3727,385,11,Distrito Federal,Marketplace,1,2,245.98,139.55,Concluído,01/10/2025,48.11
2559,4717,566,45,Goiás,Site Próprio,6,1,61.99,39.57,Cancelado,14/08/2025,3.29
577,1046,523,9,São Paulo,Site Próprio,1,1,227.79,108.49,Cancelado,14/08/2024,52.64
973,1751,542,4,Rio de Janeiro,Marketplace,2,1,271.65,160.15,Concluído,01/04/2025,38.71
2107,3879,383,50,Ceará,Marketplace,5,1,211.9,118.05,Concluído,17/11/2025,21.32
2127,3918,487,28,Paraná,Aplicativo,1,1,262.67,142.78,Concluído,21/06/2025,15.52
576,1044,437,1,Rio de Janeiro,Site Próprio,6,1,196.94,91.78,Concluído,20/07/2025,34.35
1657,3011,88,41,Bahia,Marketplace,1,3,412.22,180.53,Concluído,26/07/2024,43.16
1800,3291,11,5,São Paulo,Marketplace,4,1,220.58,185.65,Concluído,21/06/2025,36.02
1147,2065,365,5,Rio de Janeiro,Aplicativo,3,3,163.4,185.65,Cancelado,25/12/2025,59.9
1632,2965,28,4,Espírito Santo,Marketplace,6,1,312.39,160.15,Concluído,11/06/2025,16.84
355,642,110,5,São Paulo,Marketplace,3,3,163.4,185.65,Cancelado,23/03/2025,90.98
69,138,445,37,Rio de Janeiro,Site Próprio,6,2,67.06,61.9,Concluído,15/07/2025,11.71
487,881,466,30,São Paulo,Site Próprio,5,1,268.55,145.7,Concluído,02/06/2024,50.3
1094,1977,219,35,Goiás,Site Próprio,6,2,184.29,79.44,Concluído,01/12/2024,39.59
872,1582,472,21,Santa Catarina,Marketplace,4,1,205.68,94.68,Concluído,10/05/2024,21.29
607,1098,174,35,Mato Grosso do Sul,Site Próprio,1,1,136.51,79.44,Concluído,18/09/2025,5.53
2467,4544,505,21,Distrito Federal,Site Próprio,4,1,205.68,94.68,Concluído,22/04/2025,15.69
769,1393,380,39,São Paulo,Site Próprio,5,1,442.41,144.85,Concluído,10/10/2024,80.78
1157,2084,158,16,Paraná,Marketplace,6,2,245.35,150.82,Concluído,24/11/2025,31.65
704,1267,172,1,São Paulo,Site Próprio,6,1,121.57,91.78,Concluído,09/06/2025,38.83
1415,2575,164,38,Bahia,Site Próprio,3,1,95.07,48.05,Concluído,03/12/2025,9.93
1188,2136,461,17,Minas Gerais,Marketplace,1,3,216.64,127.08,Concluído,23/11/2024,110.94
827,1504,227,17,São Paulo,Marketplace,1,1,206.32,127.08,Concluído,22/03/2025,61.77
1839,3368,636,4,São Paulo,Site Próprio,6,1,285.23,160.15,Cancelado,16/08/2025,46.09
2025,3730,472,6,Santa Catarina,Marketplace,6,2,91.16,52.6,Concluído,04/11/2024,15.61
75,149,569,6,Minas Gerais,Site Próprio,6,2,64.71,52.6,Concluído,25/08/2025,8.71
160,304,576,8,São Paulo,Site Próprio,6,1,41.95,43.6,Concluído,25/11/2024,7.18
1067,1925,484,45,São Paulo,Aplicativo,3,1,72.93,39.57,Concluído,14/11/2024,17.35
2514,4639,226,33,Rio de Janeiro,Marketplace,6,2,207.73,122.16,Concluído,13/12/2025,43.71
1446,2638,320,16,São Paulo,Marketplace,6,1,331.23,150.82,Concluído,10/12/2024,68.4
1054,1905,229,1,Mato Grosso do Sul,Site Próprio,3,1,139.5,91.78,Concluído,12/11/2024,22.78
2462,4535,618,5,São Paulo,Site Próprio,5,1,220.58,185.65,Concluído,05/04/2025,40.08
2087,3843,76,32,Santa Catarina,Site Próprio,4,2,285.47,130.06,Concluído,15/11/2024,49.33
2337,4311,35,21,Amazonas,Marketplace,3,2,145.69,94.68,Concluído,08/09/2025,22.06
983,1769,571,23,Santa Catarina,Aplicativo,2,1,80.83,43.89,Concluído,23/09/2025,14.93
1585,2876,159,12,Minas Gerais,Marketplace,2,1,396.16,209.52,Concluído,13/03/2025,18.78
1240,2241,463,34,Rio de Janeiro,Aplicativo,6,1,96.77,37.12,Concluído,27/06/2025,8.51
2630,4846,396,5,Santa Catarina,Marketplace,2,3,233.56,185.65,Concluído,05/08/2024,44.35
261,484,608,5,São Paulo,Marketplace,1,1,201.84,185.65,Concluído,01/11/2024,35.02
711,1281,125,50,Maranhão,Site Próprio,6,1,232.08,118.05,Concluído,27/06/2025,9.31
2000,3681,247,1,Distrito Federal,Marketplace,1,1,139.5,91.78,Concluído,01/12/2024,19.38
437,792,9,17,Distrito Federal,Site Próprio,6,1,129.91,127.08,Concluído,02/09/2025,25.36
667,1202,644,25,Pernambuco,Marketplace,6,1,30.78,16.13,Concluído,24/11/2024,2.0
2125,3913,441,8,Rio de Janeiro,Marketplace,5,2,66.07,43.6,Concluído,20/04/2024,12.24
1305,2363,336,5,São Paulo,Marketplace,6,1,272.49,185.65,Concluído,16/12/2025,55.53
1688,3070,488,18,Rio de Janeiro,Site Próprio,5,1,551.09,173.9,Concluído,09/08/2025,39.9
1873,3430,632,45,São Paulo,Aplicativo,6,1,83.87,39.57,Concluído,09/04/2025,20.06
2615,4814,471,26,Rio de Janeiro,Marketplace,5,1,343.8,164.45,Concluído,24/11/2025,46.21
2555,4705,300,53,Bahia,Aplicativo,3,2,286.62,152.79,Concluído,11/11/2025,27.0
1423,2592,634,8,Rio Grande do Sul,Site Próprio,3,1,62.92,43.6,Concluído,19/11/2025,2.99
1490,2711,477,8,Rio de Janeiro,Marketplace,2,1,56.63,43.6,Concluído,15/06/2025,7.91
843,1530,129,6,Paraná,Marketplace,6,2,75.96,52.6,Concluído,25/04/2025,6.85
1552,2810,478,1,Paraná,Marketplace,3,1,188.74,91.78,Concluído,10/08/2025,38.03
382,686,104,17,São Paulo,Site Próprio,3,1,237.27,127.08,Concluído,21/02/2024,79.82
854,1552,494,1,Maranhão,Marketplace,2,1,188.74,91.78,Concluído,26/04/2024,35.31
2103,3872,195,20,São Paulo,Marketplace,5,2,98.88,55.18,Concluído,25/09/2025,43.59
308,561,390,23,São Paulo,Marketplace,3,1,80.83,43.89,Concluído,17/12/2025,23.32
1243,2251,298,51,Ceará,Marketplace,2,1,361.14,201.19,Concluído,10/11/2024,22.97
2470,4552,96,13,Pernambuco,Aplicativo,5,1,154.07,77.45,Concluído,10/09/2025,16.36
1906,3501,374,16,São Paulo,Aplicativo,1,2,248.42,150.82,Concluído,14/01/2025,115.12
1477,2690,407,6,Minas Gerais,Site Próprio,3,2,50.64,52.6,Concluído,20/08/2025,6.81
2283,4209,495,31,Pernambuco,Site Próprio,5,1,81.16,39.52,Concluído,24/09/2025,7.26
2572,4738,433,4,Espírito Santo,Marketplace,4,1,285.23,160.15,Concluído,02/11/2025,30.06
1844,3380,167,20,São Paulo,Marketplace,4,3,94.18,55.18,Concluído,20/12/2025,48.71
1751,3194,624,5,São Paulo,Site Próprio,3,1,192.23,185.65,Concluído,24/02/2025,33.31
797,1447,231,23,Rio Grande do Sul,Marketplace,5,2,65.43,43.89,Concluído,24/11/2024,21.33
1082,1953,243,5,São Paulo,Marketplace,2,1,259.51,185.65,Concluído,07/12/2024,60.23
511,923,390,45,São Paulo,Site Próprio,1,3,76.57,39.57,Concluído,07/11/2025,54.76
894,1625,3,28,Pernambuco,Site Próprio,1,1,236.4,142.78,Concluído,21/11/2025,18.72
163,311,72,45,São Paulo,Site Próprio,5,2,56.72,39.57,Concluído,22/11/2025,25.09
732,1320,359,25,São Paulo,Marketplace,1,2,34.2,16.13,Concluído,26/03/2025,14.92
1926,3532,86,15,Rio Grande do Sul,Marketplace,3,1,43.34,22.05,Concluído,19/10/2025,2.35
918,1664,573,41,Minas Gerais,Site Próprio,3,1,392.59,180.53,Concluído,16/06/2024,24.03
451,816,494,45,Maranhão,Marketplace,6,1,83.87,39.57,Concluído,04/11/2024,6.35
2396,4411,550,37,Paraná,Aplicativo,1,2,90.53,61.9,Concluído,05/11/2024,7.77
1255,2267,111,21,Distrito Federal,Site Próprio,2,2,154.26,94.68,Concluído,20/09/2025,16.1
813,1474,70,51,Mato Grosso do Sul,Marketplace,2,3,433.37,201.19,Concluído,12/03/2025,95.04
985,1774,196,25,São Paulo,Site Próprio,6,1,41.03,16.13,Concluído,18/10/2025,7.61
2439,4494,72,15,São Paulo,Site Próprio,1,1,50.56,22.05,Concluído,26/06/2025,8.4
605,1094,559,42,Santa Catarina,Marketplace,2,1,70.58,37.56,Concluído,14/11/2024,3.54
2265,4177,352,8,São Paulo,Aplicativo,3,1,66.07,43.6,Concluído,01/09/2025,15.57
1081,1951,530,6,São Paulo,Site Próprio,3,1,64.57,52.6,Cancelado,02/03/2025,13.77
2109,3885,25,21,Minas Gerais,Site Próprio,4,3,171.4,94.68,Concluído,13/10/2025,53.01
2388,4395,329,21,Minas Gerais,Site Próprio,3,1,145.69,94.68,Concluído,09/04/2024,14.74
2470,4551,96,17,Pernambuco,Aplicativo,5,2,237.27,127.08,Concluído,10/09/2025,91.4
1547,2801,428,8,Mato Grosso do Sul,Marketplace,6,2,53.48,43.6,Concluído,27/11/2024,7.03
689,1240,131,53,Bahia,Marketplace,2,2,235.9,152.79,Concluído,06/06/2025,16.84
175,330,636,11,São Paulo,Marketplace,6,1,258.28,139.55,Concluído,22/12/2024,60.13
1706,3103,161,15,Rio de Janeiro,Marketplace,5,1,40.93,22.05,Concluído,04/01/2025,4.11
127,243,392,49,São Paulo,Site Próprio,4,1,106.48,73.39,Concluído,02/09/2025,20.99
2475,4560,330,35,Bahia,Site Próprio,3,1,153.58,79.44,Concluído,26/09/2025,9.66
1248,2258,200,23,Rio Grande do Sul,Marketplace,2,1,76.98,43.89,Concluído,05/05/2024,14.1
1557,2819,329,51,Minas Gerais,Site Próprio,2,2,306.97,201.19,Concluído,25/02/2025,49.24
2079,3825,532,17,São Paulo,Site Próprio,6,1,175.37,127.08,Concluído,10/11/2024,49.09
416,754,350,17,Paraná,Site Próprio,1,1,137.55,127.08,Concluído,15/11/2024,28.29
862,1564,47,6,São Paulo,Site Próprio,2,1,75.96,52.6,Concluído,21/03/2025,13.32
1073,1935,620,5,São Paulo,Site Próprio,3,3,311.41,185.65,Concluído,03/05/2025,173.39
2532,4667,583,49,São Paulo,Marketplace,3,3,143.75,73.39,Concluído,05/03/2025,83.14
1903,3494,196,49,São Paulo,Marketplace,5,1,150.0,73.39,Concluído,27/06/2025,25.9
1664,3023,324,53,Rio de Janeiro,Marketplace,2,1,270.7,152.79,Cancelado,04/04/2024,37.55
1453,2649,623,17,São Paulo,Site Próprio,2,2,216.64,127.08,Concluído,21/09/2025,142.68
1029,1857,167,8,São Paulo,Site Próprio,6,1,62.92,43.6,Concluído,11/02/2025,10.38
1948,3564,232,28,São Paulo,Site Próprio,3,1,315.2,142.78,Concluído,20/02/2024,72.37
1088,1965,216,5,Rio de Janeiro,Site Próprio,5,3,272.49,185.65,Concluído,23/09/2024,70.79
558,1014,264,26,Ceará,Marketplace,2,3,254.67,164.45,Cancelado,14/11/2024,54.78
787,1428,139,29,Rio Grande do Sul,Marketplace,4,1,173.58,78.75,Concluído,19/09/2024,6.28
1816,3323,516,53,Rio de Janeiro,Site Próprio,4,3,200.52,152.79,Concluído,06/11/2025,83.8
719,1296,20,51,São Paulo,Marketplace,3,1,379.2,201.19,Concluído,21/12/2024,87.03
253,467,522,46,São Paulo,Marketplace,5,3,133.92,81.26,Concluído,23/08/2025,75.25
2186,4029,402,35,Rio Grande do Sul,Marketplace,6,1,153.58,79.44,Concluído,02/04/2025,6.91
90,175,635,1,Minas Gerais,Marketplace,2,1,172.33,91.78,Concluído,13/07/2024,31.17
145,278,586,28,Rio de Janeiro,Site Próprio,6,2,204.3,142.78,Concluído,07/05/2024,49.24
594,1070,219,17,Goiás,Site Próprio,6,1,183.4,127.08,Concluído,21/07/2024,22.5
853,1549,34,17,Minas Gerais,Marketplace,6,1,175.37,127.08,Concluído,21/05/2025,22.22
566,1025,387,1,Santa Catarina,Site Próprio,4,1,139.5,91.78,Concluído,16/02/2025,21.85
1568,2835,617,9,Bahia,Site Próprio,6,2,193.62,108.49,Concluído,21/11/2025,23.82
810,1467,216,23,Rio de Janeiro,Marketplace,6,1,59.87,43.89,Cancelado,18/09/2024,12.48
951,1714,631,50,São Paulo,Site Próprio,2,1,181.63,118.05,Concluído,27/11/2024,42.92
1869,3425,397,51,São Paulo,Site Próprio,2,1,415.31,201.19,Concluído,10/02/2024,81.36
1434,2612,113,18,São Paulo,Marketplace,3,1,648.34,173.9,Concluído,17/10/2025,107.24
210,389,396,17,Santa Catarina,Site Próprio,5,1,137.55,127.08,Concluído,20/06/2024,31.05
1150,2071,335,5,São Paulo,Site Próprio,4,1,173.01,185.65,Concluído,16/11/2025,33.49
2157,3971,477,1,Rio de Janeiro,Site Próprio,2,1,147.71,91.78,Concluído,10/11/2025,28.36
1904,3496,523,6,São Paulo,Marketplace,6,3,75.96,52.6,Concluído,05/03/2025,43.05
1559,2822,180,23,São Paulo,Marketplace,5,1,76.98,43.89,Concluído,07/10/2024,20.48
786,1425,600,47,Rio Grande do Sul,Site Próprio,6,1,133.06,89.54,Concluído,01/07/2024,6.21
1933,3543,547,38,São Paulo,Site Próprio,4,2,89.79,48.05,Concluído,14/05/2025,41.82
2595,4776,73,45,São Paulo,Site Próprio,3,1,87.51,39.57,Concluído,05/07/2024,20.98
1953,3575,572,23,Minas Gerais,Site Próprio,3,1,92.37,43.89,Concluído,25/04/2025,11.8
24,51,592,8,Minas Gerais,Marketplace,3,3,46.61,43.6,Concluído,27/11/2025,9.61
1046,1888,460,1,São Paulo,Site Próprio,3,2,127.65,91.78,Concluído,25/11/2024,74.96
2007,3696,382,42,São Paulo,Site Próprio,6,1,49.79,37.56,Concluído,25/11/2025,9.55
2293,4230,568,38,Bahia,Aplicativo,6,1,105.64,48.05,Concluído,09/11/2024,11.02
261,483,608,12,São Paulo,Marketplace,1,1,362.5,209.52,Concluído,01/11/2024,85.51
1852,3394,571,16,Santa Catarina,Site Próprio,5,2,289.82,150.82,Concluído,10/06/2025,29.27
1244,2252,464,1,São Paulo,Site Próprio,2,1,121.57,91.78,Concluído,10/07/2025,40.05
2257,4163,405,11,São Paulo,Site Próprio,6,2,295.18,139.55,Concluído,21/04/2025,116.77
1278,2314,508,6,São Paulo,Marketplace,2,1,87.36,52.6,Concluído,18/08/2025,19.75
1575,2850,485,14,Rio Grande do Sul,Marketplace,4,2,183.17,105.23,Concluído,23/05/2025,11.39
1706,3104,161,11,Rio de Janeiro,Marketplace,5,2,209.09,139.55,Concluído,04/01/2025,39.48
2241,4128,392,13,São Paulo,Marketplace,2,3,154.07,77.45,Concluído,16/01/2025,77.1
2101,3868,326,15,Paraná,Marketplace,1,2,40.93,22.05,Concluído,15/06/2024,8.01
1359,2466,26,27,São Paulo,Marketplace,3,1,238.1,88.49,Concluído,24/11/2025,48.45
1611,2930,247,26,Distrito Federal,Aplicativo,2,1,292.23,164.45,Concluído,01/01/2025,18.5
2228,4107,381,35,Paraná,Site Próprio,5,1,130.54,79.44,Concluído,24/02/2025,11.34
32,65,178,28,São Paulo,Site Próprio,3,1,175.11,142.78,Concluído,11/10/2025,34.57
2501,4612,631,23,São Paulo,Marketplace,4,1,69.28,43.89,Concluído,03/08/2024,23.73
430,777,525,44,Rio Grande do Sul,Site Próprio,6,1,225.53,119.7,Concluído,17/11/2025,23.14
2262,4174,5,48,São Paulo,Site Próprio,2,3,199.61,66.62,Concluído,06/10/2024,143.06
1507,2735,607,14,Rio de Janeiro,Site Próprio,2,2,219.8,105.23,Concluído,21/06/2024,58.73
1418,2581,224,3,Santa Catarina,Marketplace,3,1,52.16,26.91,Cancelado,12/12/2025,5.46
1900,3484,533,12,Bahia,Site Próprio,2,1,535.99,209.52,Concluído,14/05/2025,17.53
2581,4753,388,46,São Paulo,Site Próprio,3,1,133.92,81.26,Concluído,07/03/2025,27.57
1293,2345,642,20,Rio de Janeiro,Site Próprio,5,1,113.01,55.18,Concluído,07/09/2025,13.86
1555,2816,315,24,Mato Grosso do Sul,Aplicativo,2,1,545.34,217.31,Concluído,07/10/2025,50.88
2484,4579,90,22,Rio de Janeiro,Aplicativo,4,1,289.12,88.13,Cancelado,10/11/2025,25.93
2185,4027,250,38,Pernambuco,Site Próprio,1,1,95.07,48.05,Concluído,24/08/2025,2.91
404,725,532,36,São Paulo,Marketplace,6,1,105.65,66.1,Concluído,01/12/2025,17.71
2633,4853,202,4,São Paulo,Site Próprio,4,2,285.23,160.15,Concluído,15/06/2025,116.03
2414,4445,8,21,São Paulo,Site Próprio,5,1,145.69,94.68,Concluído,06/06/2025,27.35
2621,4826,274,6,Rio de Janeiro,Marketplace,2,1,75.96,52.6,Concluído,18/11/2024,5.6
2576,4746,494,33,Maranhão,Site Próprio,4,1,265.43,122.16,Concluído,11/12/2025,17.6
962,1736,110,5,São Paulo,Marketplace,2,1,220.58,185.65,Concluído,10/11/2025,39.35
1715,3125,5,46,São Paulo,Marketplace,2,2,116.71,81.26,Concluído,16/02/2025,54.08
144,274,115,46,Minas Gerais,Marketplace,5,1,105.04,81.26,Concluído,26/12/2025,5.05
1620,2945,431,21,Paraná,Site Próprio,2,3,154.26,94.68,Concluído,07/12/2025,42.16
2517,4645,141,34,São Paulo,Site Próprio,4,2,82.95,37.12,Concluído,13/10/2024,38.9
2505,4620,103,41,Rio de Janeiro,Site Próprio,3,1,333.7,180.53,Concluído,05/12/2024,26.36
800,1453,302,5,Bahia,Marketplace,3,1,233.56,185.65,Concluído,18/11/2024,23.36
1494,2716,183,52,Amazonas,Site Próprio,2,1,172.19,115.34,Concluído,16/03/2025,5.27
2302,4246,146,13,Distrito Federal,Site Próprio,1,1,120.58,77.45,Concluído,07/12/2025,9.39
1478,2693,62,51,São Paulo,Marketplace,5,1,240.76,201.19,Concluído,09/08/2025,53.33
1526,2768,413,8,Pernambuco,Marketplace,1,3,56.63,43.6,Concluído,18/10/2025,9.5
116,219,462,30,Minas Gerais,Site Próprio,4,1,198.93,145.7,Concluído,13/07/2024,12.79
126,240,326,1,Paraná,Marketplace,2,2,103.33,91.78,Concluído,17/11/2024,42.18
627,1132,585,45,Distrito Federal,Marketplace,1,1,83.87,39.57,Cancelado,26/01/2025,5.23
2503,4617,608,12,São Paulo,Site Próprio,6,1,489.38,209.52,Concluído,23/11/2025,109.91
1786,3265,224,14,Santa Catarina,Marketplace,3,1,164.85,105.23,Concluído,08/04/2025,5.46
1239,2240,139,40,Rio Grande do Sul,Site Próprio,4,2,138.8,53.25,Concluído,26/07/2025,22.07
763,1384,170,40,São Paulo,Site Próprio,4,1,98.32,53.25,Concluído,02/11/2025,22.69
1691,3075,289,45,Mato Grosso do Sul,Site Próprio,2,1,83.87,39.57,Concluído,22/07/2025,3.86
749,1358,479,28,São Paulo,Site Próprio,3,1,275.8,142.78,Cancelado,03/12/2024,46.61
1443,2631,399,27,Santa Catarina,Site Próprio,5,1,204.08,88.49,Concluído,07/11/2025,9.27
1567,2833,414,30,Rio Grande do Sul,Site Próprio,1,2,331.74,145.7,Concluído,23/01/2024,67.61
344,625,238,4,Rio de Janeiro,Marketplace,5,2,171.04,160.15,Concluído,11/06/2025,37.08
465,840,352,45,São Paulo,Site Próprio,6,1,76.57,39.57,Concluído,12/07/2025,18.14
171,324,471,37,Rio de Janeiro,Aplicativo,3,2,106.5,61.9,Concluído,01/08/2025,18.91
2628,4841,326,5,Paraná,Aplicativo,3,1,220.58,185.65,Cancelado,07/11/2024,16.54
1036,1868,159,29,Minas Gerais,Site Próprio,1,1,122.95,78.75,Concluído,11/11/2025,13.11
1563,2827,137,32,Rio de Janeiro,Marketplace,4,1,326.25,130.06,Concluído,24/12/2024,40.98
2409,4436,382,17,São Paulo,Aplicativo,3,1,206.32,127.08,Concluído,24/03/2025,55.77
238,438,597,51,São Paulo,Site Próprio,4,1,240.76,201.19,Concluído,07/10/2025,42.16
59,120,48,17,São Paulo,Site Próprio,3,1,152.83,127.08,Cancelado,05/06/2025,43.36
2450,4514,557,49,Mato Grosso do Sul,Marketplace,1,1,131.25,73.39,Concluído,21/10/2024,5.3
2481,4574,42,26,Rio de Janeiro,Site Próprio,1,1,292.23,164.45,Cancelado,22/02/2024,31.09
1022,1840,27,5,São Paulo,Marketplace,5,1,259.51,185.65,Concluído,26/08/2024,60.18
567,1027,256,50,Rio de Janeiro,Site Próprio,1,1,127.07,118.05,Concluído,22/12/2024,17.87
1806,3302,531,28,São Paulo,Site Próprio,2,2,262.67,142.78,Concluído,21/11/2025,116.36
2262,4173,5,1,São Paulo,Site Próprio,2,1,164.12,91.78,Concluído,06/10/2024,53.34
1705,3102,468,53,São Paulo,Aplicativo,6,1,270.7,152.79,Concluído,24/07/2024,53.84
497,901,160,51,Minas Gerais,Site Próprio,3,2,227.38,201.19,Concluído,19/10/2025,39.34
669,1205,116,39,Paraná,Marketplace,2,2,442.41,144.85,Concluído,01/10/2024,61.32
2434,4484,187,29,Mato Grosso do Sul,Site Próprio,5,2,122.95,78.75,Concluído,10/07/2024,7.84
2626,4838,511,30,Bahia,Site Próprio,4,1,268.55,145.7,Concluído,15/12/2025,16.38
2198,4051,616,52,São Paulo,Marketplace,4,1,271.2,115.34,Concluído,05/03/2024,50.96
305,553,147,32,São Paulo,Site Próprio,3,1,171.18,130.06,Concluído,20/08/2025,30.57
220,407,190,14,São Paulo,Site Próprio,5,1,142.46,105.23,Cancelado,10/11/2025,33.92
2403,4421,627,9,São Paulo,Marketplace,6,2,193.62,108.49,Concluído,17/05/2025,86.78
886,1614,374,40,São Paulo,Marketplace,6,1,104.1,53.25,Concluído,23/08/2025,18.37
1614,2935,298,35,Ceará,Site Próprio,5,2,153.58,79.44,Concluído,21/09/2025,14.07
1805,3299,614,17,São Paulo,Marketplace,2,2,175.37,127.08,Concluído,06/11/2025,105.26
1567,2834,414,25,Rio Grande do Sul,Site Próprio,1,1,35.91,16.13,Concluído,23/01/2024,2.18
1296,2350,461,41,Minas Gerais,Site Próprio,2,1,412.22,180.53,Concluído,01/11/2024,29.8
1709,3110,289,33,Mato Grosso do Sul,Marketplace,5,2,265.43,122.16,Concluído,12/12/2024,36.2
964,1739,641,27,Bahia,Marketplace,2,1,192.75,88.49,Concluído,11/12/2025,13.36
125,237,646,27,São Paulo,Site Próprio,5,1,176.37,88.49,Concluído,13/12/2025,34.82
1734,3164,318,51,Pernambuco,Site Próprio,3,1,306.97,201.19,Concluído,08/02/2024,29.16
273,500,248,47,São Paulo,Marketplace,2,2,169.65,89.54,Concluído,15/01/2025,74.85
1971,3626,565,11,Pernambuco,Site Próprio,1,1,295.18,139.55,Concluído,20/11/2025,30.4
1717,3128,339,6,São Paulo,Marketplace,1,2,75.96,52.6,Concluído,24/08/2025,27.89
438,795,191,2,São Paulo,Marketplace,1,1,225.64,137.72,Concluído,12/05/2025,52.37
1835,3359,299,10,Bahia,Aplicativo,2,1,274.31,120.42,Concluído,27/12/2025,26.22
1800,3292,11,20,São Paulo,Marketplace,4,1,80.05,55.18,Concluído,21/06/2025,13.78
2157,3973,477,12,Rio de Janeiro,Site Próprio,2,1,419.47,209.52,Concluído,10/11/2025,58.64
547,991,125,41,Maranhão,Site Próprio,2,3,451.48,180.53,Concluído,15/11/2024,132.46
1344,2436,39,35,Goiás,Site Próprio,4,1,113.76,79.44,Concluído,09/10/2025,11.33
1843,3377,389,8,São Paulo,Marketplace,3,1,72.36,43.6,Concluído,12/09/2025,14.0
211,391,627,50,São Paulo,Site Próprio,3,1,171.54,118.05,Concluído,16/05/2025,38.7
1323,2401,124,45,São Paulo,Site Próprio,1,1,87.51,39.57,Concluído,17/01/2025,20.52
676,1218,576,6,São Paulo,Marketplace,2,1,68.37,52.6,Concluído,10/05/2025,16.24
124,236,269,31,Rio de Janeiro,Site Próprio,5,1,51.1,39.52,Concluído,19/05/2024,3.91
176,332,311,5,São Paulo,Marketplace,6,2,221.06,185.65,Concluído,19/03/2024,88.51
1749,3189,569,28,Minas Gerais,Marketplace,6,1,302.07,142.78,Concluído,17/10/2025,31.23
23,45,154,5,Bahia,Marketplace,6,2,201.84,185.65,Concluído,12/02/2025,21.8
2481,4575,42,36,Rio de Janeiro,Site Próprio,1,1,105.65,66.1,Cancelado,22/02/2024,15.35
2286,4217,472,8,Santa Catarina,Site Próprio,5,1,75.51,43.6,Concluído,27/09/2025,4.09
1875,3437,206,25,Bahia,Site Próprio,4,3,29.07,16.13,Concluído,01/02/2024,4.69
1690,3073,26,8,São Paulo,Site Próprio,5,1,66.07,43.6,Concluído,23/04/2025,15.06
1719,3135,219,40,Goiás,Site Próprio,5,1,138.8,53.25,Cancelado,02/04/2024,5.89
2196,4046,221,39,São Paulo,Marketplace,2,1,546.5,144.85,Concluído,23/05/2025,115.97
880,1595,243,47,São Paulo,Site Próprio,1,1,199.58,89.54,Concluído,08/09/2025,33.15
118,224,636,5,São Paulo,Aplicativo,2,1,201.84,185.65,Concluído,11/10/2025,39.72
1591,2892,61,52,São Paulo,Marketplace,4,1,172.19,115.34,Concluído,17/06/2025,39.28
693,1246,515,5,Rio de Janeiro,Marketplace,4,2,173.01,185.65,Concluído,03/06/2025,27.27
848,1541,273,44,São Paulo,Marketplace,4,1,167.06,119.7,Concluído,01/11/2025,33.86
1929,3538,311,5,São Paulo,Site Próprio,2,1,298.44,185.65,Concluído,19/11/2025,52.44
2251,4149,179,5,São Paulo,Marketplace,6,1,220.58,185.65,Concluído,24/04/2025,44.18
1399,2534,247,40,Distrito Federal,Site Próprio,1,2,98.32,53.25,Concluído,14/05/2025,17.38
453,819,583,41,São Paulo,Site Próprio,6,1,451.48,180.53,Concluído,08/10/2025,80.0
1887,3459,9,50,Distrito Federal,Marketplace,2,1,171.54,118.05,Concluído,21/06/2024,16.23
77,156,31,41,Ceará,Site Próprio,1,2,247.19,180.53,Concluído,20/12/2024,37.92
2587,4763,91,29,São Paulo,Marketplace,1,1,122.95,78.75,Concluído,16/02/2025,26.54
130,249,326,5,Paraná,Site Próprio,1,1,220.58,185.65,Concluído,07/06/2024,22.5
2132,3928,296,3,Distrito Federal,Site Próprio,2,1,57.96,26.91,Concluído,01/08/2025,4.05
2178,4015,622,8,Espírito Santo,Marketplace,4,1,53.48,43.6,Concluído,04/04/2025,3.17
1445,2637,450,6,Minas Gerais,Marketplace,3,1,75.96,52.6,Concluído,01/11/2024,5.89
437,794,9,13,Distrito Federal,Site Próprio,6,2,84.35,77.45,Concluído,02/09/2025,12.47
956,1726,261,5,Minas Gerais,Aplicativo,5,1,220.58,185.65,Concluído,03/05/2025,19.41
1750,3190,542,40,Rio de Janeiro,Aplicativo,2,1,115.67,53.25,Concluído,20/07/2024,17.06
1453,2650,623,43,São Paulo,Site Próprio,2,1,412.46,182.69,Concluído,21/09/2025,67.02
347,629,615,30,São Paulo,Site Próprio,4,1,280.84,145.7,Concluído,11/12/2025,62.4
2508,4625,422,11,São Paulo,Site Próprio,2,1,209.09,139.55,Concluído,17/12/2025,44.85
1291,2340,650,38,Ceará,Marketplace,1,1,126.77,48.05,Concluído,17/10/2024,4.91
2575,4744,92,5,Rio Grande do Sul,Marketplace,2,1,220.58,185.65,Concluído,14/06/2024,13.15
891,1621,444,17,Rio de Janeiro,Site Próprio,3,2,185.69,127.08,Concluído,19/04/2024,83.71
800,1452,302,23,Bahia,Marketplace,3,1,69.28,43.89,Concluído,18/11/2024,15.66
1599,2903,503,7,Ceará,Site Próprio,6,1,118.66,103.55,Concluído,13/02/2025,12.41
1018,1829,458,41,São Paulo,Site Próprio,5,1,392.59,180.53,Concluído,15/05/2025,74.95
457,827,444,47,Rio de Janeiro,Marketplace,2,1,133.06,89.54,Concluído,19/12/2024,15.47
901,1640,401,26,Rio Grande do Sul,Marketplace,5,1,412.57,164.45,Concluído,03/07/2025,17.04
2099,3865,133,1,Rio de Janeiro,Marketplace,2,2,139.5,91.78,Concluído,07/05/2025,51.42
1605,2914,517,49,São Paulo,Site Próprio,2,1,125.0,73.39,Concluído,09/11/2024,27.48
2060,3792,204,35,São Paulo,Site Próprio,3,1,161.25,79.44,Concluído,07/11/2025,30.48
1616,2940,26,38,São Paulo,Site Próprio,5,1,110.92,48.05,Concluído,22/05/2025,25.15
1867,3421,630,7,São Paulo,Marketplace,1,3,146.58,103.55,Concluído,23/11/2025,97.84
2169,3997,181,5,Rio de Janeiro,Marketplace,2,1,259.51,185.65,Concluído,21/03/2025,33.58
2045,3768,602,38,Pernambuco,Marketplace,1,1,95.07,48.05,Concluído,19/11/2025,3.7
294,536,578,23,São Paulo,Site Próprio,6,1,51.32,43.89,Concluído,11/11/2025,15.21
1463,2664,344,9,São Paulo,Marketplace,3,1,239.17,108.49,Concluído,17/10/2024,44.96
77,155,31,1,Ceará,Site Próprio,1,2,103.33,91.78,Concluído,20/12/2024,32.49
1774,3242,26,25,São Paulo,Site Próprio,1,1,35.91,16.13,Concluído,13/11/2025,6.18
1727,3150,477,53,Rio de Janeiro,Marketplace,6,1,286.62,152.79,Concluído,12/02/2025,41.76
1625,2953,111,36,Distrito Federal,Site Próprio,2,1,111.87,66.1,Cancelado,20/06/2025,3.69
728,1312,496,14,São Paulo,Site Próprio,4,2,142.46,105.23,Concluído,24/10/2025,67.18
170,323,648,5,Goiás,Site Próprio,5,1,192.23,185.65,Concluído,17/08/2025,18.42
2230,4111,73,6,São Paulo,Site Próprio,6,1,91.16,52.6,Concluído,06/11/2024,18.82
1820,3331,323,31,Minas Gerais,Marketplace,6,1,68.99,39.52,Concluído,10/06/2025,4.82
2165,3986,605,9,Pernambuco,Marketplace,4,2,193.62,108.49,Concluído,07/09/2025,26.84
1000,1799,13,7,São Paulo,Marketplace,1,1,197.88,103.55,Concluído,12/05/2024,35.46
42,83,343,12,Espírito Santo,Aplicativo,2,1,362.5,209.52,Concluído,21/05/2024,30.88
1409,2561,50,47,Minas Gerais,Site Próprio,1,1,133.06,89.54,Cancelado,05/12/2025,4.84
1077,1944,244,38,São Paulo,Site Próprio,3,2,89.79,48.05,Concluído,21/11/2025,28.88
1101,1989,452,5,Mato Grosso,Marketplace,1,1,220.58,185.65,Concluído,18/12/2024,19.5
1929,3537,311,15,São Paulo,Site Próprio,2,1,55.38,22.05,Concluído,19/11/2025,12.8
868,1575,583,34,São Paulo,Marketplace,4,2,105.99,37.12,Concluído,21/08/2025,49.18
1639,2978,404,7,São Paulo,Site Próprio,3,1,160.19,103.55,Concluído,03/11/2025,31.43
1498,2724,539,3,Mato Grosso,Aplicativo,3,3,60.85,26.91,Concluído,25/11/2024,12.89
1859,3406,534,43,São Paulo,Marketplace,5,1,392.82,182.69,Concluído,13/09/2025,74.71
1143,2059,168,48,São Paulo,Site Próprio,4,1,229.55,66.62,Concluído,11/12/2024,48.6
979,1763,461,18,Minas Gerais,Marketplace,4,1,680.75,173.9,Concluído,17/05/2025,69.3
823,1495,28,28,Espírito Santo,Site Próprio,4,1,302.07,142.78,Cancelado,22/06/2024,20.78
1156,2081,190,36,São Paulo,Site Próprio,5,1,130.51,66.1,Cancelado,24/02/2025,24.64
654,1175,360,45,Ceará,Site Próprio,4,2,65.63,39.57,Concluído,24/03/2025,8.47
1442,2629,124,5,São Paulo,Aplicativo,4,1,311.41,185.65,Concluído,23/07/2024,74.08
2312,4262,278,37,Bahia,Marketplace,6,1,111.83,61.9,Concluído,15/07/2025,4.37
2454,4519,321,8,São Paulo,Marketplace,1,1,75.51,43.6,Concluído,20/06/2025,17.12
339,615,631,25,São Paulo,Site Próprio,3,1,30.78,16.13,Concluído,13/12/2024,6.81
1700,3094,266,5,Rio de Janeiro,Marketplace,6,1,173.01,185.65,Concluído,19/12/2025,21.06
1882,3451,174,24,Mato Grosso do Sul,Site Próprio,4,1,545.34,217.31,Concluído,15/01/2025,46.19
559,1015,258,7,São Paulo,Site Próprio,1,1,197.88,103.55,Concluído,15/02/2025,38.76
1684,3058,464,23,São Paulo,Site Próprio,6,2,76.98,43.89,Concluído,16/05/2024,44.43
2528,4663,212,50,Minas Gerais,Marketplace,4,1,201.81,118.05,Concluído,08/10/2025,17.8
2122,3906,42,38,Rio de Janeiro,Aplicativo,6,1,89.79,48.05,Concluído,24/05/2024,11.87
1211,2182,106,7,Minas Gerais,Site Próprio,6,1,160.54,103.55,Concluído,13/11/2024,8.08
1866,3419,315,51,Mato Grosso do Sul,Marketplace,4,1,433.37,201.19,Concluído,01/04/2024,39.22
1705,3101,468,46,São Paulo,Aplicativo,6,1,133.92,81.26,Concluído,24/07/2024,30.08
671,1212,349,6,São Paulo,Marketplace,1,2,68.37,52.6,Concluído,06/09/2025,27.73
350,635,164,8,Bahia,Marketplace,1,1,56.63,43.6,Concluído,20/06/2024,2.53
583,1056,169,28,São Paulo,Site Próprio,2,2,223.27,142.78,Concluído,19/04/2025,88.64
1292,2341,315,3,Mato Grosso do Sul,Site Próprio,5,1,69.55,26.91,Concluído,08/11/2025,4.83
439,797,143,32,São Paulo,Site Próprio,2,2,171.18,130.06,Cancelado,02/06/2025,68.75
2316,4271,122,17,Mato Grosso do Sul,Marketplace,5,1,247.58,127.08,Concluído,25/07/2025,38.75
1555,2815,315,21,Mato Grosso do Sul,Aplicativo,2,1,205.68,94.68,Concluído,07/10/2025,17.46
2355,4342,552,13,São Paulo,Site Próprio,5,1,113.88,77.45,Concluído,09/09/2025,21.92
598,1081,15,5,São Paulo,Marketplace,5,1,163.4,185.65,Cancelado,14/07/2024,28.48
913,1655,53,17,Paraná,Site Próprio,3,1,185.69,127.08,Concluído,18/05/2024,34.15
884,1608,60,28,Ceará,Site Próprio,5,2,204.3,142.78,Concluído,20/09/2025,20.18
73,145,137,24,Rio de Janeiro,Site Próprio,1,1,403.96,217.31,Concluído,09/07/2024,31.99
2300,4242,409,25,São Paulo,Site Próprio,2,1,34.2,16.13,Concluído,08/10/2024,7.15
45,91,476,5,Amazonas,Site Próprio,4,1,163.4,185.65,Concluído,19/06/2024,7.03
380,683,169,13,São Paulo,Site Próprio,4,1,113.88,77.45,Cancelado,18/11/2024,24.18
2394,4407,620,6,São Paulo,Aplicativo,6,2,91.16,52.6,Concluído,25/10/2025,33.91
1874,3432,32,49,Ceará,Site Próprio,6,2,112.5,73.39,Concluído,07/04/2025,19.37
46,94,523,5,São Paulo,Site Próprio,3,1,192.23,185.65,Concluído,10/11/2024,38.16
463,835,469,38,São Paulo,Site Próprio,4,1,110.92,48.05,Concluído,07/11/2024,26.44
2527,4660,289,45,Mato Grosso do Sul,Site Próprio,3,1,83.87,39.57,Concluído,17/12/2024,6.01
772,1401,585,17,Distrito Federal,Site Próprio,3,1,237.27,127.08,Concluído,02/12/2025,41.85
2162,3980,572,13,Minas Gerais,Site Próprio,2,1,160.77,77.45,Concluído,11/11/2025,6.46
1265,2292,268,50,São Paulo,Site Próprio,2,3,201.81,118.05,Concluído,03/07/2025,126.47
826,1501,458,40,São Paulo,Marketplace,4,2,85.68,53.25,Concluído,14/11/2025,35.85
1252,2263,376,47,São Paulo,Site Próprio,3,2,147.84,89.54,Concluído,16/11/2025,48.67
811,1469,498,18,São Paulo,Site Próprio,3,1,432.22,173.9,Concluído,11/12/2025,88.22
2133,3929,593,27,Bahia,Site Próprio,6,2,192.75,88.49,Concluído,12/12/2024,37.39
1776,3246,68,41,Rio de Janeiro,Site Próprio,1,1,392.59,180.53,Concluído,20/03/2025,57.95
551,999,313,12,São Paulo,Aplicativo,6,1,293.45,209.52,Concluído,14/05/2025,60.6
474,854,14,23,Distrito Federal,Site Próprio,5,1,80.83,43.89,Concluído,08/10/2025,10.39
2105,3876,107,17,Minas Gerais,Marketplace,6,3,237.27,127.08,Concluído,12/10/2024,148.98
632,1143,650,39,Ceará,Site Próprio,5,2,462.65,144.85,Concluído,17/12/2024,78.65
1259,2275,611,45,Santa Catarina,Site Próprio,4,1,76.57,39.57,Concluído,13/12/2025,5.93
2441,4498,216,5,Rio de Janeiro,Aplicativo,1,1,272.49,185.65,Concluído,19/12/2025,34.72
610,1104,479,47,São Paulo,Site Próprio,3,2,209.56,89.54,Concluído,04/05/2024,93.92
42,85,343,24,Espírito Santo,Aplicativo,2,1,353.46,217.31,Concluído,21/05/2024,11.88
1224,2211,301,5,Rio Grande do Sul,Site Próprio,6,1,311.41,185.65,Concluído,09/07/2024,11.18
2284,4211,286,40,Paraná,Marketplace,6,1,133.02,53.25,Concluído,25/11/2025,14.26
2468,4548,642,8,Rio de Janeiro,Site Próprio,2,3,75.51,43.6,Concluído,25/12/2025,16.76
1877,3441,128,43,Mato Grosso,Marketplace,2,1,392.82,182.69,Concluído,14/11/2024,19.72
865,1568,638,47,Santa Catarina,Marketplace,4,1,147.84,89.54,Concluído,10/12/2024,14.02
917,1661,258,30,São Paulo,Aplicativo,2,1,331.74,145.7,Concluído,25/05/2025,63.79
858,1557,224,32,Santa Catarina,Site Próprio,1,1,244.69,130.06,Concluído,01/07/2024,25.62
2044,3765,510,12,Goiás,Site Próprio,4,3,310.72,209.52,Concluído,09/12/2025,53.6
1956,3585,560,7,São Paulo,Site Próprio,3,1,169.61,103.55,Concluído,09/11/2025,31.67
1045,1886,495,8,Pernambuco,Marketplace,2,2,62.92,43.6,Concluído,06/05/2025,9.12
1725,3145,68,42,Rio de Janeiro,Site Próprio,3,1,67.22,37.56,Concluído,09/11/2024,6.0
1036,1867,159,18,Minas Gerais,Site Próprio,1,3,551.09,173.9,Concluído,11/11/2025,84.81
1585,2875,159,1,Minas Gerais,Marketplace,2,1,139.5,91.78,Concluído,13/03/2025,20.09
2349,4331,270,5,Santa Catarina,Site Próprio,4,3,220.58,185.65,Concluído,10/03/2024,64.12
1958,3589,297,1,São Paulo,Site Próprio,6,1,196.94,91.78,Concluído,04/12/2025,53.51
1788,3268,321,28,São Paulo,Site Próprio,1,1,315.2,142.78,Concluído,20/01/2025,67.7
1589,2885,371,5,São Paulo,Site Próprio,6,1,272.49,185.65,Concluído,11/12/2025,48.83
1591,2891,61,44,São Paulo,Marketplace,4,1,150.35,119.7,Concluído,17/06/2025,34.72
1655,3008,490,6,São Paulo,Aplicativo,1,1,75.96,52.6,Concluído,06/11/2025,12.53
1017,1827,234,6,Minas Gerais,Site Próprio,2,1,47.83,52.6,Concluído,25/05/2024,2.63
2131,3924,127,9,São Paulo,Site Próprio,1,1,205.01,108.49,Concluído,18/07/2025,38.19
1448,2641,173,8,Pará,Site Próprio,2,1,39.62,43.6,Concluído,16/11/2025,1.34
840,1526,145,28,Rio Grande do Sul,Site Próprio,3,2,223.27,142.78,Concluído,03/03/2025,31.35
862,1563,47,47,São Paulo,Site Próprio,2,1,199.58,89.54,Concluído,21/03/2025,40.26
184,344,465,29,Rio Grande do Sul,Site Próprio,3,1,112.51,78.75,Concluído,08/04/2025,8.63
1403,2543,540,26,Paraná,Aplicativo,2,1,309.42,164.45,Concluído,15/11/2024,33.88
1848,3386,26,5,São Paulo,Marketplace,2,1,272.49,185.65,Concluído,11/05/2025,61.53
1331,2413,550,1,Paraná,Marketplace,3,1,139.5,91.78,Concluído,21/01/2025,30.36
1488,2708,289,24,Mato Grosso do Sul,Aplicativo,2,1,522.62,217.31,Concluído,08/11/2024,43.53
613,1111,282,42,Ceará,Marketplace,4,1,52.28,37.56,Concluído,02/11/2025,2.28
1877,3443,128,47,Mato Grosso,Marketplace,2,1,199.58,89.54,Concluído,14/11/2024,6.45
1225,2214,77,23,São Paulo,Site Próprio,3,1,80.83,43.89,Concluído,01/03/2024,24.8
750,1360,20,7,São Paulo,Site Próprio,4,1,197.88,103.55,Concluído,19/09/2024,35.62
1171,2108,100,5,São Paulo,Site Próprio,6,1,233.56,185.65,Concluído,27/07/2025,48.18
761,1379,517,27,São Paulo,Marketplace,6,1,226.76,88.49,Concluído,07/04/2025,45.22
1564,2829,107,32,Minas Gerais,Site Próprio,2,2,312.66,130.06,Concluído,05/04/2024,34.27
229,425,43,31,São Paulo,Marketplace,4,1,54.11,39.52,Concluído,18/11/2024,12.87
152,293,522,45,São Paulo,Site Próprio,2,1,45.92,39.57,Cancelado,24/05/2025,9.36
591,1066,2,30,Rio Grande do Sul,Site Próprio,3,1,315.94,145.7,Cancelado,01/01/2025,11.22
1313,2378,296,35,Distrito Federal,Site Próprio,5,1,153.58,79.44,Concluído,19/05/2025,12.87
1183,2128,485,50,Rio Grande do Sul,Aplicativo,4,1,201.81,118.05,Concluído,23/09/2025,7.87
952,1718,198,26,São Paulo,Marketplace,6,1,395.38,164.45,Concluído,16/01/2025,77.81
519,938,442,32,Minas Gerais,Marketplace,3,1,171.18,130.06,Concluído,25/09/2025,8.61
2052,3780,390,51,São Paulo,Marketplace,1,2,379.2,201.19,Concluído,24/03/2024,131.13
2155,3965,460,53,São Paulo,Site Próprio,5,1,334.39,152.79,Concluído,20/09/2024,65.74
2167,3991,504,28,São Paulo,Site Próprio,6,2,275.8,142.78,Concluído,27/07/2024,123.94
133,255,336,15,São Paulo,Site Próprio,3,1,37.45,22.05,Concluído,05/10/2025,6.4
2549,4691,242,23,São Paulo,Site Próprio,3,1,65.43,43.89,Concluído,26/12/2024,17.16
816,1483,502,47,Goiás,Marketplace,3,1,179.63,89.54,Concluído,22/04/2025,8.44
522,945,569,42,Minas Gerais,Marketplace,4,2,77.3,37.56,Concluído,17/12/2024,15.74
1747,3184,352,14,São Paulo,Marketplace,6,2,192.33,105.23,Concluído,22/12/2024,76.47
1787,3267,553,3,Mato Grosso do Sul,Site Próprio,3,1,49.26,26.91,Concluído,17/07/2025,4.64
1601,2908,255,12,Rio de Janeiro,Site Próprio,3,1,559.29,209.52,Concluído,11/10/2025,47.54
536,970,476,52,Amazonas,Site Próprio,5,2,219.54,115.34,Concluído,07/09/2025,23.4
270,497,416,35,Paraná,Site Próprio,6,1,102.38,79.44,Concluído,11/12/2025,10.61
1019,1830,176,7,Goiás,Site Próprio,5,1,188.46,103.55,Concluído,04/05/2024,15.92
1210,2178,519,25,Rio de Janeiro,Aplicativo,3,1,29.07,16.13,Concluído,08/09/2025,3.55
181,338,360,31,Ceará,Site Próprio,5,1,73.05,39.52,Concluído,04/04/2025,6.26
637,1149,176,35,Goiás,Site Próprio,3,1,153.58,79.44,Concluído,10/08/2025,12.53
1241,2244,214,32,Paraná,Site Próprio,6,1,312.66,130.06,Concluído,11/10/2024,10.01
2628,4840,326,49,Paraná,Aplicativo,3,1,106.25,73.39,Cancelado,07/11/2024,6.41
2156,3969,549,6,São Paulo,Marketplace,2,1,68.37,52.6,Cancelado,05/05/2025,11.72
1195,2152,434,15,São Paulo,Site Próprio,1,2,48.15,22.05,Concluído,15/05/2025,20.58
1113,2011,538,20,Rio de Janeiro,Site Próprio,2,1,98.88,55.18,Concluído,11/06/2025,8.98
1377,2492,263,9,São Paulo,Site Próprio,6,1,193.62,108.49,Concluído,12/10/2025,34.68
2596,4778,301,9,Rio Grande do Sul,Site Próprio,4,1,273.34,108.49,Concluído,20/11/2024,15.69
1008,1811,618,47,São Paulo,Marketplace,6,1,169.65,89.54,Concluído,08/01/2025,30.72
1106,1995,59,46,São Paulo,Site Próprio,4,2,133.92,81.26,Cancelado,11/04/2025,45.1
1613,2933,271,52,Rio de Janeiro,Site Próprio,2,1,258.28,115.34,Concluído,13/11/2025,36.96
1562,2825,440,47,Bahia,Site Próprio,6,1,209.56,89.54,Concluído,08/08/2024,20.54
1595,2898,255,28,Rio de Janeiro,Site Próprio,4,1,315.2,142.78,Concluído,06/10/2025,22.1
1259,2276,611,38,Santa Catarina,Site Próprio,4,2,110.92,48.05,Concluído,13/12/2025,17.04
236,435,379,6,Paraná,Site Próprio,1,1,79.76,52.6,Concluído,13/02/2024,8.21
2443,4502,318,37,Pernambuco,Marketplace,6,1,90.53,61.9,Concluído,22/02/2024,4.25
1561,2824,397,1,São Paulo,Marketplace,4,1,188.74,91.78,Concluído,02/07/2025,52.92
2037,3756,388,47,São Paulo,Marketplace,4,1,169.65,89.54,Concluído,16/07/2024,33.79
1383,2505,145,25,Rio Grande do Sul,Site Próprio,3,1,29.07,16.13,Concluído,20/12/2024,2.92
1760,3212,367,5,Rio de Janeiro,Aplicativo,3,2,220.58,185.65,Concluído,24/06/2025,45.92
2337,4309,35,6,Amazonas,Marketplace,3,2,64.57,52.6,Concluído,08/09/2025,5.37
1931,3541,315,12,Mato Grosso do Sul,Site Próprio,1,1,559.29,209.52,Concluído,15/12/2025,27.8
1789,3271,289,42,Mato Grosso do Sul,Site Próprio,5,1,77.3,37.56,Concluído,14/03/2025,3.35
1076,1942,222,38,São Paulo,Marketplace,1,2,70.42,48.05,Concluído,11/10/2024,30.49
1047,1892,523,44,São Paulo,Site Próprio,2,1,225.53,119.7,Concluído,08/08/2025,51.8
1963,3600,107,49,Minas Gerais,Marketplace,4,2,143.75,73.39,Concluído,13/08/2024,28.92
703,1266,550,5,Paraná,Marketplace,2,1,163.4,185.65,Concluído,26/02/2025,10.02
2410,4439,269,24,Rio de Janeiro,Site Próprio,5,1,386.28,217.31,Concluído,24/06/2025,36.04
1427,2598,138,26,Minas Gerais,Site Próprio,1,2,360.99,164.45,Concluído,07/07/2025,44.19
777,1411,515,17,Rio de Janeiro,Marketplace,3,1,185.69,127.08,Concluído,23/12/2024,44.73
674,1215,322,38,Ceará,Aplicativo,1,1,110.92,48.05,Cancelado,16/12/2025,3.43
534,967,287,44,Minas Gerais,Site Próprio,5,1,270.64,119.7,Concluído,08/12/2024,21.76
683,1231,139,39,Rio Grande do Sul,Aplicativo,5,3,462.65,144.85,Concluído,12/03/2025,89.94
333,606,268,5,São Paulo,Site Próprio,4,3,192.23,185.65,Concluído,19/09/2025,98.38
50,105,572,45,Minas Gerais,Site Próprio,6,1,64.82,39.57,Concluído,15/03/2024,5.91
358,646,576,6,São Paulo,Aplicativo,4,1,68.37,52.6,Concluído,03/12/2025,13.69
2491,4591,259,21,Minas Gerais,Site Próprio,4,1,145.69,94.68,Concluído,20/04/2025,11.38
1697,3089,47,12,São Paulo,Site Próprio,5,2,466.07,209.52,Concluído,17/11/2025,160.23
563,1020,257,5,Minas Gerais,Site Próprio,3,1,192.23,185.65,Concluído,05/12/2025,16.74
45,92,476,20,Amazonas,Site Próprio,4,1,59.3,55.18,Concluído,19/06/2024,5.44
1584,2871,450,16,Minas Gerais,Marketplace,4,1,276.02,150.82,Concluído,06/05/2024,11.04
501,909,261,11,Minas Gerais,Marketplace,6,1,154.88,139.55,Concluído,22/05/2025,8.33
1195,2151,434,4,São Paulo,Site Próprio,1,2,271.65,160.15,Concluído,15/05/2025,99.26
126,239,326,39,Paraná,Marketplace,2,2,327.71,144.85,Concluído,17/11/2024,21.76
1723,3141,78,19,Amazonas,Site Próprio,1,1,457.16,137.57,Concluído,04/12/2024,47.36
521,943,70,37,Mato Grosso do Sul,Marketplace,4,1,127.8,61.9,Concluído,18/08/2025,10.13
706,1271,360,29,Ceará,Marketplace,4,1,130.19,78.75,Concluído,20/12/2024,8.77
520,939,288,17,Paraná,Site Próprio,1,2,129.91,127.08,Concluído,18/09/2024,57.73
1767,3230,313,32,São Paulo,Marketplace,2,2,231.1,130.06,Concluído,07/06/2024,87.68
1940,3552,118,43,Rio Grande do Sul,Site Próprio,1,1,353.54,182.69,Concluído,09/11/2025,12.73
1035,1863,65,8,Ceará,Site Próprio,6,1,62.92,43.6,Concluído,21/10/2025,5.25
922,1670,375,15,Paraná,Marketplace,3,1,35.67,22.05,Concluído,05/10/2024,2.19
4,6,159,37,Minas Gerais,Site Próprio,4,1,67.06,61.9,Concluído,26/11/2024,5.11
2357,4344,146,20,Distrito Federal,Site Próprio,2,2,84.76,55.18,Concluído,05/09/2024,10.63
2144,3944,286,36,Paraná,Marketplace,2,1,142.94,66.1,Concluído,09/04/2024,6.07
1660,3014,387,53,Santa Catarina,Marketplace,3,1,270.7,152.79,Concluído,16/08/2024,9.47
9,19,587,23,Rio Grande do Sul,Marketplace,3,2,51.32,43.89,Concluído,27/04/2025,19.38
1092,1971,344,45,São Paulo,Site Próprio,3,1,56.72,39.57,Concluído,02/02/2025,10.34
1490,2710,477,6,Rio de Janeiro,Marketplace,2,2,68.37,52.6,Concluído,15/06/2025,18.76
1235,2233,213,45,Ceará,Marketplace,4,3,83.87,39.57,Concluído,05/12/2025,26.47
449,812,439,42,Rio de Janeiro,Site Próprio,5,1,44.81,37.56,Concluído,12/07/2025,3.16
723,1301,139,24,Rio Grande do Sul,Marketplace,2,1,545.34,217.31,Cancelado,15/06/2024,54.15
2596,4779,301,31,Rio Grande do Sul,Site Próprio,4,3,97.39,39.52,Concluído,20/11/2024,31.17
135,261,167,10,São Paulo,Marketplace,4,1,176.69,120.42,Concluído,13/07/2025,35.67
1004,1805,587,8,Rio Grande do Sul,Site Próprio,6,2,56.63,43.6,Concluído,18/06/2025,4.5
866,1571,605,21,Pernambuco,Marketplace,6,1,145.69,94.68,Cancelado,14/05/2025,14.15
2323,4281,35,32,Amazonas,Marketplace,4,1,231.1,130.06,Concluído,06/10/2025,21.33
1354,2455,450,16,Minas Gerais,Site Próprio,4,1,276.02,150.82,Cancelado,12/06/2024,20.48
967,1744,526,8,São Paulo,Site Próprio,3,2,75.51,43.6,Concluído,05/05/2025,30.2
897,1631,139,8,Rio Grande do Sul,Marketplace,5,2,75.51,43.6,Concluído,14/04/2025,8.64
952,1717,198,48,São Paulo,Marketplace,6,1,229.55,66.62,Concluído,16/01/2025,40.65
284,521,489,47,Mato Grosso,Marketplace,1,1,125.66,89.54,Concluído,20/05/2025,9.02
2140,3938,346,13,São Paulo,Site Próprio,6,2,160.77,77.45,Cancelado,24/12/2024,70.58
1899,3483,205,46,Ceará,Site Próprio,3,1,133.92,81.26,Concluído,24/12/2024,4.57
915,1659,584,23,São Paulo,Marketplace,3,1,48.47,43.89,Concluído,23/11/2024,15.46
1894,3473,248,8,São Paulo,Site Próprio,6,1,53.48,43.6,Concluído,26/03/2024,12.19
1367,2476,410,5,Bahia,Site Próprio,2,1,220.58,185.65,Concluído,04/08/2025,8.32
2146,3949,177,42,São Paulo,Site Próprio,6,2,70.58,37.56,Concluído,16/09/2025,27.33
2138,3935,519,21,Rio de Janeiro,Site Próprio,4,1,145.69,94.68,Concluído,01/08/2025,13.72
1983,3646,294,6,São Paulo,Site Próprio,6,1,68.37,52.6,Concluído,13/11/2025,13.3
422,764,586,23,Rio de Janeiro,Site Próprio,5,1,80.83,43.89,Concluído,13/08/2025,13.11
2347,4327,354,41,Rio Grande do Sul,Site Próprio,5,1,333.7,180.53,Concluído,19/07/2025,22.96
2406,4428,248,16,São Paulo,Site Próprio,2,3,234.62,150.82,Concluído,12/07/2025,164.28
605,1092,559,26,Santa Catarina,Marketplace,2,1,360.99,164.45,Concluído,14/11/2024,11.8
1965,3609,597,5,São Paulo,Site Próprio,3,2,233.56,185.65,Concluído,07/03/2024,95.01
609,1102,10,5,Pernambuco,Marketplace,3,2,259.51,185.65,Concluído,18/04/2025,16.71
2473,4558,602,44,Pernambuco,Site Próprio,6,2,202.98,119.7,Concluído,22/11/2025,16.24
528,959,426,26,São Paulo,Site Próprio,5,1,216.47,164.45,Concluído,17/08/2025,45.61
307,560,287,17,Minas Gerais,Site Próprio,6,1,247.58,127.08,Cancelado,27/06/2024,41.02
837,1520,404,42,São Paulo,Marketplace,5,1,42.32,37.56,Concluído,06/12/2025,10.06
2595,4777,73,27,São Paulo,Site Próprio,3,1,272.11,88.49,Concluído,05/07/2024,50.15
1372,2485,639,38,Distrito Federal,Site Próprio,4,1,126.77,48.05,Concluído,24/05/2025,9.33
198,367,189,5,Santa Catarina,Site Próprio,6,1,192.23,185.65,Concluído,05/05/2025,8.3
2118,3902,582,41,Bahia,Site Próprio,5,2,333.7,180.53,Concluído,21/09/2024,42.31
1080,1949,392,29,São Paulo,Marketplace,5,3,166.35,78.75,Concluído,11/02/2025,115.08
2258,4166,216,41,Rio de Janeiro,Site Próprio,2,1,412.22,180.53,Concluído,16/11/2025,37.02
867,1573,272,5,Santa Catarina,Site Próprio,5,1,220.58,185.65,Concluído,19/05/2025,13.23
448,809,428,29,Mato Grosso do Sul,Site Próprio,2,2,122.95,78.75,Concluído,25/02/2025,21.61
1769,3233,592,45,Minas Gerais,Site Próprio,3,1,72.93,39.57,Concluído,12/11/2025,4.24
2145,3947,607,39,Rio de Janeiro,Site Próprio,6,1,624.57,144.85,Concluído,23/08/2024,72.14
6,12,22,31,São Paulo,Site Próprio,5,1,54.11,39.52,Concluído,21/11/2024,9.64
1123,2026,586,49,Rio de Janeiro,Site Próprio,1,1,131.25,73.39,Concluído,05/11/2025,13.22
90,177,635,30,Minas Gerais,Marketplace,2,3,331.74,145.7,Concluído,13/07/2024,94.94
1374,2489,540,46,Paraná,Site Próprio,1,1,141.8,81.26,Concluído,21/02/2025,10.89
2110,3887,133,4,Rio de Janeiro,Site Próprio,5,2,230.9,160.15,Concluído,18/11/2025,47.15
1413,2570,640,52,São Paulo,Site Próprio,2,1,232.45,115.34,Concluído,22/05/2025,44.1
1920,3521,400,38,Distrito Federal,Marketplace,5,1,70.42,48.05,Concluído,10/11/2025,4.07
2041,3761,106,24,Minas Gerais,Marketplace,5,1,522.62,217.31,Concluído,17/07/2024,45.05
1795,3283,631,26,São Paulo,Site Próprio,6,3,309.42,164.45,Concluído,09/08/2024,201.25
919,1665,566,53,Goiás,Site Próprio,1,1,270.7,152.79,Concluído,04/11/2025,27.61
1215,2192,253,10,Rio de Janeiro,Marketplace,3,2,202.75,120.42,Concluído,16/12/2024,33.62
2635,4858,450,32,Minas Gerais,Marketplace,1,2,271.88,130.06,Concluído,27/06/2024,44.1
1840,3371,487,35,Paraná,Marketplace,1,3,153.58,79.44,Concluído,04/10/2025,34.83
1461,2661,4,3,São Paulo,Marketplace,5,2,57.96,26.91,Concluído,25/10/2025,21.33
2307,4253,65,51,Ceará,Marketplace,3,3,361.14,201.19,Concluído,10/11/2025,107.48
1954,3579,204,46,São Paulo,Marketplace,5,1,165.44,81.26,Cancelado,13/05/2025,27.4
1138,2047,514,5,Mato Grosso do Sul,Site Próprio,1,2,192.23,185.65,Concluído,24/11/2024,21.45
1441,2625,429,4,Rio de Janeiro,Site Próprio,1,1,325.98,160.15,Concluído,17/03/2025,27.87
1863,3411,447,40,Rio de Janeiro,Marketplace,4,2,104.1,53.25,Concluído,17/12/2025,17.88
660,1186,337,6,Minas Gerais,Marketplace,6,1,47.83,52.6,Concluído,14/08/2025,1.55
554,1007,394,40,São Paulo,Marketplace,6,1,72.83,53.25,Concluído,08/04/2025,14.29
1951,3570,552,7,São Paulo,Site Próprio,6,1,160.19,103.55,Concluído,14/07/2024,33.51
2029,3738,168,6,São Paulo,Site Próprio,1,1,87.36,52.6,Concluído,12/10/2025,17.5
2526,4657,485,3,Rio Grande do Sul,Site Próprio,1,1,57.96,26.91,Cancelado,11/10/2025,2.0
1139,2050,626,20,Rio Grande do Sul,Site Próprio,1,1,62.78,55.18,Concluído,27/11/2024,4.45
2176,4012,123,4,Rio de Janeiro,Marketplace,1,1,244.48,160.15,Concluído,18/08/2025,32.88
141,270,342,5,Rio Grande do Sul,Site Próprio,6,2,221.06,185.65,Concluído,07/01/2025,20.65
1105,1994,468,51,São Paulo,Site Próprio,3,2,306.97,201.19,Concluído,05/09/2025,112.96
139,266,360,4,Ceará,Marketplace,6,1,181.1,160.15,Concluído,22/10/2024,12.77
505,915,177,30,São Paulo,Marketplace,1,1,331.74,145.7,Concluído,12/05/2024,66.81
1260,2279,271,6,Rio de Janeiro,Marketplace,6,2,56.27,52.6,Concluído,23/04/2024,8.14
1235,2232,213,3,Ceará,Marketplace,4,1,66.65,26.91,Concluído,05/12/2025,7.32
151,291,402,31,Rio Grande do Sul,Site Próprio,4,1,60.12,39.52,Concluído,22/04/2024,4.84
1604,2913,338,8,Rio Grande do Sul,Site Próprio,6,1,72.36,43.6,Concluído,15/11/2024,6.89
1164,2094,73,51,São Paulo,Site Próprio,6,1,433.37,201.19,Concluído,08/02/2025,89.4
2480,4572,139,25,Rio Grande do Sul,Site Próprio,5,1,41.03,16.13,Concluído,10/06/2024,4.17
911,1653,280,53,Goiás,Site Próprio,3,1,200.52,152.79,Concluído,24/10/2024,10.65
2246,4142,85,34,Mato Grosso,Site Próprio,6,2,105.99,37.12,Concluído,07/05/2024,6.87
2310,4258,298,45,Ceará,Marketplace,4,1,72.93,39.57,Concluído,10/11/2025,2.48
1673,3040,49,6,Rio Grande do Sul,Site Próprio,1,1,59.08,52.6,Cancelado,23/11/2024,4.97
1469,2678,526,5,São Paulo,Site Próprio,5,1,311.41,185.65,Cancelado,11/05/2025,57.83
151,289,402,17,Rio Grande do Sul,Site Próprio,4,2,152.83,127.08,Concluído,22/04/2024,52.08
1708,3108,425,6,Minas Gerais,Marketplace,3,1,68.37,52.6,Concluído,26/12/2025,5.41
2623,4829,588,5,Paraná,Marketplace,6,3,220.58,185.65,Concluído,04/11/2024,53.73
317,576,607,23,Rio de Janeiro,Site Próprio,6,2,68.42,43.89,Concluído,15/11/2025,32.1
472,851,159,12,Minas Gerais,Marketplace,2,1,396.16,209.52,Concluído,12/09/2025,40.76
2109,3884,25,5,Minas Gerais,Site Próprio,4,1,259.51,185.65,Concluído,13/10/2025,24.63
955,1723,36,12,Distrito Federal,Site Próprio,4,1,489.38,209.52,Concluído,10/02/2025,39.69
2146,3950,177,6,São Paulo,Site Próprio,6,1,79.76,52.6,Concluído,16/09/2025,17.56
608,1101,34,49,Minas Gerais,Aplicativo,2,1,78.7,73.39,Cancelado,14/05/2025,4.6
670,1208,128,8,Mato Grosso,Site Próprio,4,3,62.92,43.6,Cancelado,06/06/2024,7.34
1024,1844,571,35,Santa Catarina,Site Próprio,6,2,161.25,79.44,Concluído,22/11/2024,29.7
1026,1849,174,21,Mato Grosso do Sul,Marketplace,3,1,205.68,94.68,Concluído,07/12/2025,13.68
1394,2525,119,31,Ceará,Marketplace,3,1,68.99,39.52,Concluído,19/04/2024,6.24
2145,3948,607,5,Rio de Janeiro,Site Próprio,6,1,311.41,185.65,Concluído,23/08/2024,33.54
937,1695,155,1,São Paulo,Aplicativo,4,1,109.41,91.78,Concluído,04/11/2025,30.97
2267,4182,572,32,Minas Gerais,Marketplace,3,2,326.25,130.06,Concluído,24/03/2025,35.76
2477,4566,58,28,São Paulo,Aplicativo,6,2,275.8,142.78,Concluído,18/10/2025,93.28
2154,3961,243,20,São Paulo,Site Próprio,2,1,94.18,55.18,Concluído,25/10/2025,17.63
123,234,479,12,São Paulo,Site Próprio,4,1,489.38,209.52,Concluído,20/05/2024,116.52
1821,3333,475,47,Rio de Janeiro,Site Próprio,1,2,199.58,89.54,Concluído,24/11/2024,34.77
1452,2648,106,49,Minas Gerais,Marketplace,5,1,143.75,73.39,Cancelado,03/11/2025,15.78
2192,4042,1,6,Santa Catarina,Marketplace,5,3,68.37,52.6,Concluído,04/06/2024,8.37
950,1712,371,46,São Paulo,Site Próprio,5,3,122.55,81.26,Concluído,07/08/2025,69.23
94,183,289,19,Mato Grosso do Sul,Aplicativo,4,2,432.7,137.57,Concluído,17/01/2025,65.68
808,1463,274,17,Rio de Janeiro,Site Próprio,4,2,152.83,127.08,Concluído,17/11/2025,72.04
24,50,592,40,Minas Gerais,Marketplace,3,1,85.68,53.25,Concluído,27/11/2025,5.74
2600,4786,599,46,Santa Catarina,Site Próprio,6,2,181.19,81.26,Concluído,14/01/2024,39.17
2485,4583,571,14,Santa Catarina,Marketplace,2,3,192.33,105.23,Concluído,02/11/2024,20.83
51,107,148,7,São Paulo,Site Próprio,1,2,118.66,103.55,Concluído,08/07/2025,45.99
243,444,408,6,São Paulo,Site Próprio,6,2,68.37,52.6,Concluído,04/06/2025,23.82
1083,1955,650,28,Ceará,Site Próprio,3,2,315.2,142.78,Cancelado,11/10/2025,47.97
2574,4743,325,5,Rio de Janeiro,Marketplace,1,1,220.58,185.65,Cancelado,10/11/2025,31.72
405,727,145,14,Rio Grande do Sul,Site Próprio,2,1,115.33,105.23,Concluído,19/05/2024,9.71
1238,2239,577,43,São Paulo,Site Próprio,2,1,412.46,182.69,Concluído,01/11/2025,71.81
1287,2331,72,36,São Paulo,Marketplace,4,1,130.51,66.1,Cancelado,05/04/2025,22.54
2240,4126,196,47,São Paulo,Site Próprio,1,1,239.5,89.54,Concluído,06/07/2024,49.27
88,170,47,18,São Paulo,Marketplace,5,2,480.25,173.9,Concluído,09/07/2025,166.74
552,1002,243,43,São Paulo,Site Próprio,6,1,290.98,182.69,Concluído,03/02/2025,57.29
1780,3253,128,28,Mato Grosso,Aplicativo,3,1,262.67,142.78,Concluído,08/11/2025,14.55
1194,2149,437,6,Rio de Janeiro,Aplicativo,3,2,91.16,52.6,Concluído,22/03/2025,13.35
103,198,440,7,Bahia,Marketplace,4,1,197.88,103.55,Concluído,26/09/2025,15.61
2492,4592,415,24,São Paulo,Marketplace,6,1,386.28,217.31,Concluído,21/04/2025,72.85
2061,3794,319,35,Minas Gerais,Aplicativo,2,1,153.58,79.44,Concluído,04/11/2024,13.15
360,648,358,25,Distrito Federal,Marketplace,6,1,21.53,16.13,Concluído,20/10/2025,1.49
1671,3036,57,12,Rio Grande do Sul,Site Próprio,4,2,419.47,209.52,Concluído,04/11/2025,77.1
2245,4141,532,5,São Paulo,Site Próprio,5,1,220.58,185.65,Concluído,02/09/2025,39.24
2027,3734,115,5,Minas Gerais,Site Próprio,2,1,233.56,185.65,Concluído,07/08/2025,14.92
1522,2759,306,51,Amazonas,Marketplace,6,1,240.76,201.19,Concluído,03/12/2025,9.61
202,374,351,6,Maranhão,Aplicativo,2,1,50.64,52.6,Concluído,09/11/2025,3.26
2594,4775,647,53,Rio Grande do Sul,Marketplace,1,1,334.39,152.79,Concluído,02/12/2024,16.45
312,567,153,49,Goiás,Aplicativo,5,1,78.7,73.39,Concluído,01/02/2025,2.74
2020,3721,75,16,Paraná,Marketplace,4,2,276.02,150.82,Concluído,14/03/2025,35.66
1594,2896,91,50,São Paulo,Marketplace,6,2,171.54,118.05,Concluído,20/05/2024,68.24
2472,4557,26,6,São Paulo,Site Próprio,2,1,79.76,52.6,Concluído,15/02/2025,15.81
1901,3486,82,36,Minas Gerais,Site Próprio,3,1,130.51,66.1,Concluído,10/05/2025,11.12
644,1156,288,8,Paraná,Marketplace,4,2,53.48,43.6,Concluído,27/12/2024,4.91
2244,4136,361,8,São Paulo,Marketplace,1,1,75.51,43.6,Concluído,15/11/2024,17.13
539,974,457,7,São Paulo,Site Próprio,1,1,197.88,103.55,Concluído,02/12/2025,35.02
1798,3288,366,39,Paraná,Site Próprio,1,2,468.43,144.85,Concluído,15/08/2024,28.67
1972,3628,530,1,São Paulo,Site Próprio,5,1,139.5,91.78,Concluído,01/05/2024,37.97
1979,3639,626,1,Rio Grande do Sul,Site Próprio,5,1,147.71,91.78,Concluído,15/08/2024,28.85
1020,1836,549,15,São Paulo,Site Próprio,4,2,43.34,22.05,Concluído,20/04/2025,20.45
1276,2309,232,38,São Paulo,Site Próprio,6,2,126.77,48.05,Concluído,21/06/2025,40.95
1023,1841,586,1,Rio de Janeiro,Site Próprio,6,1,172.33,91.78,Concluído,19/09/2025,31.85
1137,2045,180,5,São Paulo,Marketplace,6,1,192.23,185.65,Concluído,08/09/2024,40.0
2393,4406,635,33,Minas Gerais,Marketplace,1,1,242.35,122.16,Concluído,13/11/2025,21.88
2377,4373,145,17,Rio Grande do Sul,Marketplace,3,1,175.37,127.08,Concluído,02/12/2025,24.2
2570,4733,397,49,São Paulo,Aplicativo,1,2,143.75,73.39,Concluído,26/11/2025,63.88
2579,4751,219,37,Goiás,Marketplace,6,1,127.8,61.9,Concluído,18/11/2024,11.16
2561,4719,422,5,São Paulo,Site Próprio,2,3,220.58,185.65,Concluído,23/12/2024,125.66
467,845,110,21,São Paulo,Marketplace,3,1,145.69,94.68,Cancelado,18/12/2025,24.78
2437,4490,542,4,Rio de Janeiro,Site Próprio,3,1,271.65,160.15,Concluído,23/11/2025,26.68
1197,2156,118,10,Rio Grande do Sul,Marketplace,2,1,214.68,120.42,Concluído,12/12/2024,9.06
186,350,28,37,Espírito Santo,Marketplace,4,1,90.72,61.9,Concluído,16/08/2025,8.16
435,785,72,21,São Paulo,Site Próprio,1,3,179.97,94.68,Concluído,14/08/2024,127.9
23,48,154,39,Bahia,Marketplace,6,1,404.82,144.85,Concluído,12/02/2025,39.75
1986,3652,106,22,Minas Gerais,Site Próprio,5,2,277.07,88.13,Concluído,26/09/2024,49.93
2442,4499,604,16,São Paulo,Marketplace,3,1,234.62,150.82,Concluído,10/11/2024,56.05
2180,4019,24,30,Distrito Federal,Marketplace,5,2,315.94,145.7,Concluído,04/11/2024,52.64
793,1440,213,5,Ceará,Site Próprio,4,1,298.44,185.65,Concluído,22/12/2025,21.25
1036,1866,159,1,Minas Gerais,Site Próprio,1,1,139.5,91.78,Concluído,11/11/2025,30.75
1752,3196,283,49,Paraná,Site Próprio,5,1,131.25,73.39,Concluído,24/03/2025,8.77
16,34,420,29,São Paulo,Marketplace,3,1,91.08,78.75,Concluído,09/12/2024,21.15
435,788,72,47,São Paulo,Site Próprio,1,1,209.56,89.54,Concluído,14/08/2024,42.12
2483,4578,24,9,Distrito Federal,Aplicativo,1,1,227.79,108.49,Concluído,05/12/2025,11.62
1442,2628,124,45,São Paulo,Aplicativo,4,2,87.51,39.57,Concluído,23/07/2024,37.17
515,932,537,8,Rio de Janeiro,Marketplace,1,1,41.95,43.6,Concluído,17/08/2025,4.79
1326,2405,310,4,Rio Grande do Sul,Marketplace,2,1,171.04,160.15,Concluído,22/09/2024,15.29
932,1686,564,42,Distrito Federal,Site Próprio,3,1,67.22,37.56,Concluído,05/12/2025,1.93
694,1249,377,6,São Paulo,Site Próprio,2,2,64.57,52.6,Concluído,27/02/2024,30.45
45,93,476,36,Amazonas,Site Próprio,4,1,78.26,66.1,Concluído,19/06/2024,2.43
1576,2852,196,3,São Paulo,Marketplace,4,1,69.55,26.91,Cancelado,21/04/2025,11.32
1544,2794,424,37,Rio Grande do Sul,Site Próprio,2,1,127.8,61.9,Concluído,10/05/2024,10.74
423,765,340,36,Bahia,Marketplace,3,1,105.65,66.1,Concluído,26/07/2025,4.7
1645,2989,318,52,Pernambuco,Site Próprio,6,2,219.54,115.34,Concluído,01/06/2024,36.84
1352,2449,282,29,Ceará,Marketplace,6,3,151.89,78.75,Cancelado,15/01/2025,23.79
958,1729,428,39,Mato Grosso do Sul,Site Próprio,2,1,442.41,144.85,Concluído,04/05/2025,47.38
134,258,291,16,Pernambuco,Site Próprio,5,1,173.79,150.82,Concluído,22/10/2025,7.0
677,1220,7,5,Rio de Janeiro,Marketplace,1,1,221.06,185.65,Concluído,02/12/2025,27.65
647,1162,385,53,Distrito Federal,Aplicativo,2,1,318.47,152.79,Cancelado,13/10/2025,27.39
426,773,631,5,São Paulo,Site Próprio,2,2,233.56,185.65,Concluído,08/06/2025,96.65
165,313,567,37,Rio de Janeiro,Site Próprio,2,1,94.67,61.9,Concluído,08/08/2025,13.23
2384,4387,257,17,Minas Gerais,Site Próprio,2,1,206.32,127.08,Concluído,06/10/2025,24.14
2188,4033,361,42,São Paulo,Site Próprio,3,1,80.66,37.56,Concluído,14/12/2024,18.78
1651,2998,645,7,Mato Grosso do Sul,Site Próprio,2,1,160.19,103.55,Concluído,17/11/2025,12.54
2322,4280,238,45,Rio de Janeiro,Aplicativo,1,1,61.99,39.57,Concluído,05/11/2025,4.55
655,1177,3,16,Pernambuco,Site Próprio,4,1,184.01,150.82,Concluído,23/10/2025,15.6
2114,3897,4,17,São Paulo,Marketplace,3,1,206.32,127.08,Concluído,25/10/2024,59.67
747,1350,401,46,Rio Grande do Sul,Marketplace,3,2,140.05,81.26,Concluído,15/12/2025,11.12
2050,3776,138,7,Minas Gerais,Site Próprio,3,1,197.88,103.55,Concluído,05/09/2025,11.14
1712,3117,115,45,Minas Gerais,Marketplace,2,1,65.63,39.57,Concluído,27/02/2025,4.75
1917,3517,132,9,Minas Gerais,Marketplace,1,1,227.79,108.49,Concluído,18/06/2025,13.14
1268,2299,111,9,Distrito Federal,Site Próprio,5,1,205.01,108.49,Concluído,16/05/2024,9.64
1584,2872,450,37,Minas Gerais,Marketplace,4,1,106.5,61.9,Concluído,06/05/2024,4.99
212,392,287,51,Minas Gerais,Site Próprio,3,3,321.01,201.19,Concluído,25/12/2024,54.7
804,1457,546,13,São Paulo,Site Próprio,3,1,113.88,77.45,Concluído,11/07/2024,20.08
605,1093,559,14,Santa Catarina,Marketplace,2,2,192.33,105.23,Concluído,14/11/2024,28.35
1773,3240,267,31,São Paulo,Site Próprio,6,1,68.99,39.52,Concluído,24/03/2025,14.33
1533,2779,437,33,Rio de Janeiro,Site Próprio,2,2,276.97,122.16,Concluído,05/07/2025,68.69
2422,4463,445,15,Rio de Janeiro,Site Próprio,3,1,40.93,22.05,Concluído,20/10/2024,3.35
2412,4442,621,47,Paraná,Marketplace,5,2,229.52,89.54,Concluído,01/07/2025,18.27
1988,3657,336,5,São Paulo,Site Próprio,2,2,272.49,185.65,Cancelado,23/12/2024,95.86
1420,2584,454,16,São Paulo,Aplicativo,2,2,317.42,150.82,Concluído,22/11/2025,123.73
1782,3258,47,3,São Paulo,Marketplace,2,1,57.96,26.91,Concluído,08/08/2024,12.25
758,1373,354,17,Rio Grande do Sul,Marketplace,1,1,175.37,127.08,Concluído,16/09/2024,32.92
509,920,23,8,São Paulo,Site Próprio,3,1,72.36,43.6,Concluído,27/04/2024,14.9
2336,4308,464,17,São Paulo,Marketplace,5,2,206.32,127.08,Cancelado,14/05/2025,122.84
1405,2551,311,32,São Paulo,Marketplace,6,1,312.66,130.06,Concluído,10/02/2025,70.57
295,538,381,8,Paraná,Site Próprio,4,1,39.62,43.6,Concluído,05/10/2024,3.33
678,1221,521,20,São Paulo,Site Próprio,2,1,59.3,55.18,Concluído,02/11/2024,13.24
2317,4272,224,13,Santa Catarina,Site Próprio,3,1,120.58,77.45,Concluído,11/05/2025,5.57
