item_id,pedido_id,produto_id,quantidade,preco_unitario,desconto_percentual,custo_unitario
1,1,29,1,123.22,0.2306,78.75
2,2,46,1,99.2,0.083,81.26
3,3,42,1,52.28,0.1977,37.56
4,3,24,2,353.46,0.1967,217.31
5,3,35,1,119.45,0.1995,79.44
6,4,37,1,67.06,0.0762,61.9
7,4,6,2,47.83,0.0945,52.6
8,4,29,2,91.08,0.0503,78.75
9,5,4,1,201.22,0.0993,160.15
10,6,4,2,181.1,0.16,160.15
11,6,47,1,133.06,0.1912,89.54
12,6,31,1,54.11,0.1781,39.52
13,7,5,1,201.84,0.0972,185.65
14,7,35,3,119.45,0.0797,79.44
15,7,52,1,200.89,0.0803,115.34
16,7,42,1,52.28,0.0808,37.56
17,8,42,1,52.28,0.1781,37.56
18,9,30,1,210.63,0.0514,145.7
19,9,23,2,51.32,0.1888,43.89
20,9,43,1,261.88,0.0476,182.69
21,9,8,1,41.95,0.089,43.6
22,10,46,1,99.2,0.0805,81.26
23,10,17,1,129.91,0.1781,127.08
24,11,22,1,151.7,0.0504,88.13
25,11,30,1,198.93,0.0678,145.7
26,12,44,2,200.47,0.2275,119.7
27,12,3,1,51.52,0.197,26.91
28,13,13,1,99.24,0.0999,77.45
29,14,32,1,181.25,0.2175,130.06
30,14,8,3,41.95,0.2177,43.6
31,14,33,2,153.87,0.1602,122.16
32,15,5,1,163.4,0.102,185.65
33,15,28,1,165.38,0.0557,142.78
34,16,29,1,91.08,0.2322,78.75
35,16,45,1,45.92,0.2027,39.57
36,16,36,1,78.26,0.1609,66.1
37,17,4,1,201.22,0.0989,160.15
38,18,23,1,48.47,0.1955,43.89
39,19,40,1,72.83,0.1681,53.25
40,20,1,3,109.41,0.1827,91.78
41,20,22,1,160.62,0.101,88.13
42,21,53,1,271.28,0.0271,152.79
43,22,5,2,173.01,0.0585,185.65
44,22,8,2,41.95,0.0867,43.6
45,23,5,2,201.84,0.054,185.65
46,23,42,1,52.28,0.0934,37.56
47,23,6,1,59.08,0.0885,52.6
48,23,39,1,404.82,0.0982,144.85
49,24,5,2,192.23,0.1055,185.65
50,24,40,1,85.68,0.067,53.25
51,24,8,3,46.61,0.0687,43.6
52,25,45,1,64.82,0.2262,39.57
53,25,52,2,229.58,0.2059,115.34
54,26,18,3,480.25,0.0315,173.9
55,26,23,1,57.02,0.2012,43.89
56,26,30,1,234.03,0.0408,145.7
57,27,37,2,78.89,0.2192,61.9
58,28,21,1,107.92,0.0626,94.68
59,29,5,1,201.84,0.1983,185.65
60,29,44,1,175.41,0.2168,119.7
61,30,7,3,146.58,0.2083,103.55
62,30,31,1,63.13,0.2118,39.52
63,31,7,1,139.6,0.0651,103.55
64,31,10,1,176.69,0.0933,120.42
65,32,28,1,175.11,0.1974,142.78
66,32,46,1,105.04,0.2352,81.26
67,33,17,1,152.83,0.1816,127.08
68,33,14,3,135.68,0.1375,105.23
69,33,49,1,92.59,0.0811,73.39
70,33,33,1,170.97,0.14,122.16
71,34,3,3,36.49,0.2,26.91
72,34,13,1,84.35,0.1966,77.45
73,35,6,2,56.27,0.0473,52.6
74,35,32,1,201.39,0.0786,130.06
75,35,20,1,69.76,0.0409,55.18
76,36,32,2,201.39,0.2226,130.06
77,37,36,1,92.07,0.1025,66.1
78,38,6,1,47.83,0.2286,52.6
79,39,13,1,99.24,0.054,77.45
80,39,14,1,135.68,0.1079,105.23
81,40,32,1,312.66,0.0992,130.06
82,41,5,1,173.01,0.2225,185.65
83,42,12,1,362.5,0.0852,209.52
84,42,36,3,96.67,0.0698,66.1
85,42,24,1,353.46,0.0336,217.31
86,42,4,1,211.28,0.0542,160.15
87,43,47,1,147.84,0.1496,89.54
88,43,33,1,170.97,0.1013,122.16
89,44,17,1,175.37,0.277,127.08
90,45,38,1,66.51,0.0812,48.05
91,45,5,1,163.4,0.043,185.65
92,45,20,1,59.3,0.0917,55.18
93,45,36,1,78.26,0.031,66.1
94,46,5,1,192.23,0.1985,185.65
95,46,17,1,152.83,0.2639,127.08
96,47,50,2,156.96,0.0501,118.05
97,47,27,1,176.37,0.0587,88.49
98,47,13,1,104.2,0.0492,77.45
99,48,45,1,56.72,0.236,39.57
100,49,44,2,175.41,0.1011,119.7
101,49,16,1,214.68,0.0464,150.82
102,49,38,1,82.16,0.0537,48.05
103,50,31,1,72.14,0.0526,39.52
104,50,5,1,230.68,0.033,185.65
105,50,45,1,64.82,0.0912,39.57
106,51,51,1,227.38,0.2194,201.19
107,51,7,2,118.66,0.1938,103.55
108,52,5,1,163.4,0.2203,185.65
109,52,14,1,115.33,0.1815,105.23
110,53,23,1,68.42,0.1862,43.89
111,54,3,1,38.64,0.0471,26.91
112,55,40,2,72.83,0.1007,53.25
113,56,25,1,21.53,0.1275,16.13
114,56,51,2,227.38,0.0843,201.19
115,56,3,2,36.49,0.1142,26.91
116,57,4,3,241.46,0.2281,160.15
117,57,11,3,218.65,0.2102,139.55
118,58,4,2,231.4,0.0529,160.15
119,59,6,2,56.27,0.1681,52.6
120,59,17,1,152.83,0.2837,127.08
121,60,16,1,173.79,0.1764,150.82
122,61,19,1,319.82,0.0813,137.57
123,61,5,2,163.4,0.0599,185.65
124,62,5,1,201.84,0.077,185.65
125,62,49,2,97.22,0.0844,73.39
126,62,37,1,82.83,0.0312,61.9
127,62,46,1,122.55,0.0502,81.26
128,63,5,2,192.23,0.1432,185.65
129,64,35,1,96.7,0.0459,79.44
130,65,17,1,216.64,0.3175,127.08
131,66,23,1,51.32,0.2129,43.89
132,66,4,1,181.1,0.0515,160.15
133,67,17,3,152.83,0.1464,127.08
134,67,32,1,201.39,0.0555,130.06
135,68,1,3,127.65,0.1448,91.78
136,68,16,2,214.68,0.1054,150.82
137,69,8,1,39.62,0.1398,43.6
138,69,37,2,67.06,0.0873,61.9
139,70,42,1,42.32,0.0717,37.56
140,71,36,1,96.67,0.0692,66.1
141,72,46,1,122.55,0.0983,81.26
142,73,29,1,128.58,0.1262,78.75
143,73,25,1,30.4,0.11,16.13
144,73,17,1,183.4,0.2512,127.08
145,73,24,1,403.96,0.0792,217.31
146,74,29,1,107.15,0.1008,78.75
147,74,45,1,54.02,0.0872,39.57
148,74,32,2,201.39,0.0885,130.06
149,75,6,2,64.71,0.0673,52.6
150,75,45,1,62.12,0.061,39.57
151,76,4,1,171.04,0.2398,160.15
152,76,31,1,51.1,0.1857,39.52
153,76,14,1,115.33,0.188,105.23
154,76,42,1,42.32,0.1655,37.56
155,77,1,2,103.33,0.1572,91.78
156,77,41,2,247.19,0.0767,180.53
157,78,6,2,59.08,0.09,52.6
158,79,20,2,73.25,0.0517,55.18
159,80,27,1,176.37,0.1961,88.49
160,80,5,3,201.84,0.1945,185.65
161,81,31,2,54.11,0.0351,39.52
162,82,20,1,83.71,0.0532,55.18
163,83,32,1,285.47,0.0898,130.06
164,84,1,1,121.57,0.1502,91.78
165,84,20,3,69.76,0.1013,55.18
166,85,1,1,127.65,0.2917,91.78
167,85,49,1,97.22,0.2111,73.39
168,86,53,3,200.52,0.212,152.79
169,87,49,1,83.33,0.07,73.39
170,88,18,2,480.25,0.1736,173.9
171,88,32,1,201.39,0.2223,130.06
172,89,31,1,54.11,0.2075,39.52
173,89,4,2,181.1,0.1653,160.15
174,89,37,1,71.0,0.2333,61.9
175,90,1,1,172.33,0.1809,91.78
176,90,47,1,209.56,0.0354,89.54
177,90,30,3,331.74,0.0954,145.7
178,90,52,2,271.2,0.105,115.34
179,91,5,1,163.4,0.1078,185.65
180,92,13,1,84.35,0.108,77.45
181,93,41,1,261.73,0.0704,180.53
182,93,5,1,173.01,0.0799,185.65
183,94,19,2,432.7,0.0759,137.57
184,95,6,1,56.27,0.2193,52.6
185,96,6,3,67.52,0.084,52.6
186,97,16,1,173.79,0.0761,150.82
187,97,47,1,125.66,0.0597,89.54
188,98,53,1,200.52,0.1802,152.79
189,99,19,1,376.26,0.1675,137.57
190,100,20,1,59.3,0.199,55.18
191,100,38,1,66.51,0.2078,48.05
192,101,29,1,96.44,0.0701,78.75
193,101,47,1,133.06,0.0328,89.54
194,102,8,1,56.63,0.2241,43.6
195,102,6,1,68.37,0.2201,52.6
196,103,23,1,80.83,0.1605,43.89
197,103,39,1,546.5,0.1047,144.85
198,103,7,1,197.88,0.0789,103.55
199,104,24,1,286.14,0.0836,217.31
200,104,13,1,84.35,0.0314,77.45
201,105,7,2,125.64,0.0518,103.55
202,106,27,2,201.56,0.2206,88.49
203,106,47,1,177.41,0.1606,89.54
204,107,34,1,58.03,0.1752,37.12
205,108,36,1,96.67,0.2067,66.1
206,109,23,1,69.28,0.1895,43.89
207,109,35,1,138.22,0.0924,79.44
208,109,16,1,248.42,0.0361,150.82
209,110,49,2,78.7,0.1087,73.39
210,111,53,1,212.31,0.041,152.79
211,112,43,1,333.9,0.103,182.69
212,113,17,1,129.91,0.2006,127.08
213,114,49,1,106.48,0.1884,73.39
214,114,32,1,231.6,0.1923,130.06
215,115,8,1,72.36,0.0645,43.6
216,115,6,1,87.36,0.0926,52.6
217,116,49,1,78.7,0.0623,73.39
218,116,47,2,125.66,0.0725,89.54
219,116,30,1,198.93,0.0643,145.7
220,117,17,1,129.91,0.177,127.08
221,117,8,1,39.62,0.1007,43.6
222,118,42,1,52.28,0.2095,37.56
223,118,17,1,160.47,0.3523,127.08
224,118,5,1,201.84,0.1968,185.65
225,119,5,2,163.4,0.0879,185.65
226,119,25,1,21.53,0.0572,16.13
227,119,17,2,129.91,0.1222,127.08
228,120,6,2,47.83,0.2185,52.6
229,120,17,3,129.91,0.3182,127.08
230,120,1,1,103.33,0.314,91.78
231,121,6,1,47.83,0.0508,52.6
232,122,17,1,129.91,0.1605,127.08
233,122,12,1,293.45,0.0944,209.52
234,123,12,1,489.38,0.2381,209.52
235,123,41,1,412.22,0.187,180.53
236,124,31,1,51.1,0.0766,39.52
237,125,27,1,176.37,0.1974,88.49
238,125,45,1,56.72,0.1929,39.57
239,126,39,2,327.71,0.0332,144.85
240,126,1,2,103.33,0.2041,91.78
241,127,5,1,221.06,0.1601,185.65
242,127,46,1,134.22,0.1715,81.26
243,127,49,1,106.48,0.1971,73.39
244,127,38,3,89.99,0.1859,48.05
245,128,53,1,318.47,0.0775,152.79
246,129,36,1,124.29,0.0944,66.1
247,129,21,1,171.4,0.0945,94.68
248,130,16,1,234.62,0.072,150.82
249,130,5,1,220.58,0.102,185.65
250,130,35,2,130.54,0.0841,79.44
251,131,17,1,152.83,0.2099,127.08
252,132,31,1,63.13,0.0558,39.52
253,132,9,1,177.17,0.0419,108.49
254,132,46,1,122.55,0.0952,81.26
255,133,15,1,37.45,0.171,22.05
256,134,12,1,293.45,0.0846,209.52
257,134,10,1,150.19,0.0407,120.42
258,134,16,1,173.79,0.0403,150.82
259,135,33,1,170.97,0.2237,122.16
260,135,38,1,78.25,0.1781,48.05
261,135,10,1,176.69,0.2019,120.42
262,136,3,1,36.49,0.2346,26.91
263,137,5,1,173.01,0.1026,185.65
264,137,46,3,105.04,0.086,81.26
265,138,51,1,227.38,0.1045,201.19
266,139,4,1,181.1,0.0705,160.15
267,140,17,1,183.4,0.1649,127.08
268,140,15,2,42.8,0.1052,22.05
269,140,32,1,241.67,0.1064,130.06
270,141,5,2,221.06,0.0467,185.65
271,142,26,2,254.67,0.0617,164.45
272,143,40,2,72.83,0.1888,53.25
273,144,1,1,109.41,0.181,91.78
274,144,46,1,105.04,0.0481,81.26
275,144,5,1,173.01,0.0581,185.65
276,144,40,1,77.11,0.0319,53.25
277,145,42,2,52.28,0.1144,37.56
278,145,28,2,204.3,0.1205,142.78
279,145,13,2,104.2,0.1179,77.45
280,146,42,2,57.26,0.0734,37.56
281,146,40,1,98.53,0.08,53.25
282,146,8,1,53.6,0.0414,43.6
283,147,6,1,47.83,0.0306,52.6
284,148,3,1,36.49,0.1133,26.91
285,149,38,1,78.25,0.0753,48.05
286,149,33,2,170.97,0.0238,122.16
287,149,5,3,192.23,0.0273,185.65
288,150,5,3,272.49,0.0779,185.65
289,151,17,2,152.83,0.1704,127.08
290,151,30,3,234.03,0.0884,145.7
291,151,31,1,60.12,0.0805,39.52
292,152,41,1,247.19,0.1712,180.53
293,152,45,1,45.92,0.2039,39.57
294,152,4,1,171.04,0.2016,160.15
295,153,13,1,114.13,0.2185,77.45
296,154,7,1,160.19,0.0962,103.55
297,155,23,1,48.47,0.2011,43.89
298,156,11,1,209.09,0.0403,139.55
299,157,28,1,194.57,0.2102,142.78
300,158,25,1,21.53,0.1041,16.13
301,159,45,1,56.72,0.0535,39.57
302,160,53,1,212.31,0.1785,152.79
303,160,36,2,82.86,0.1805,66.1
304,160,8,1,41.95,0.1711,43.6
305,160,46,2,105.04,0.2,81.26
306,161,5,2,192.23,0.1721,185.65
307,161,15,1,35.67,0.1863,22.05
308,161,14,1,135.68,0.1746,105.23
309,162,7,1,118.66,0.1759,103.55
310,162,16,2,173.79,0.2327,150.82
311,163,45,2,56.72,0.2212,39.57
312,164,4,1,201.22,0.0304,160.15
313,165,37,1,94.67,0.1398,61.9
314,165,33,1,205.16,0.0743,122.16
315,166,36,1,78.26,0.2083,66.1
316,167,36,2,96.67,0.0338,66.1
317,167,5,3,201.84,0.0843,185.65
318,167,16,1,214.68,0.0516,150.82
319,168,8,1,46.61,0.1737,43.6
320,169,45,1,45.92,0.0629,39.57
321,169,23,2,48.47,0.2243,43.89
322,170,45,1,54.02,0.071,39.57
323,170,5,1,192.23,0.0958,185.65
324,171,37,2,106.5,0.0888,61.9
325,172,17,1,129.91,0.1938,127.08
326,173,24,2,286.14,0.1861,217.31
327,174,4,1,181.1,0.0744,160.15
328,175,4,2,285.23,0.1698,160.15
329,175,9,1,239.17,0.1699,108.49
330,175,11,1,258.28,0.2328,139.55
331,175,6,1,79.76,0.2257,52.6
332,176,5,2,221.06,0.2002,185.65
333,177,28,2,194.57,0.0455,142.78
334,178,17,1,129.91,0.1797,127.08
335,179,5,1,221.06,0.222,185.65
336,179,52,1,220.02,0.2102,115.34
337,180,11,1,163.99,0.0585,139.55
338,181,31,1,73.05,0.0857,39.52
339,182,6,1,87.36,0.0358,52.6
340,183,7,1,139.6,0.0496,103.55
341,183,44,2,167.06,0.0574,119.7
342,184,36,1,96.67,0.1012,66.1
343,184,10,1,185.52,0.0303,120.42
344,184,29,1,112.51,0.0767,78.75
345,185,17,1,237.27,0.2116,127.08
346,185,21,1,197.11,0.0647,94.68
347,185,13,2,154.07,0.0591,77.45
348,185,47,2,229.52,0.1053,89.54
349,186,18,1,552.29,0.0808,173.9
350,186,37,1,90.72,0.0899,61.9
351,187,17,2,247.58,0.1525,127.08
352,187,20,1,113.01,0.0465,55.18
353,187,47,1,239.5,0.0331,89.54
354,187,23,3,92.37,0.1626,43.89
355,188,49,1,131.25,0.0698,73.39
356,189,13,1,160.77,0.1819,77.45
357,190,25,2,21.53,0.0834,16.13
358,191,40,2,85.68,0.1986,53.25
359,192,36,1,78.26,0.1863,66.1
360,193,32,1,171.18,0.0921,130.06
361,194,20,1,69.76,0.1036,55.18
362,195,17,1,129.91,0.229,127.08
363,195,4,1,171.04,0.1104,160.15
364,196,3,1,36.49,0.2275,26.91
365,197,46,1,122.55,0.2395,81.26
366,197,7,2,146.58,0.2052,103.55
367,198,5,1,192.23,0.0432,185.65
368,199,14,3,183.17,0.0761,105.23
369,199,29,1,144.65,0.0765,78.75
370,199,5,2,259.51,0.0625,185.65
371,199,33,2,230.81,0.0819,122.16
372,200,14,1,115.33,0.0857,105.23
373,201,52,2,162.62,0.0947,115.34
374,202,6,1,50.64,0.0643,52.6
375,202,17,1,137.55,0.1586,127.08
376,202,21,3,114.26,0.1098,94.68
377,202,41,1,261.73,0.0488,180.53
378,203,41,1,412.22,0.2296,180.53
379,204,9,3,194.04,0.0484,108.49
380,205,32,2,181.25,0.0629,130.06
381,205,17,1,137.55,0.1452,127.08
382,206,49,1,131.25,0.068,73.39
383,207,45,1,45.92,0.165,39.57
384,207,6,2,47.83,0.1849,52.6
385,208,1,1,172.33,0.1811,91.78
386,209,23,3,48.47,0.1992,43.89
387,209,5,1,163.4,0.0338,185.65
388,210,46,1,105.04,0.0682,81.26
389,210,17,1,137.55,0.2257,127.08
390,211,12,2,396.16,0.2167,209.52
391,211,50,1,171.54,0.2256,118.05
392,212,51,3,321.01,0.0568,201.19
393,213,1,2,109.41,0.3004,91.78
394,213,24,3,302.97,0.1789,217.31
395,213,34,2,61.44,0.1678,37.12
396,214,44,2,202.98,0.1611,119.7
397,215,7,1,160.19,0.1746,103.55
398,215,5,1,220.58,0.2276,185.65
399,216,15,1,30.32,0.2373,22.05
400,216,45,3,45.92,0.1798,39.57
401,217,36,1,78.26,0.0339,66.1
402,218,16,1,184.01,0.0845,150.82
403,218,17,2,137.55,0.163,127.08
404,218,26,1,229.2,0.0351,164.45
405,218,52,1,172.19,0.0892,115.34
406,219,4,1,171.04,0.1776,160.15
407,220,14,1,142.46,0.2381,105.23
408,221,1,1,139.81,0.2904,91.78
409,221,31,3,69.14,0.2222,39.52
410,222,34,1,61.44,0.083,37.12
411,222,53,1,212.31,0.1032,152.79
412,223,25,2,21.53,0.0656,16.13
413,224,5,2,201.84,0.2166,185.65
414,224,49,1,97.22,0.2221,73.39
415,225,8,2,75.51,0.0699,43.6
416,225,42,1,80.66,0.0512,37.56
417,225,5,1,311.41,0.1099,185.65
418,226,45,1,62.12,0.036,39.57
419,226,42,1,57.26,0.0339,37.56
420,227,5,1,272.49,0.0811,185.65
421,227,36,1,130.51,0.1098,66.1
422,228,31,1,72.14,0.1086,39.52
423,228,5,2,230.68,0.0651,185.65
424,229,49,1,83.33,0.202,73.39
425,229,31,1,54.11,0.2378,39.52
426,230,45,1,61.99,0.1967,39.57
427,230,46,1,133.92,0.2137,81.26
428,231,30,1,268.55,0.2177,145.7
429,232,6,1,68.37,0.0346,52.6
430,233,53,3,366.23,0.0653,152.79
431,234,33,2,170.97,0.237,122.16
432,235,41,1,334.43,0.106,180.53
433,235,32,1,231.6,0.0315,130.06
434,236,47,1,209.56,0.0907,89.54
435,236,6,1,79.76,0.1029,52.6
436,237,18,1,552.29,0.2387,173.9
437,238,5,3,173.01,0.2141,185.65
438,238,51,1,240.76,0.1751,201.19
439,238,18,1,432.22,0.1674,173.9
440,239,31,1,54.11,0.2142,39.52
441,240,20,1,59.3,0.0481,55.18
442,241,4,1,171.04,0.1679,160.15
443,242,1,1,103.33,0.2837,91.78
444,243,6,2,68.37,0.1742,52.6
445,243,3,1,52.16,0.2244,26.91
446,243,27,1,204.08,0.1931,88.49
447,244,36,1,105.65,0.0471,66.1
448,245,5,1,233.56,0.0826,185.65
449,245,3,2,52.16,0.0929,26.91
450,245,1,1,147.71,0.1586,91.78
451,246,45,1,54.02,0.2313,39.57
452,246,12,2,345.24,0.2172,209.52
453,247,13,1,154.07,0.0798,77.45
454,248,30,2,234.03,0.2197,145.7
455,248,17,1,152.83,0.3237,127.08
456,248,23,3,57.02,0.2795,43.89
457,248,6,1,56.27,0.1952,52.6
458,249,3,2,36.49,0.2006,26.91
459,249,47,1,125.66,0.1705,89.54
460,250,8,1,56.63,0.2362,43.6
461,250,47,1,179.63,0.2105,89.54
462,251,5,1,163.4,0.1041,185.65
463,252,6,2,50.64,0.0839,52.6
464,252,31,1,54.11,0.1014,39.52
465,252,8,1,41.95,0.0565,43.6
466,252,36,1,82.86,0.109,66.1
467,253,46,3,133.92,0.1873,81.26
468,254,3,1,38.64,0.1895,26.91
469,254,30,2,210.63,0.2249,145.7
470,255,49,2,106.48,0.0933,73.39
471,256,8,1,66.07,0.1806,43.6
472,256,16,2,289.82,0.1611,150.82
473,256,52,1,271.2,0.2079,115.34
474,256,24,1,477.17,0.2363,217.31
475,257,24,1,336.63,0.1667,217.31
476,257,45,1,54.02,0.221,39.57
477,257,6,1,56.27,0.1813,52.6
478,258,5,2,163.4,0.1385,185.65
479,258,17,1,129.91,0.1704,127.08
480,259,31,1,51.1,0.2171,39.52
481,260,15,1,35.67,0.0678,22.05
482,260,44,1,167.06,0.0977,119.7
483,261,12,1,362.5,0.2359,209.52
484,261,5,1,201.84,0.1735,185.65
485,262,6,1,56.27,0.1821,52.6
486,263,42,1,57.13,0.0957,37.56
487,263,33,1,196.19,0.0451,122.16
488,264,35,1,119.45,0.1091,79.44
489,265,36,1,92.07,0.0834,66.1
490,265,5,1,192.23,0.1004,185.65
491,266,52,1,191.32,0.1305,115.34
492,266,37,1,78.89,0.0722,61.9
493,267,36,2,130.51,0.0424,66.1
494,267,5,1,272.49,0.0499,185.65
495,268,46,1,165.44,0.1006,81.26
496,269,13,1,84.35,0.1805,77.45
497,270,35,1,102.38,0.1036,79.44
498,271,16,1,173.79,0.2218,150.82
499,272,13,1,99.24,0.0695,77.45
500,273,47,2,169.65,0.2206,89.54
501,273,5,1,220.58,0.1733,185.65
502,273,24,2,386.28,0.2176,217.31
503,274,32,1,271.88,0.0716,130.06
504,274,53,1,318.47,0.067,152.79
505,274,46,2,157.56,0.0341,81.26
506,275,31,1,51.1,0.2275,39.52
507,275,8,1,39.62,0.2261,43.6
508,276,5,3,233.56,0.0556,185.65
509,276,15,2,43.34,0.1005,22.05
510,277,22,1,151.7,0.2081,88.13
511,277,1,2,103.33,0.3353,91.78
512,278,35,1,161.25,0.1941,79.44
513,278,13,1,140.67,0.2135,77.45
514,279,5,1,201.84,0.081,185.65
515,280,35,1,102.38,0.1099,79.44
516,281,20,1,59.3,0.1976,55.18
517,282,29,1,91.08,0.1121,78.75
518,283,46,1,105.04,0.2393,81.26
519,283,36,1,82.86,0.2267,66.1
520,284,17,2,129.91,0.2047,127.08
521,284,47,1,125.66,0.0718,89.54
522,284,25,1,21.53,0.0631,16.13
523,285,22,1,151.7,0.0747,88.13
524,285,53,1,200.52,0.1049,152.79
525,286,29,1,91.08,0.1003,78.75
526,287,53,1,235.9,0.0645,152.79
527,288,13,1,104.2,0.0849,77.45
528,289,32,1,211.46,0.2375,130.06
529,289,42,2,52.28,0.234,37.56
530,290,8,1,41.95,0.0865,43.6
531,291,5,2,298.44,0.0917,185.65
532,292,7,2,118.66,0.1085,103.55
533,292,44,1,142.0,0.0481,119.7
534,293,44,1,236.81,0.1021,119.7
535,294,12,3,310.72,0.2157,209.52
536,294,23,1,51.32,0.2964,43.89
537,295,1,2,103.33,0.1879,91.78
538,295,8,1,39.62,0.0841,43.6
539,296,5,3,192.23,0.096,185.65
540,296,31,1,60.12,0.0601,39.52
541,297,36,1,105.65,0.18,66.1
542,298,25,3,26.6,0.177,16.13
543,299,8,1,39.62,0.0883,43.6
544,299,2,1,225.64,0.0597,137.72
545,300,4,1,171.04,0.0895,160.15
546,301,7,1,160.54,0.1672,103.55
547,301,29,1,123.22,0.181,78.75
548,302,27,1,204.08,0.172,88.49
549,303,4,3,171.04,0.1916,160.15
550,304,38,1,78.25,0.1021,48.05
551,304,1,1,121.57,0.2149,91.78
552,304,23,2,57.02,0.235,43.89
553,305,32,1,171.18,0.1786,130.06
554,305,47,2,125.66,0.2259,89.54
555,306,17,1,137.55,0.2953,127.08
556,306,28,2,175.11,0.1968,142.78
557,306,5,1,173.01,0.2347,185.65
558,307,37,2,127.8,0.11,61.9
559,307,46,2,189.07,0.0391,81.26
560,307,17,1,247.58,0.1657,127.08
561,308,23,1,80.83,0.2885,43.89
562,308,29,2,151.89,0.164,78.75
563,309,25,1,21.53,0.182,16.13
564,310,11,1,295.18,0.1828,139.55
565,311,17,2,137.55,0.1608,127.08
566,311,40,1,77.11,0.0919,53.25
567,312,49,1,78.7,0.0348,73.39
568,312,38,1,66.51,0.04,48.05
569,312,37,3,67.06,0.0532,61.9
570,313,9,1,194.04,0.0875,108.49
571,313,27,2,193.17,0.0712,88.49
572,314,34,1,78.34,0.1686,37.12
573,315,6,2,64.57,0.0552,52.6
574,316,6,2,64.57,0.0324,52.6
575,316,21,1,145.69,0.036,94.68
576,317,23,2,68.42,0.2346,43.89
577,317,20,1,83.71,0.0792,55.18
578,318,41,2,247.19,0.1986,180.53
579,319,16,1,173.79,0.0468,150.82
580,319,49,1,78.7,0.0792,73.39
581,320,11,1,163.99,0.0548,139.55
582,320,38,2,70.42,0.0994,48.05
583,321,20,2,73.25,0.1213,55.18
584,322,6,1,79.76,0.1931,52.6
585,322,29,1,151.89,0.1949,78.75
586,323,20,2,62.78,0.0332,55.18
587,324,16,2,173.79,0.0489,150.82
588,324,18,1,408.21,0.0614,173.9
589,324,35,1,96.7,0.0852,79.44
590,325,29,2,96.44,0.0317,78.75
591,326,35,2,96.7,0.2094,79.44
592,326,16,1,173.79,0.1608,150.82
593,326,4,2,171.04,0.1808,160.15
594,327,22,3,151.7,0.1663,88.13
595,327,1,1,103.33,0.3426,91.78
596,328,47,2,229.52,0.1055,89.54
597,329,14,1,122.11,0.0799,105.23
598,330,28,1,233.48,0.0526,142.78
599,331,3,1,38.64,0.0461,26.91
600,331,7,3,125.64,0.0791,103.55
601,331,46,1,105.04,0.0354,81.26
602,332,35,1,176.61,0.0918,79.44
603,333,8,1,46.61,0.2191,43.6
604,333,19,2,376.26,0.2101,137.57
605,333,32,1,201.39,0.1701,130.06
606,333,5,3,192.23,0.1706,185.65
607,334,5,2,163.4,0.1816,185.65
608,334,51,2,227.38,0.2015,201.19
609,335,8,2,46.61,0.1877,43.6
610,335,47,2,147.84,0.1885,89.54
611,336,21,1,114.26,0.0677,94.68
612,337,8,1,53.6,0.1,43.6
613,337,36,1,105.88,0.1032,66.1
614,338,5,1,192.23,0.0739,185.65
615,339,25,1,30.78,0.2212,16.13
616,340,1,2,109.41,0.1385,91.78
617,340,29,1,96.44,0.0435,78.75
618,340,35,1,102.38,0.0652,79.44
619,341,12,1,293.45,0.2196,209.52
620,341,42,1,42.32,0.1639,37.56
621,341,16,1,173.79,0.1957,150.82
622,342,38,1,95.07,0.0756,48.05
623,343,12,1,535.99,0.0351,209.52
624,343,51,1,415.31,0.077,201.19
625,344,4,2,171.04,0.1084,160.15
626,344,8,1,39.62,0.0821,43.6
627,345,29,1,128.58,0.1766,78.75
628,346,53,2,334.39,0.1038,152.79
629,347,30,1,280.84,0.2222,145.7
630,348,36,2,130.51,0.0487,66.1
631,349,5,1,259.51,0.1838,185.65
632,349,35,1,153.58,0.1839,79.44
633,350,27,2,204.08,0.0319,88.49
634,350,29,1,130.19,0.0877,78.75
635,350,8,1,56.63,0.0447,43.6
636,351,30,1,280.84,0.0675,145.7
637,352,8,2,55.93,0.1088,43.6
638,353,14,1,122.11,0.0831,105.23
639,353,5,1,173.01,0.0529,185.65
640,354,5,1,192.23,0.0972,185.65
641,355,21,1,107.92,0.2387,94.68
642,355,5,3,163.4,0.1856,185.65
643,356,29,2,107.15,0.0331,78.75
644,356,12,2,345.24,0.071,209.52
645,357,17,1,129.91,0.1762,127.08
646,358,6,1,68.37,0.2003,52.6
647,359,33,1,196.19,0.2307,122.16
648,360,25,1,21.53,0.069,16.13
649,360,36,1,78.26,0.0638,66.1
650,361,42,2,60.49,0.0534,37.56
651,362,29,2,96.44,0.0725,78.75
652,362,5,1,173.01,0.0841,185.65
653,362,26,1,229.2,0.0486,164.45
654,362,22,1,160.62,0.0957,88.13
655,363,5,1,201.84,0.2165,185.65
656,363,50,1,156.96,0.193,118.05
657,364,24,1,286.14,0.1934,217.31
658,365,53,1,366.23,0.0309,152.79
659,366,46,2,105.04,0.1078,81.26
660,367,31,1,97.39,0.2321,39.52
661,367,46,2,189.07,0.1991,81.26
662,368,46,1,99.2,0.1885,81.26
663,368,52,1,162.62,0.2205,115.34
664,369,36,1,96.67,0.0714,66.1
665,369,32,1,211.46,0.0697,130.06
666,370,6,3,59.08,0.1089,52.6
667,370,11,1,191.32,0.1047,139.55
668,371,8,1,66.07,0.0775,43.6
669,371,5,1,272.49,0.0791,185.65
670,372,5,1,233.56,0.0856,185.65
671,372,2,2,322.53,0.0572,137.72
672,373,35,1,130.82,0.2112,79.44
673,374,35,1,113.76,0.2245,79.44
674,375,27,1,176.37,0.0407,88.49
675,375,5,2,201.84,0.1092,185.65
676,376,17,1,206.32,0.313,127.08
677,377,23,1,76.98,0.1905,43.89
678,377,40,1,115.67,0.1039,53.25
679,377,43,1,392.82,0.09,182.69
680,377,31,1,81.16,0.09,39.52
681,378,27,1,167.97,0.0475,88.49
682,379,41,1,392.59,0.0836,180.53
683,380,13,1,113.88,0.2123,77.45
684,380,27,1,192.75,0.2105,88.49
685,381,15,1,48.15,0.04,22.05
686,382,17,1,237.27,0.3364,127.08
687,382,4,2,312.39,0.1995,160.15
688,383,3,1,36.49,0.0307,26.91
689,384,15,1,40.93,0.0343,22.05
690,384,31,1,68.99,0.074,39.52
691,385,21,2,133.31,0.0865,94.68
692,386,9,2,143.42,0.167,108.49
693,387,20,1,84.76,0.1686,55.18
694,388,5,1,221.06,0.2382,185.65
695,388,38,1,89.99,0.1956,48.05
696,389,13,1,89.32,0.0855,77.45
697,389,5,2,173.01,0.0961,185.65
698,390,5,1,192.23,0.1049,185.65
699,390,1,1,121.57,0.1297,91.78
700,390,34,1,68.27,0.0329,37.12
701,391,10,1,274.31,0.0558,120.42
702,392,51,1,306.97,0.1834,201.19
703,392,30,2,268.55,0.2188,145.7
704,393,4,2,244.48,0.0619,160.15
705,393,32,1,244.69,0.0621,130.06
706,394,37,1,106.5,0.0921,61.9
707,394,6,2,75.96,0.0348,52.6
708,395,52,3,309.94,0.0515,115.34
709,396,6,3,56.27,0.0855,52.6
710,397,5,1,233.56,0.0493,185.65
711,397,1,1,147.71,0.1707,91.78
712,397,7,1,169.61,0.0526,103.55
713,397,42,1,60.49,0.0884,37.56
714,398,23,1,48.47,0.1895,43.89
715,399,5,2,201.84,0.091,185.65
716,399,8,1,48.94,0.1064,43.6
717,400,1,2,196.94,0.3064,91.78
718,400,21,1,205.68,0.2235,94.68
719,400,12,3,559.29,0.2143,209.52
720,401,4,3,230.9,0.0731,160.15
721,401,16,1,234.62,0.0396,150.82
722,402,7,1,188.46,0.1757,103.55
723,403,21,3,114.26,0.0373,94.68
724,403,36,1,82.86,0.0945,66.1
725,404,36,1,105.65,0.1676,66.1
726,405,23,1,48.47,0.1455,43.89
727,405,14,1,115.33,0.0842,105.23
728,405,45,1,45.92,0.0762,39.57
729,405,15,1,30.32,0.0453,22.05
730,406,41,2,333.7,0.2185,180.53
731,406,52,1,219.54,0.1685,115.34
732,406,48,1,169.67,0.2383,66.62
733,407,38,1,121.48,0.0559,48.05
734,407,17,1,237.27,0.1581,127.08
735,407,1,2,188.74,0.1206,91.78
736,407,11,1,282.88,0.0562,139.55
737,408,48,1,147.86,0.063,66.62
738,408,52,2,191.32,0.0501,115.34
739,408,1,3,121.57,0.1988,91.78
740,409,4,1,285.23,0.1409,160.15
741,409,42,1,70.58,0.0831,37.56
742,409,21,1,179.97,0.0813,94.68
743,410,1,1,172.33,0.1993,91.78
744,411,23,1,80.83,0.3251,43.89
745,411,7,3,197.88,0.2207,103.55
746,412,37,1,95.85,0.2157,61.9
747,412,45,1,65.63,0.1953,39.57
748,412,21,1,154.26,0.226,94.68
749,413,16,1,234.62,0.0568,150.82
750,413,8,1,53.48,0.0761,43.6
751,414,44,1,150.35,0.1758,119.7
752,415,38,2,66.51,0.0795,48.05
753,415,18,1,408.21,0.0425,173.9
754,416,17,1,137.55,0.2057,127.08
755,416,23,1,51.32,0.1981,43.89
756,417,27,1,176.37,0.182,88.49
757,418,4,1,325.98,0.1119,160.15
758,419,14,1,122.11,0.1026,105.23
759,419,20,1,62.78,0.0927,55.18
760,420,17,1,216.64,0.3317,127.08
761,420,6,1,79.76,0.2198,52.6
762,421,36,2,78.26,0.0891,66.1
763,421,47,1,125.66,0.0975,89.54
764,422,23,1,80.83,0.1622,43.89
765,423,36,1,105.65,0.0445,66.1
766,423,38,2,89.79,0.0408,48.05
767,423,5,1,220.58,0.1051,185.65
768,423,23,1,65.43,0.238,43.89
769,424,47,1,169.65,0.0821,89.54
770,424,8,2,53.48,0.085,43.6
771,425,17,1,247.58,0.134,127.08
772,426,12,2,419.47,0.1977,209.52
773,426,5,2,233.56,0.2069,185.65
774,427,31,1,93.34,0.1924,39.52
775,428,21,1,107.92,0.0462,94.68
776,429,12,1,345.24,0.0516,209.52
777,430,44,1,225.53,0.1026,119.7
778,430,1,2,164.12,0.1799,91.78
779,431,5,1,259.51,0.0596,185.65
780,431,21,1,171.4,0.0639,94.68
781,432,44,1,200.47,0.2389,119.7
782,433,52,1,258.28,0.0958,115.34
783,433,41,1,392.59,0.091,180.53
784,434,36,1,105.88,0.1758,66.1
785,435,21,3,179.97,0.2369,94.68
786,435,52,1,271.2,0.1737,115.34
787,435,1,1,172.33,0.2452,91.78
788,435,47,1,209.56,0.201,89.54
789,436,53,1,366.23,0.0633,152.79
790,436,46,1,181.19,0.0548,81.26
791,436,15,1,55.38,0.0719,22.05
792,437,17,1,129.91,0.1952,127.08
793,437,19,2,319.82,0.0925,137.57
794,437,13,2,84.35,0.0739,77.45
795,438,2,1,225.64,0.2321,137.72
796,439,6,1,47.83,0.1722,52.6
797,439,32,2,171.18,0.2008,130.06
798,440,7,2,146.58,0.1625,103.55
799,441,50,2,134.54,0.0484,118.05
800,442,41,2,261.73,0.1702,180.53
801,443,52,1,162.62,0.0918,115.34
802,444,20,2,59.3,0.0507,55.18
803,445,29,1,112.51,0.0796,78.75
804,445,5,1,201.84,0.0369,185.65
805,446,15,1,30.32,0.0974,22.05
806,447,26,2,412.57,0.1794,164.45
807,448,17,1,175.37,0.1583,127.08
808,448,53,2,270.7,0.0927,152.79
809,448,29,2,122.95,0.0879,78.75
810,449,47,3,133.06,0.1451,89.54
811,449,5,2,173.01,0.1137,185.65
812,449,42,1,44.81,0.0706,37.56
813,450,49,1,125.0,0.186,73.39
814,451,36,1,142.94,0.0686,66.1
815,451,39,1,598.55,0.0963,144.85
816,451,45,1,83.87,0.0757,39.57
817,451,6,1,87.36,0.0331,52.6
818,452,17,2,206.32,0.1689,127.08
819,453,41,1,451.48,0.1772,180.53
820,454,1,1,103.33,0.2224,91.78
821,454,25,1,21.53,0.1224,16.13
822,454,6,3,47.83,0.132,52.6
823,455,8,1,41.95,0.2155,43.6
824,456,35,2,119.45,0.0851,79.44
825,457,5,2,173.01,0.1049,185.65
826,457,49,1,83.33,0.0972,73.39
827,457,47,1,133.06,0.1163,89.54
828,457,23,1,51.32,0.2107,43.89
829,458,32,1,244.69,0.2297,130.06
830,459,43,1,349.18,0.2176,182.69
831,460,32,1,231.1,0.2014,130.06
832,461,6,1,64.57,0.1038,52.6
833,462,46,2,141.8,0.0638,81.26
834,463,12,1,489.38,0.1711,209.52
835,463,38,1,110.92,0.2384,48.05
836,464,23,1,57.02,0.2726,43.89
837,464,38,3,78.25,0.224,48.05
838,464,5,1,192.23,0.1994,185.65
839,465,49,1,131.25,0.2316,73.39
840,465,45,1,76.57,0.2369,39.57
841,465,46,1,165.44,0.2081,81.26
842,465,20,2,98.88,0.236,55.18
843,466,21,1,114.26,0.1924,94.68
844,467,24,1,386.28,0.1997,217.31
845,467,21,1,145.69,0.1701,94.68
846,468,50,2,127.07,0.0983,118.05
847,469,7,2,118.66,0.2051,103.55
848,470,50,2,242.17,0.2323,118.05
849,471,49,1,97.22,0.0681,73.39
850,471,17,3,160.47,0.1411,127.08
851,472,12,1,396.16,0.1029,209.52
852,473,18,1,480.25,0.0779,173.9
853,473,8,2,46.61,0.0879,43.6
854,474,23,1,80.83,0.1285,43.89
855,474,5,1,272.49,0.0866,185.65
856,474,7,1,197.88,0.0774,103.55
857,475,22,1,178.47,0.0949,88.13
858,475,34,1,68.27,0.0537,37.12
859,476,24,1,302.97,0.1664,217.31
860,477,16,1,235.13,0.0731,150.82
861,477,6,1,64.71,0.1059,52.6
862,477,23,2,65.57,0.2201,43.89
863,478,5,1,163.4,0.188,185.65
864,478,13,2,84.35,0.1894,77.45
865,479,49,2,125.0,0.0466,73.39
866,480,30,3,210.63,0.0548,145.7
867,481,45,1,45.92,0.2301,39.57
868,481,5,1,163.4,0.1663,185.65
869,482,6,1,64.57,0.0704,52.6
870,483,31,1,51.1,0.1624,39.52
871,483,48,1,125.68,0.2389,66.62
872,484,27,2,272.11,0.0375,88.49
873,485,9,1,239.17,0.1786,108.49
874,485,5,1,272.49,0.1759,185.65
875,486,17,2,216.64,0.2781,127.08
876,486,42,1,70.58,0.218,37.56
877,486,6,1,79.76,0.1601,52.6
878,487,35,1,130.54,0.1751,79.44
879,487,11,2,209.09,0.1805,139.55
880,487,18,1,551.09,0.2297,173.9
881,487,30,1,268.55,0.1873,145.7
882,488,36,1,78.26,0.0435,66.1
883,489,5,2,220.58,0.1685,185.65
884,489,1,1,139.5,0.2618,91.78
885,490,6,1,87.36,0.0792,52.6
886,490,4,1,312.39,0.106,160.15
887,491,50,1,127.07,0.0544,118.05
888,492,43,3,333.9,0.0438,182.69
889,492,8,1,53.48,0.0884,43.6
890,492,13,3,113.88,0.0425,77.45
891,492,20,1,80.05,0.0481,55.18
892,493,5,1,173.01,0.0661,185.65
893,493,3,2,38.64,0.0378,26.91
894,493,15,2,32.1,0.057,22.05
895,494,43,1,353.54,0.0868,182.69
896,494,27,1,204.08,0.0651,88.49
897,494,8,2,56.63,0.0692,43.6
898,495,5,3,259.51,0.0624,185.65
899,496,35,2,119.45,0.0352,79.44
900,496,5,1,201.84,0.045,185.65
901,497,51,2,227.38,0.0865,201.19
902,498,35,1,136.51,0.1232,79.44
903,499,5,1,298.44,0.0838,185.65
904,500,6,1,47.83,0.051,52.6
905,500,31,1,51.1,0.0544,39.52
906,500,42,2,42.32,0.0338,37.56
907,500,25,1,21.53,0.0865,16.13
908,501,1,2,103.33,0.1768,91.78
909,501,11,1,154.88,0.0538,139.55
910,502,37,1,127.8,0.0947,61.9
911,503,45,1,48.62,0.0381,39.57
912,504,35,1,161.25,0.2373,79.44
913,504,36,2,130.51,0.1764,66.1
914,505,23,1,80.83,0.3227,43.89
915,505,30,1,331.74,0.2014,145.7
916,506,39,1,546.5,0.1088,144.85
917,507,38,1,105.64,0.0913,48.05
918,507,52,1,258.28,0.0441,115.34
919,508,35,3,138.22,0.0734,79.44
920,509,8,1,72.36,0.2059,43.6
921,510,40,1,138.8,0.1489,53.25
922,510,37,1,127.8,0.079,61.9
923,511,45,3,76.57,0.2384,39.57
924,511,20,2,98.88,0.206,55.18
925,512,5,2,220.58,0.0987,185.65
926,513,14,1,192.33,0.2378,105.23
927,513,28,1,275.8,0.2059,142.78
928,513,22,2,252.98,0.1985,88.13
929,514,34,1,61.44,0.2329,37.12
930,514,1,1,109.41,0.2887,91.78
931,514,17,1,137.55,0.2867,127.08
932,515,8,1,41.95,0.1142,43.6
933,516,17,1,160.47,0.3316,127.08
934,516,20,3,73.25,0.2328,55.18
935,517,6,1,59.08,0.1947,52.6
936,518,39,1,442.41,0.1085,144.85
937,518,10,2,202.75,0.1062,120.42
938,519,32,1,171.18,0.0503,130.06
939,520,17,2,129.91,0.2222,127.08
940,520,11,2,154.88,0.0916,139.55
941,520,36,2,78.26,0.03,66.1
942,521,49,1,150.0,0.0612,73.39
943,521,37,1,127.8,0.0793,61.9
944,521,44,1,270.64,0.0764,119.7
945,522,42,2,77.3,0.1018,37.56
946,522,5,3,298.44,0.0618,185.65
947,523,28,1,194.57,0.08,142.78
948,523,21,1,126.96,0.0748,94.68
949,524,46,1,134.22,0.1088,81.26
950,524,31,2,69.14,0.1016,39.52
951,524,32,1,231.6,0.0576,130.06
952,525,31,2,51.1,0.2308,39.52
953,526,3,1,66.65,0.0484,26.91
954,527,10,1,176.69,0.0462,120.42
955,527,52,1,191.32,0.0345,115.34
956,528,17,1,129.91,0.2995,127.08
957,528,8,1,39.62,0.1986,43.6
958,528,10,1,150.19,0.2033,120.42
959,528,26,1,216.47,0.2107,164.45
960,529,38,1,89.79,0.05,48.05
961,530,30,1,284.35,0.0732,145.7
962,531,30,2,284.35,0.1327,145.7
963,532,7,2,226.15,0.0967,103.55
964,533,19,1,319.82,0.0711,137.57
965,533,23,1,48.47,0.128,43.89
966,534,21,2,205.68,0.0436,94.68
967,534,44,1,270.64,0.0804,119.7
968,535,10,1,250.46,0.1728,120.42
969,536,46,1,133.92,0.0433,81.26
970,536,52,2,219.54,0.0533,115.34
971,536,35,1,130.54,0.0491,79.44
972,537,15,1,48.15,0.1218,22.05
973,538,22,1,214.16,0.0781,88.13
974,539,7,1,197.88,0.177,103.55
975,539,46,1,165.44,0.1843,81.26
976,540,15,3,37.45,0.0771,22.05
977,540,17,3,160.47,0.2196,127.08
978,541,45,2,62.12,0.0957,39.57
979,541,13,1,114.13,0.1098,77.45
980,541,3,1,49.37,0.0879,26.91
981,541,44,2,192.12,0.0489,119.7
982,542,7,1,167.52,0.2042,103.55
983,542,35,1,136.51,0.2364,79.44
984,543,3,1,69.55,0.2334,26.91
985,544,52,1,258.28,0.1094,115.34
986,544,45,1,72.93,0.0861,39.57
987,544,7,1,188.46,0.1312,103.55
988,545,12,1,345.24,0.0577,209.52
989,546,3,2,36.49,0.074,26.91
990,546,8,2,39.62,0.1227,43.6
991,547,41,3,451.48,0.0978,180.53
992,547,20,1,108.3,0.062,55.18
993,548,8,1,39.62,0.2088,43.6
994,549,5,1,311.41,0.2029,185.65
995,550,32,1,201.39,0.1715,130.06
996,550,53,2,235.9,0.2345,152.79
997,550,36,1,92.07,0.1875,66.1
998,550,14,1,135.68,0.1812,105.23
999,551,12,1,293.45,0.2065,209.52
1000,551,9,1,143.42,0.194,108.49
1001,551,8,1,39.62,0.1616,43.6
1002,552,43,1,290.98,0.1969,182.69
1003,552,33,2,170.97,0.1861,122.16
1004,553,1,1,103.33,0.1702,91.78
1005,553,49,1,78.7,0.081,73.39
1006,553,30,1,198.93,0.0833,145.7
1007,554,40,1,72.83,0.1962,53.25
1008,555,11,1,245.98,0.2289,139.55
1009,556,17,1,206.32,0.1986,127.08
1010,556,35,1,153.58,0.0542,79.44
1011,556,45,2,72.93,0.0569,39.57
1012,557,32,1,326.25,0.0696,130.06
1013,558,1,1,121.57,0.1202,91.78
1014,558,26,3,254.67,0.0717,164.45
1015,559,7,1,197.88,0.1959,103.55
1016,560,4,2,211.28,0.0942,160.15
1017,561,33,1,242.35,0.2051,122.16
1018,562,10,1,185.52,0.2313,120.42
1019,563,1,1,121.57,0.1317,91.78
1020,563,5,1,192.23,0.0871,185.65
1021,564,38,1,78.25,0.1015,48.05
1022,564,8,1,46.61,0.1056,43.6
1023,565,36,2,111.87,0.0872,66.1
1024,566,6,2,64.57,0.0791,52.6
1025,566,1,1,139.5,0.1566,91.78
1026,566,40,3,98.32,0.0498,53.25
1027,567,50,1,127.07,0.1406,118.05
1028,568,4,1,181.1,0.1366,160.15
1029,569,8,1,75.51,0.1893,43.6
1030,569,13,3,160.77,0.1863,77.45
1031,569,50,1,242.17,0.2397,118.05
1032,570,29,1,96.44,0.0921,78.75
1033,570,13,1,89.32,0.048,77.45
1034,571,31,1,60.12,0.08,39.52
1035,572,13,1,120.58,0.0678,77.45
1036,572,21,1,154.26,0.0647,94.68
1037,573,22,1,252.98,0.0476,88.13
1038,573,47,1,209.56,0.0873,89.54
1039,573,35,1,161.25,0.0929,79.44
1040,573,36,1,130.51,0.0955,66.1
1041,574,23,3,80.83,0.1905,43.89
1042,575,8,3,53.6,0.2108,43.6
1043,576,22,3,289.12,0.1381,88.13
1044,576,1,1,196.94,0.1744,91.78
1045,577,45,1,72.93,0.2284,39.57
1046,577,9,1,227.79,0.2311,108.49
1047,578,38,1,66.51,0.1145,48.05
1048,579,43,1,353.54,0.237,182.69
1049,580,42,1,80.66,0.1384,37.56
1050,581,41,1,305.35,0.054,180.53
1051,581,32,1,211.46,0.0818,130.06
1052,581,24,3,353.46,0.0423,217.31
1053,581,40,1,89.96,0.0647,53.25
1054,582,28,1,233.48,0.22,142.78
1055,582,12,1,414.29,0.2268,209.52
1056,583,28,2,223.27,0.1985,142.78
1057,584,47,3,209.56,0.188,89.54
1058,585,43,1,451.75,0.1916,182.69
1059,586,5,1,298.44,0.1727,185.65
1060,586,15,3,55.38,0.1602,22.05
1061,587,6,1,67.52,0.0334,52.6
1062,588,38,2,78.25,0.207,48.05
1063,588,23,2,57.02,0.309,43.89
1064,589,45,1,45.92,0.1973,39.57
1065,590,44,1,202.98,0.1675,119.7
1066,591,30,1,315.94,0.0355,145.7
1067,592,5,1,311.41,0.1707,185.65
1068,593,8,2,62.92,0.1639,43.6
1069,594,51,1,321.01,0.0895,201.19
1070,594,17,1,183.4,0.1227,127.08
1071,594,40,1,102.82,0.0705,53.25
1072,594,1,1,145.88,0.1687,91.78
1073,595,4,3,230.9,0.0358,160.15
1074,596,17,3,160.47,0.1917,127.08
1075,596,5,3,201.84,0.0595,185.65
1076,596,42,1,52.28,0.0328,37.56
1077,596,16,2,214.68,0.0813,150.82
1078,597,5,2,192.23,0.0851,185.65
1079,597,10,3,176.69,0.0914,120.42
1080,598,41,1,247.19,0.1792,180.53
1081,598,5,1,163.4,0.1743,185.65
1082,598,37,2,67.06,0.1638,61.9
1083,599,17,1,237.27,0.1652,127.08
1084,599,30,1,363.33,0.0598,145.7
1085,600,12,1,419.47,0.2028,209.52
1086,601,43,1,353.54,0.069,182.69
1087,602,5,2,201.84,0.2129,185.65
1088,603,21,1,179.97,0.0517,94.68
1089,604,25,1,35.91,0.2035,16.13
1090,604,1,1,172.33,0.2666,91.78
1091,604,19,1,533.35,0.1875,137.57
1092,605,26,1,360.99,0.0327,164.45
1093,605,14,2,192.33,0.0737,105.23
1094,605,42,1,70.58,0.0501,37.56
1095,606,45,1,72.93,0.0335,39.57
1096,607,12,1,414.29,0.0743,209.52
1097,607,17,2,183.4,0.1139,127.08
1098,607,35,1,136.51,0.0405,79.44
1099,607,27,1,201.56,0.0471,88.49
1100,608,50,2,127.07,0.0782,118.05
1101,608,49,1,78.7,0.0585,73.39
1102,609,5,2,259.51,0.0322,185.65
1103,610,37,2,111.83,0.2008,61.9
1104,610,47,2,209.56,0.2241,89.54
1105,611,16,2,173.79,0.1074,150.82
1106,611,31,1,51.1,0.033,39.52
1107,611,1,1,103.33,0.121,91.78
1108,611,5,2,163.4,0.105,185.65
1109,612,8,1,39.62,0.1006,43.6
1110,613,3,3,45.08,0.0626,26.91
1111,613,42,1,52.28,0.0436,37.56
1112,614,43,1,247.33,0.0454,182.69
1113,615,48,1,239.53,0.2206,66.62
1114,616,33,1,145.32,0.198,122.16
1115,617,5,1,173.01,0.0968,185.65
1116,618,1,3,188.74,0.1292,91.78
1117,618,16,1,317.42,0.0924,150.82
1118,619,44,2,200.47,0.1724,119.7
1119,619,16,2,245.35,0.2032,150.82
1120,620,24,2,409.01,0.124,217.31
1121,621,51,1,227.38,0.0389,201.19
1122,622,22,1,178.47,0.2345,88.13
1123,622,30,1,234.03,0.1918,145.7
1124,623,41,1,333.7,0.1869,180.53
1125,623,35,1,130.54,0.2061,79.44
1126,624,31,1,68.99,0.2195,39.52
1127,625,25,2,29.07,0.0398,16.13
1128,625,45,2,61.99,0.0631,39.57
1129,626,41,1,334.43,0.0729,180.53
1130,626,23,2,65.57,0.2076,43.89
1131,626,36,1,105.88,0.0944,66.1
1132,627,45,1,83.87,0.0623,39.57
1133,628,8,1,48.94,0.1855,43.6
1134,628,48,1,155.25,0.2163,66.62
1135,629,13,1,99.24,0.0619,77.45
1136,629,6,1,56.27,0.0535,52.6
1137,629,49,2,92.59,0.0356,73.39
1138,630,35,1,153.58,0.2091,79.44
1139,630,46,1,157.56,0.1985,81.26
1140,630,11,1,245.98,0.2389,139.55
1141,631,14,1,155.69,0.1061,105.23
1142,632,40,1,102.82,0.0759,53.25
1143,632,39,2,462.65,0.085,144.85
1144,633,5,1,192.23,0.0702,185.65
1145,634,39,1,520.48,0.0568,144.85
1146,634,49,1,125.0,0.1042,73.39
1147,635,28,2,262.67,0.1694,142.78
1148,636,5,2,163.4,0.1995,185.65
1149,637,35,1,153.58,0.0816,79.44
1150,638,46,2,133.92,0.0329,81.26
1151,639,25,1,34.2,0.0645,16.13
1152,640,6,1,47.83,0.238,52.6
1153,641,53,1,247.7,0.0676,152.79
1154,642,53,3,286.62,0.1692,152.79
1155,643,12,2,396.16,0.0756,209.52
1156,644,8,2,53.48,0.0459,43.6
1157,645,5,1,233.56,0.0648,185.65
1158,646,46,1,116.71,0.2026,81.26
1159,646,38,1,78.25,0.2234,48.05
1160,646,25,2,25.33,0.2328,16.13
1161,647,30,1,315.94,0.0466,145.7
1162,647,53,1,318.47,0.086,152.79
1163,648,36,1,130.51,0.1795,66.1
1164,649,19,1,451.51,0.1149,137.57
1165,650,36,2,130.51,0.0877,66.1
1166,650,7,2,197.88,0.0793,103.55
1167,650,5,1,272.49,0.0392,185.65
1168,650,17,1,216.64,0.1675,127.08
1169,651,45,1,54.02,0.1114,39.57
1170,652,21,1,197.11,0.0403,94.68
1171,653,5,2,163.4,0.0843,185.65
1172,653,3,3,36.49,0.0709,26.91
1173,653,35,2,96.7,0.1074,79.44
1174,653,43,2,247.33,0.0548,182.69
1175,654,45,2,65.63,0.0645,39.57
1176,654,14,1,164.85,0.0323,105.23
1177,655,16,1,184.01,0.0848,150.82
1178,655,1,2,109.41,0.1869,91.78
1179,656,5,2,311.41,0.0721,185.65
1180,656,6,2,91.16,0.0392,52.6
1181,657,47,1,155.23,0.0945,89.54
1182,657,12,1,362.5,0.0708,209.52
1183,657,35,1,119.45,0.0321,79.44
1184,658,9,2,239.17,0.0902,108.49
1185,659,5,1,221.06,0.0719,185.65
1186,660,6,1,47.83,0.0325,52.6
1187,660,5,1,163.4,0.0621,185.65
1188,661,6,2,64.57,0.0765,52.6
1189,661,25,1,29.07,0.0341,16.13
1190,661,1,1,139.5,0.1304,91.78
1191,662,45,1,61.99,0.232,39.57
1192,662,13,1,113.88,0.188,77.45
1193,663,41,2,333.7,0.0579,180.53
1194,663,40,1,98.32,0.0776,53.25
1195,664,11,2,163.99,0.2269,139.55
1196,664,7,1,125.64,0.1628,103.55
1197,665,5,2,221.06,0.2189,185.65
1198,665,50,1,171.91,0.1939,118.05
1199,666,25,1,39.32,0.0791,16.13
1200,666,7,2,216.73,0.0903,103.55
1201,667,41,2,353.33,0.0715,180.53
1202,667,25,1,30.78,0.065,16.13
1203,668,51,2,433.37,0.2331,201.19
1204,669,46,1,133.92,0.0717,81.26
1205,669,39,2,442.41,0.0693,144.85
1206,669,36,1,105.65,0.0304,66.1
1207,669,8,1,53.48,0.074,43.6
1208,670,8,3,62.92,0.0389,43.6
1209,670,29,1,144.65,0.0678,78.75
1210,671,5,1,233.56,0.2376,185.65
1211,671,2,1,322.53,0.2223,137.72
1212,671,6,2,68.37,0.2028,52.6
1213,672,17,2,137.55,0.1891,127.08
1214,673,4,2,211.28,0.0952,160.15
1215,674,38,1,110.92,0.0309,48.05
1216,674,9,1,239.17,0.0628,108.49
1217,675,20,3,84.76,0.1011,55.18
1218,676,6,1,68.37,0.2376,52.6
1219,677,3,1,49.37,0.0773,26.91
1220,677,5,1,221.06,0.1251,185.65
1221,678,20,1,59.3,0.2232,55.18
1222,678,41,1,247.19,0.1755,180.53
1223,679,20,1,83.71,0.1861,55.18
1224,679,40,1,102.82,0.1998,53.25
1225,679,17,1,183.4,0.326,127.08
1226,680,34,2,58.03,0.1673,37.12
1227,680,30,1,198.93,0.2041,145.7
1228,680,1,1,103.33,0.2825,91.78
1229,681,27,2,167.97,0.0303,88.49
1230,682,26,1,360.99,0.0396,164.45
1231,683,39,3,462.65,0.0648,144.85
1232,683,14,1,162.82,0.0673,105.23
1233,684,17,1,137.55,0.1539,127.08
1234,685,26,2,360.99,0.1634,164.45
1235,686,31,1,93.34,0.1879,39.52
1236,686,39,1,598.55,0.2205,144.85
1237,686,17,1,237.27,0.2671,127.08
1238,687,4,2,231.4,0.1769,160.15
1239,688,6,1,56.27,0.0601,52.6
1240,689,53,2,235.9,0.0357,152.79
1241,690,1,1,172.33,0.148,91.78
1242,690,30,1,331.74,0.0451,145.7
1243,691,49,1,78.7,0.0505,73.39
1244,692,29,1,166.35,0.211,78.75
1245,692,23,2,88.52,0.3258,43.89
1246,693,5,2,173.01,0.0788,185.65
1247,693,51,1,240.76,0.1176,201.19
1248,694,42,1,57.13,0.1767,37.56
1249,694,6,2,64.57,0.2358,52.6
1250,695,17,1,129.91,0.156,127.08
1251,695,25,1,21.53,0.0611,16.13
1252,696,8,1,75.51,0.1427,43.6
1253,697,47,1,177.41,0.0891,89.54
1254,698,8,1,75.51,0.0368,43.6
1255,698,5,1,311.41,0.0984,185.65
1256,698,3,1,69.55,0.0356,26.91
1257,698,7,1,226.15,0.0349,103.55
1258,699,32,1,201.39,0.0577,130.06
1259,699,31,2,60.12,0.0907,39.52
1260,700,9,2,261.95,0.1797,108.49
1261,700,38,2,121.48,0.2198,48.05
1262,701,7,1,118.66,0.0757,103.55
1263,701,53,1,200.52,0.0401,152.79
1264,702,5,1,272.49,0.204,185.65
1265,703,36,1,78.26,0.0562,66.1
1266,703,5,1,163.4,0.0613,185.65
1267,704,1,1,121.57,0.3194,91.78
1268,705,36,1,142.94,0.0834,66.1
1269,705,40,1,133.02,0.0591,53.25
1270,705,32,2,312.66,0.0539,130.06
1271,706,29,1,130.19,0.0674,78.75
1272,706,6,1,68.37,0.0443,52.6
1273,707,34,1,78.34,0.0644,37.12
1274,708,21,1,197.11,0.0346,94.68
1275,708,33,1,265.43,0.0342,122.16
1276,708,17,2,237.27,0.1878,127.08
1277,709,40,3,133.02,0.0642,53.25
1278,710,13,1,120.58,0.0599,77.45
1279,711,40,1,133.02,0.073,53.25
1280,711,24,1,522.62,0.0942,217.31
1281,711,50,1,232.08,0.0401,118.05
1282,711,5,1,298.44,0.0571,185.65
1283,712,44,1,150.35,0.0884,119.7
1284,713,47,1,209.56,0.1837,89.54
1285,713,30,1,331.74,0.2293,145.7
1286,714,5,1,173.01,0.0386,185.65
1287,714,52,1,172.19,0.0999,115.34
1288,715,32,1,285.47,0.0534,130.06
1289,715,12,1,489.38,0.0912,209.52
1290,716,8,1,56.63,0.04,43.6
1291,716,29,1,130.19,0.0752,78.75
1292,716,16,2,248.42,0.0933,150.82
1293,717,33,1,196.19,0.2205,122.16
1294,718,5,2,192.23,0.0756,185.65
1295,719,26,2,360.99,0.2356,164.45
1296,719,51,1,379.2,0.2295,201.19
1297,720,23,1,65.43,0.2009,43.89
1298,721,5,1,259.51,0.1052,185.65
1299,722,34,3,68.27,0.1073,37.12
1300,723,44,1,270.64,0.1082,119.7
1301,723,24,1,545.34,0.0993,217.31
1302,724,8,1,39.62,0.0959,43.6
1303,724,20,1,59.3,0.1302,55.18
1304,725,25,3,41.03,0.2015,16.13
1305,726,5,1,192.23,0.0724,185.65
1306,726,15,2,35.67,0.1056,22.05
1307,726,22,1,178.47,0.0517,88.13
1308,727,9,1,168.73,0.2206,108.49
1309,727,42,1,49.79,0.182,37.56
1310,727,13,1,99.24,0.238,77.45
1311,728,38,2,82.16,0.1615,48.05
1312,728,14,2,142.46,0.2358,105.23
1313,728,26,1,267.4,0.1636,164.45
1314,729,5,1,259.51,0.0337,185.65
1315,729,34,2,92.16,0.0515,37.12
1316,729,47,3,199.58,0.0878,89.54
1317,729,22,1,240.93,0.0659,88.13
1318,730,5,2,192.23,0.2355,185.65
1319,731,47,1,199.58,0.073,89.54
1320,732,25,2,34.2,0.2181,16.13
1321,732,32,2,271.88,0.1831,130.06
1322,733,44,3,200.47,0.1064,119.7
1323,733,7,3,167.52,0.097,103.55
1324,734,1,1,172.33,0.1957,91.78
1325,735,6,3,68.37,0.0726,52.6
1326,736,8,1,66.07,0.05,43.6
1327,737,8,2,53.6,0.105,43.6
1328,737,15,1,41.02,0.0308,22.05
1329,738,45,2,65.63,0.1369,39.57
1330,739,1,1,164.12,0.1348,91.78
1331,739,37,1,106.5,0.077,61.9
1332,739,50,1,201.81,0.0632,118.05
1333,739,45,1,72.93,0.0537,39.57
1334,740,37,3,95.85,0.0959,61.9
1335,740,17,1,185.69,0.1476,127.08
1336,741,1,1,172.33,0.1756,91.78
1337,741,5,1,272.49,0.0379,185.65
1338,742,13,1,84.35,0.0821,77.45
1339,742,12,2,293.45,0.0667,209.52
1340,742,26,1,216.47,0.0822,164.45
1341,743,3,1,49.26,0.1949,26.91
1342,743,10,1,202.75,0.1758,120.42
1343,743,33,1,196.19,0.2001,122.16
1344,744,16,1,234.62,0.1017,150.82
1345,744,45,1,61.99,0.089,39.57
1346,745,6,1,68.37,0.2024,52.6
1347,745,41,1,353.33,0.1664,180.53
1348,745,49,1,112.5,0.1888,73.39
1349,746,25,1,34.2,0.1637,16.13
1350,747,46,2,140.05,0.0397,81.26
1351,747,6,1,67.52,0.033,52.6
1352,748,6,2,68.37,0.0977,52.6
1353,748,43,2,353.54,0.091,182.69
1354,748,34,1,82.95,0.0786,37.12
1355,748,45,3,65.63,0.0933,39.57
1356,749,6,2,79.76,0.1738,52.6
1357,749,40,1,121.45,0.2266,53.25
1358,749,28,1,275.8,0.169,142.78
1359,750,44,1,236.81,0.1724,119.7
1360,750,7,1,197.88,0.18,103.55
1361,751,53,1,366.23,0.065,152.79
1362,751,23,2,88.52,0.1367,43.89
1363,751,33,1,265.43,0.087,122.16
1364,752,4,1,201.22,0.2344,160.15
1365,753,3,1,66.65,0.1042,26.91
1366,753,25,1,39.32,0.0516,16.13
1367,754,5,1,272.49,0.1915,185.65
1368,754,47,1,209.56,0.1969,89.54
1369,755,46,1,99.2,0.1243,81.26
1370,756,41,1,412.22,0.1751,180.53
1371,757,49,1,112.5,0.0875,73.39
1372,758,46,2,133.92,0.1077,81.26
1373,758,17,1,175.37,0.1877,127.08
1374,759,31,1,51.1,0.079,39.52
1375,760,46,1,181.19,0.0691,81.26
1376,760,12,2,535.99,0.0388,209.52
1377,761,47,1,199.58,0.1778,89.54
1378,761,24,1,454.45,0.1684,217.31
1379,761,27,1,226.76,0.1994,88.49
1380,761,35,1,153.58,0.1748,79.44
1381,762,25,1,39.32,0.0555,16.13
1382,762,36,2,142.94,0.0476,66.1
1383,763,48,1,169.67,0.2098,66.62
1384,763,40,1,98.32,0.2308,53.25
1385,763,29,1,122.95,0.2158,78.75
1386,764,38,1,105.64,0.2105,48.05
1387,765,20,1,84.76,0.0498,55.18
1388,765,5,3,233.56,0.0937,185.65
1389,766,20,2,80.05,0.0477,55.18
1390,767,8,1,66.07,0.064,43.6
1391,767,6,1,79.76,0.0633,52.6
1392,768,12,1,535.99,0.2141,209.52
1393,769,39,1,442.41,0.1826,144.85
1394,769,49,2,106.25,0.1991,73.39
1395,769,5,1,220.58,0.2166,185.65
1396,770,35,1,119.45,0.2341,79.44
1397,771,38,3,89.79,0.1095,48.05
1398,771,3,1,49.26,0.0791,26.91
1399,771,43,1,333.9,0.051,182.69
1400,772,10,1,274.31,0.0927,120.42
1401,772,17,1,237.27,0.1764,127.08
1402,772,23,1,88.52,0.1715,43.89
1403,773,5,2,259.51,0.0306,185.65
1404,773,6,2,75.96,0.0714,52.6
1405,774,23,1,76.98,0.2742,43.89
1406,775,5,1,259.51,0.2008,185.65
1407,775,6,1,75.96,0.2251,52.6
1408,776,3,1,57.96,0.2124,26.91
1409,776,11,1,245.98,0.1783,139.55
1410,776,26,1,343.8,0.2326,164.45
1411,777,17,1,185.69,0.2409,127.08
1412,778,36,1,105.65,0.2018,66.1
1413,778,35,1,130.54,0.2153,79.44
1414,779,12,3,396.16,0.087,209.52
1415,779,14,1,155.69,0.0975,105.23
1416,780,31,1,72.14,0.0857,39.52
1417,781,5,1,173.01,0.0891,185.65
1418,782,4,2,181.1,0.0968,160.15
1419,782,47,1,133.06,0.1105,89.54
1420,783,34,2,92.16,0.047,37.12
1421,783,1,2,164.12,0.1933,91.78
1422,784,33,1,207.73,0.0828,122.16
1423,784,44,1,202.98,0.0325,119.7
1424,785,47,1,125.66,0.0515,89.54
1425,786,47,1,133.06,0.0467,89.54
1426,786,8,3,41.95,0.0315,43.6
1427,786,39,3,346.99,0.0419,144.85
1428,787,29,1,173.58,0.0362,78.75
1429,787,21,1,205.68,0.0557,94.68
1430,788,43,1,333.9,0.1047,182.69
1431,788,41,1,333.7,0.0808,180.53
1432,789,16,3,331.23,0.1111,150.82
1433,789,52,1,309.94,0.1304,115.34
1434,789,38,2,126.77,0.1471,48.05
1435,790,28,1,233.48,0.205,142.78
1436,790,5,1,230.68,0.224,185.65
1437,791,5,1,220.58,0.072,185.65
1438,792,1,1,188.74,0.13,91.78
1439,792,9,1,261.95,0.0538,108.49
1440,793,5,1,298.44,0.0712,185.65
1441,794,8,1,72.36,0.1896,43.6
1442,794,38,1,121.48,0.1806,48.05
1443,795,4,1,285.23,0.1441,160.15
1444,795,52,1,271.2,0.0898,115.34
1445,796,33,1,170.97,0.1018,122.16
1446,796,15,1,35.67,0.1056,22.05
1447,797,23,2,65.43,0.163,43.89
1448,798,30,1,234.03,0.1649,145.7
1449,799,5,1,201.84,0.2382,185.65
1450,800,3,1,52.16,0.0803,26.91
1451,800,46,2,141.8,0.0741,81.26
1452,800,23,1,69.28,0.2261,43.89
1453,800,5,1,233.56,0.1,185.65
1454,801,13,2,133.97,0.0766,77.45
1455,802,3,2,66.65,0.064,26.91
1456,803,17,2,237.27,0.3193,127.08
1457,804,13,1,113.88,0.1763,77.45
1458,805,18,1,583.5,0.0988,173.9
1459,805,34,2,82.95,0.0496,37.12
1460,806,31,1,54.11,0.0345,39.52
1461,807,17,2,137.55,0.2526,127.08
1462,807,39,2,346.99,0.1664,144.85
1463,808,17,2,152.83,0.2357,127.08
1464,808,46,1,116.71,0.1094,81.26
1465,809,17,1,175.37,0.2113,127.08
1466,809,44,1,191.7,0.0345,119.7
1467,810,23,1,59.87,0.2085,43.89
1468,810,49,2,97.22,0.1024,73.39
1469,811,18,1,432.22,0.2041,173.9
1470,811,21,1,114.26,0.1872,94.68
1471,811,6,1,50.64,0.234,52.6
1472,812,10,1,238.53,0.0866,120.42
1473,812,47,1,199.58,0.1046,89.54
1474,813,51,3,433.37,0.0731,201.19
1475,813,6,1,91.16,0.038,52.6
1476,814,13,1,133.97,0.0572,77.45
1477,814,36,1,124.29,0.064,66.1
1478,814,17,1,206.32,0.1939,127.08
1479,815,14,2,183.17,0.1075,105.23
1480,815,6,2,75.96,0.0495,52.6
1481,815,5,1,259.51,0.1088,185.65
1482,815,39,1,520.48,0.055,144.85
1483,816,47,1,179.63,0.047,89.54
1484,816,52,1,232.45,0.0749,115.34
1485,817,29,1,122.95,0.2142,78.75
1486,818,47,1,199.58,0.1092,89.54
1487,818,50,1,201.81,0.0974,118.05
1488,819,13,1,133.97,0.0961,77.45
1489,819,16,1,276.02,0.0719,150.82
1490,820,38,1,66.51,0.103,48.05
1491,820,6,3,47.83,0.0825,52.6
1492,821,20,2,84.76,0.0661,55.18
1493,822,17,1,175.37,0.2617,127.08
1494,823,6,3,87.36,0.0955,52.6
1495,823,28,1,302.07,0.0688,142.78
1496,823,5,2,298.44,0.1049,185.65
1497,823,36,3,142.94,0.0617,66.1
1498,824,14,2,155.69,0.0694,105.23
1499,825,11,1,209.09,0.076,139.55
1500,825,6,1,64.57,0.071,52.6
1501,826,40,2,85.68,0.2092,53.25
1502,826,12,2,345.24,0.2037,209.52
1503,827,21,1,171.4,0.2389,94.68
1504,827,17,1,206.32,0.2994,127.08
1505,828,6,2,75.96,0.0624,52.6
1506,829,8,3,48.94,0.0438,43.6
1507,829,5,1,201.84,0.0767,185.65
1508,830,3,1,49.26,0.0546,26.91
1509,831,47,2,179.63,0.2064,89.54
1510,832,41,1,451.48,0.1751,180.53
1511,833,47,1,209.56,0.1928,89.54
1512,833,50,1,211.9,0.2298,118.05
1513,833,44,1,236.81,0.1727,119.7
1514,834,48,1,199.61,0.0667,66.62
1515,835,37,1,95.85,0.0887,61.9
1516,835,8,2,56.63,0.0965,43.6
1517,835,1,2,147.71,0.1686,91.78
1518,836,33,2,242.35,0.0532,122.16
1519,836,6,1,79.76,0.0625,52.6
1520,837,42,1,42.32,0.2377,37.56
1521,838,21,2,171.4,0.0953,94.68
1522,839,32,1,285.47,0.0868,130.06
1523,839,8,1,66.07,0.1045,43.6
1524,840,11,1,209.09,0.0872,139.55
1525,840,6,2,64.57,0.0584,52.6
1526,840,28,2,223.27,0.0702,142.78
1527,841,7,3,160.19,0.0893,103.55
1528,842,42,1,77.3,0.0311,37.56
1529,843,8,1,62.92,0.0685,43.6
1530,843,6,2,75.96,0.0451,52.6
1531,843,29,1,144.65,0.0617,78.75
1532,844,9,1,227.79,0.1822,108.49
1533,845,37,3,127.8,0.2028,61.9
1534,845,47,1,239.5,0.1813,89.54
1535,846,39,1,468.43,0.0461,144.85
1536,846,43,1,353.54,0.0576,182.69
1537,846,14,1,164.85,0.1099,105.23
1538,846,38,1,95.07,0.0653,48.05
1539,847,41,1,305.35,0.1793,180.53
1540,848,31,1,60.12,0.1866,39.52
1541,848,44,1,167.06,0.2027,119.7
1542,848,13,1,99.24,0.2037,77.45
1543,849,33,1,230.81,0.07,122.16
1544,850,52,1,219.54,0.2294,115.34
1545,851,5,1,233.56,0.069,185.65
1546,851,46,1,141.8,0.0816,81.26
1547,851,10,3,214.68,0.0333,120.42
1548,852,34,1,58.03,0.0451,37.12
1549,853,17,1,175.37,0.1267,127.08
1550,854,7,1,216.73,0.0335,103.55
1551,854,29,1,166.35,0.0361,78.75
1552,854,1,1,188.74,0.1871,91.78
1553,854,49,1,143.75,0.0395,73.39
1554,855,28,1,175.11,0.0543,142.78
1555,856,23,1,65.43,0.1759,43.89
1556,857,17,1,237.27,0.15,127.08
1557,858,32,1,244.69,0.1047,130.06
1558,858,16,2,248.42,0.0392,150.82
1559,859,4,1,271.65,0.2118,160.15
1560,860,23,1,76.98,0.1644,43.89
1561,861,25,1,29.07,0.2017,16.13
1562,861,5,1,220.58,0.1768,185.65
1563,862,47,1,199.58,0.2017,89.54
1564,862,6,1,75.96,0.1754,52.6
1565,862,24,1,454.45,0.1921,217.31
1566,863,41,1,392.59,0.1834,180.53
1567,864,24,1,454.45,0.072,217.31
1568,865,47,1,147.84,0.0948,89.54
1569,865,35,3,113.76,0.059,79.44
1570,865,17,1,152.83,0.1653,127.08
1571,866,21,1,145.69,0.0971,94.68
1572,867,30,1,268.55,0.0536,145.7
1573,867,5,1,220.58,0.06,185.65
1574,867,13,1,113.88,0.0732,77.45
1575,868,34,2,105.99,0.232,37.12
1576,868,12,1,535.99,0.21,209.52
1577,869,49,1,97.22,0.1095,73.39
1578,869,44,1,175.41,0.043,119.7
1579,870,3,1,57.96,0.0743,26.91
1580,870,46,1,157.56,0.0435,81.26
1581,871,17,1,206.32,0.2839,127.08
1582,872,21,1,205.68,0.1035,94.68
1583,873,44,1,236.81,0.0989,119.7
1584,874,46,1,99.2,0.0311,81.26
1585,875,9,1,168.73,0.0492,108.49
1586,875,41,2,290.81,0.0624,180.53
1587,875,47,1,147.84,0.0698,89.54
1588,876,5,1,311.41,0.1145,185.65
1589,877,49,1,131.25,0.0355,73.39
1590,877,25,2,35.91,0.0528,16.13
1591,878,20,1,84.76,0.2263,55.18
1592,878,35,1,138.22,0.1861,79.44
1593,878,27,3,204.08,0.2359,88.49
1594,879,6,1,64.57,0.1036,52.6
1595,880,47,1,199.58,0.1661,89.54
1596,880,40,1,115.67,0.2021,53.25
1597,881,36,2,105.65,0.0262,66.1
1598,881,42,1,57.13,0.075,37.56
1599,882,34,2,58.03,0.2213,37.12
1600,882,14,1,115.33,0.1983,105.23
1601,882,49,1,78.7,0.1834,73.39
1602,882,32,2,171.18,0.2315,130.06
1603,883,35,2,138.22,0.0483,79.44
1604,883,4,1,244.48,0.0515,160.15
1605,883,47,3,179.63,0.0983,89.54
1606,884,8,1,48.94,0.0597,43.6
1607,884,35,3,119.45,0.0864,79.44
1608,884,28,2,204.3,0.0494,142.78
1609,884,21,1,133.31,0.0615,94.68
1610,885,6,1,64.57,0.1043,52.6
1611,885,10,1,202.75,0.0397,120.42
1612,885,21,1,145.69,0.1063,94.68
1613,886,32,2,244.69,0.2354,130.06
1614,886,40,1,104.1,0.1765,53.25
1615,887,29,1,173.58,0.0402,78.75
1616,888,6,2,75.96,0.2149,52.6
1617,889,25,2,35.91,0.24,16.13
1618,890,30,1,379.13,0.0994,145.7
1619,891,38,2,95.07,0.0931,48.05
1620,891,19,1,457.16,0.1451,137.57
1621,891,17,2,185.69,0.2254,127.08
1622,892,9,1,261.95,0.0692,108.49
1623,893,34,2,92.16,0.2329,37.12
1624,893,6,2,75.96,0.1844,52.6
1625,894,28,1,236.4,0.0792,142.78
1626,894,5,1,233.56,0.0927,185.65
1627,895,9,1,239.17,0.1623,108.49
1628,895,5,1,272.49,0.1946,185.65
1629,896,13,1,140.67,0.1657,77.45
1630,896,37,2,111.83,0.1657,61.9
1631,897,8,2,75.51,0.0572,43.6
1632,898,5,1,220.58,0.1965,185.65
1633,899,35,1,96.7,0.0826,79.44
1634,899,46,2,99.2,0.0663,81.26
1635,900,23,1,65.43,0.314,43.89
1636,900,5,2,220.58,0.1873,185.65
1637,900,30,1,268.55,0.2303,145.7
1638,900,36,1,105.65,0.1828,66.1
1639,901,8,1,75.51,0.0648,43.6
1640,901,26,1,412.57,0.0413,164.45
1641,902,35,1,161.25,0.0454,79.44
1642,902,49,1,131.25,0.0994,73.39
1643,903,45,1,83.87,0.0497,39.57
1644,904,29,1,144.65,0.1633,78.75
1645,904,12,1,466.07,0.1823,209.52
1646,905,53,1,318.47,0.2349,152.79
1647,906,3,2,49.26,0.2299,26.91
1648,907,2,1,322.53,0.0551,137.72
1649,908,28,2,165.38,0.089,142.78
1650,908,21,1,107.92,0.04,94.68
1651,909,49,1,143.75,0.0464,73.39
1652,910,5,1,272.49,0.2096,185.65
1653,911,53,1,200.52,0.0531,152.79
1654,912,49,3,150.0,0.034,73.39
1655,913,17,1,185.69,0.1839,127.08
1656,913,6,1,68.37,0.0549,52.6
1657,914,11,1,245.98,0.2092,139.55
1658,915,4,2,171.04,0.2357,160.15
1659,915,23,1,48.47,0.3189,43.89
1660,916,5,2,259.51,0.186,185.65
1661,917,30,1,331.74,0.1923,145.7
1662,917,2,1,376.29,0.1606,137.72
1663,917,42,1,70.58,0.2128,37.56
1664,918,41,1,392.59,0.0612,180.53
1665,919,53,1,270.7,0.102,152.79
1666,919,40,1,98.32,0.088,53.25
1667,920,3,1,66.65,0.0359,26.91
1668,921,5,1,298.44,0.2313,185.65
1669,922,34,2,68.27,0.1084,37.12
1670,922,15,1,35.67,0.0613,22.05
1671,923,44,2,191.7,0.088,119.7
1672,924,8,2,75.51,0.0311,43.6
1673,924,11,2,295.18,0.0481,139.55
1674,924,51,2,433.37,0.0742,201.19
1675,925,5,1,230.68,0.0419,185.65
1676,925,34,1,81.92,0.1071,37.12
1677,926,6,3,79.76,0.0865,52.6
1678,927,1,2,147.71,0.3024,91.78
1679,928,18,1,551.09,0.0985,173.9
1680,928,25,2,29.07,0.066,16.13
1681,929,8,3,56.63,0.2141,43.6
1682,930,52,3,172.19,0.036,115.34
1683,931,3,1,57.96,0.0399,26.91
1684,932,5,1,259.51,0.0776,185.65
1685,932,47,1,199.58,0.0772,89.54
1686,932,42,1,67.22,0.0287,37.56
1687,932,7,3,188.46,0.0562,103.55
1688,933,12,1,466.07,0.0778,209.52
1689,934,34,1,78.34,0.1931,37.12
1690,934,32,1,231.1,0.2052,130.06
1691,935,5,2,233.56,0.0741,185.65
1692,935,23,1,69.28,0.2184,43.89
1693,936,42,2,80.66,0.0916,37.56
1694,937,15,1,32.1,0.2306,22.05
1695,937,1,1,109.41,0.2831,91.78
1696,938,8,2,72.36,0.1029,43.6
1697,938,28,3,302.07,0.0919,142.78
1698,939,10,2,203.19,0.0596,120.42
1699,939,46,1,134.22,0.0309,81.26
1700,940,32,1,312.66,0.1012,130.06
1701,941,37,3,90.53,0.0602,61.9
1702,942,21,1,126.96,0.1459,94.68
1703,943,31,1,69.14,0.0409,39.52
1704,944,35,1,119.45,0.187,79.44
1705,945,29,1,122.95,0.0705,78.75
1706,946,33,1,265.43,0.0655,122.16
1707,946,8,1,72.36,0.0533,43.6
1708,947,4,1,312.39,0.2299,160.15
1709,948,29,1,91.08,0.0875,78.75
1710,949,14,2,122.11,0.23,105.23
1711,949,12,1,310.72,0.202,209.52
1712,950,46,3,122.55,0.1883,81.26
1713,950,21,2,133.31,0.1841,94.68
1714,951,50,1,181.63,0.2363,118.05
1715,951,10,1,214.68,0.2138,120.42
1716,952,24,1,522.62,0.2042,217.31
1717,952,48,1,229.55,0.1771,66.62
1718,952,26,1,395.38,0.1968,164.45
1719,953,30,1,331.74,0.1687,145.7
1720,953,17,3,216.64,0.3316,127.08
1721,954,18,2,680.75,0.0737,173.9
1722,955,50,2,211.9,0.0702,118.05
1723,955,12,1,489.38,0.0811,209.52
1724,955,31,2,85.22,0.0608,39.52
1725,955,24,2,477.17,0.0927,217.31
1726,956,5,1,220.58,0.088,185.65
1727,957,20,1,98.88,0.2282,55.18
1728,958,31,1,68.99,0.0878,39.52
1729,958,39,1,442.41,0.1071,144.85
1730,959,26,1,254.67,0.1746,164.45
1731,960,8,1,53.48,0.0691,43.6
1732,960,5,1,220.58,0.0616,185.65
1733,961,21,1,145.69,0.1712,94.68
1734,961,52,1,219.54,0.1624,115.34
1735,961,49,1,106.25,0.1916,73.39
1736,962,5,1,220.58,0.1784,185.65
1737,962,45,1,61.99,0.2102,39.57
1738,963,29,1,144.65,0.0323,78.75
1739,964,27,1,192.75,0.0693,88.49
1740,965,37,3,127.8,0.1079,61.9
1741,965,4,1,325.98,0.0685,160.15
1742,966,9,1,273.34,0.0551,108.49
1743,967,3,1,69.55,0.2287,26.91
1744,967,8,2,75.51,0.2,43.6
1745,968,23,2,51.32,0.2886,43.89
1746,969,20,1,98.88,0.0651,55.18
1747,969,37,1,111.83,0.0903,61.9
1748,970,51,3,280.89,0.0404,201.19
1749,971,29,1,151.89,0.0739,78.75
1750,972,8,1,72.36,0.0548,43.6
1751,973,4,1,271.65,0.1425,160.15
1752,973,33,1,230.81,0.1168,122.16
1753,974,2,1,358.37,0.0773,137.72
1754,974,5,1,259.51,0.0759,185.65
1755,975,47,1,147.84,0.1001,89.54
1756,976,50,3,201.81,0.215,118.05
1757,976,35,1,153.58,0.2262,79.44
1758,977,6,1,68.37,0.2136,52.6
1759,978,8,2,72.36,0.1076,43.6
1760,978,32,1,312.66,0.0937,130.06
1761,979,8,1,66.07,0.0846,43.6
1762,979,5,3,272.49,0.059,185.65
1763,979,18,1,680.75,0.1018,173.9
1764,980,50,2,149.49,0.2129,118.05
1765,981,12,1,419.47,0.0527,209.52
1766,982,52,1,258.28,0.1058,115.34
1767,983,45,1,76.57,0.0984,39.57
1768,983,35,1,161.25,0.0797,79.44
1769,983,23,1,80.83,0.1847,43.89
1770,984,4,1,271.65,0.1361,160.15
1771,984,5,1,259.51,0.0977,185.65
1772,984,22,1,240.93,0.1389,88.13
1773,984,23,1,76.98,0.1735,43.89
1774,985,25,1,41.03,0.1854,16.13
1775,985,5,1,311.41,0.2129,185.65
1776,986,49,2,131.25,0.2343,73.39
1777,987,32,2,285.47,0.1752,130.06
1778,988,12,2,419.47,0.1987,209.52
1779,989,36,1,130.51,0.2059,66.1
1780,990,1,1,164.12,0.1423,91.78
1781,990,53,1,318.47,0.0319,152.79
1782,991,26,1,292.87,0.1715,164.45
1783,992,40,3,138.8,0.0372,53.25
1784,992,8,1,75.51,0.107,43.6
1785,992,23,1,92.37,0.2256,43.89
1786,993,2,1,358.37,0.0582,137.72
1787,994,1,1,109.41,0.1812,91.78
1788,995,25,1,35.91,0.1467,16.13
1789,995,35,1,161.25,0.1209,79.44
1790,995,41,2,412.22,0.1236,180.53
1791,995,36,2,130.51,0.0887,66.1
1792,996,43,1,353.54,0.2158,182.69
1793,997,51,1,379.2,0.1942,201.19
1794,997,43,1,412.46,0.1603,182.69
1795,998,1,3,172.33,0.1443,91.78
1796,999,26,1,309.42,0.0379,164.45
1797,999,36,1,111.87,0.0712,66.1
1798,999,17,1,185.69,0.2109,127.08
1799,1000,7,1,197.88,0.1792,103.55
1800,1001,27,1,167.97,0.0883,88.49
1801,1002,24,1,353.46,0.048,217.31
1802,1003,17,1,216.64,0.3037,127.08
1803,1003,12,3,489.38,0.2248,209.52
1804,1004,13,1,120.58,0.0713,77.45
1805,1004,8,2,56.63,0.0397,43.6
1806,1005,21,3,205.68,0.0539,94.68
1807,1006,14,1,142.46,0.1946,105.23
1808,1007,29,1,151.89,0.1908,78.75
1809,1007,47,1,209.56,0.2091,89.54
1810,1008,5,1,220.58,0.2392,185.65
1811,1008,47,1,169.65,0.1811,89.54
1812,1009,5,2,259.51,0.0825,185.65
1813,1009,39,1,520.48,0.0514,144.85
1814,1010,5,1,311.41,0.1636,185.65
1815,1011,5,1,272.49,0.0812,185.65
1816,1012,46,3,189.07,0.0604,81.26
1817,1012,40,1,138.8,0.0429,53.25
1818,1012,16,3,331.23,0.0863,150.82
1819,1013,4,2,285.23,0.2024,160.15
1820,1014,5,1,233.56,0.1092,185.65
1821,1015,37,1,111.83,0.2139,61.9
1822,1015,50,2,211.9,0.1984,118.05
1823,1016,5,1,173.01,0.2357,185.65
1824,1016,11,1,163.99,0.1652,139.55
1825,1017,12,1,293.45,0.1008,209.52
1826,1017,52,1,162.62,0.0409,115.34
1827,1017,6,1,47.83,0.0549,52.6
1828,1017,5,1,163.4,0.0566,185.65
1829,1018,41,1,392.59,0.1909,180.53
1830,1019,7,1,188.46,0.0845,103.55
1831,1019,8,1,62.92,0.0855,43.6
1832,1019,48,1,199.61,0.0982,66.62
1833,1019,4,1,271.65,0.0621,160.15
1834,1020,23,1,69.28,0.359,43.89
1835,1020,31,2,73.05,0.1711,39.52
1836,1020,15,2,43.34,0.2359,22.05
1837,1021,45,1,76.57,0.0386,39.57
1838,1021,25,1,35.91,0.0887,16.13
1839,1022,25,2,34.2,0.2082,16.13
1840,1022,5,1,259.51,0.2319,185.65
1841,1023,1,1,172.33,0.1848,91.78
1842,1023,4,2,285.23,0.0957,160.15
1843,1023,37,1,111.83,0.1222,61.9
1844,1024,35,2,161.25,0.0921,79.44
1845,1024,6,1,79.76,0.0827,52.6
1846,1024,5,1,272.49,0.0706,185.65
1847,1025,14,1,155.69,0.1061,105.23
1848,1025,17,1,175.37,0.143,127.08
1849,1026,21,1,205.68,0.0665,94.68
1850,1026,19,1,609.54,0.0313,137.57
1851,1027,4,3,271.65,0.0542,160.15
1852,1027,36,1,124.29,0.0754,66.1
1853,1027,13,2,133.97,0.0454,77.45
1854,1028,24,1,409.01,0.1002,217.31
1855,1028,41,1,353.33,0.0772,180.53
1856,1029,39,1,520.48,0.2325,144.85
1857,1029,8,1,62.92,0.165,43.6
1858,1030,27,1,192.75,0.0855,88.49
1859,1031,8,1,75.51,0.142,43.6
1860,1032,5,1,233.56,0.026,185.65
1861,1033,9,1,194.04,0.0624,108.49
1862,1034,10,1,202.75,0.0915,120.42
1863,1035,8,1,62.92,0.0834,43.6
1864,1035,27,1,226.76,0.1096,88.49
1865,1035,12,1,466.07,0.096,209.52
1866,1036,1,1,139.5,0.2204,91.78
1867,1036,18,3,551.09,0.0513,173.9
1868,1036,29,1,122.95,0.1066,78.75
1869,1037,16,1,317.42,0.2252,150.82
1870,1037,12,1,535.99,0.2011,209.52
1871,1037,1,1,188.74,0.2978,91.78
1872,1037,18,2,745.59,0.1739,173.9
1873,1038,17,1,175.37,0.1538,127.08
1874,1038,6,1,64.57,0.0758,52.6
1875,1038,25,3,29.07,0.0987,16.13
1876,1039,16,3,173.79,0.0833,150.82
1877,1039,25,1,21.53,0.0822,16.13
1878,1040,36,1,130.51,0.179,66.1
1879,1041,39,1,624.57,0.0855,144.85
1880,1041,38,3,126.77,0.0801,48.05
1881,1042,5,2,272.49,0.2365,185.65
1882,1042,12,1,489.38,0.1695,209.52
1883,1042,16,3,289.82,0.1837,150.82
1884,1043,12,1,489.38,0.2118,209.52
1885,1044,33,2,265.43,0.0868,122.16
1886,1045,8,2,62.92,0.0725,43.6
1887,1046,8,1,48.94,0.2237,43.6
1888,1046,1,2,127.65,0.2936,91.78
1889,1046,17,1,160.47,0.2759,127.08
1890,1046,13,1,104.2,0.2187,77.45
1891,1047,18,2,648.34,0.1626,173.9
1892,1047,44,1,225.53,0.2297,119.7
1893,1048,16,2,184.01,0.1001,150.82
1894,1048,20,1,62.78,0.0574,55.18
1895,1049,45,1,61.99,0.1011,39.57
1896,1050,8,1,56.63,0.0329,43.6
1897,1050,16,1,248.42,0.0988,150.82
1898,1051,5,2,298.44,0.2329,185.65
1899,1051,12,1,535.99,0.1984,209.52
1900,1051,49,1,143.75,0.2272,73.39
1901,1052,31,2,93.34,0.1051,39.52
1902,1052,47,2,229.52,0.0995,89.54
1903,1053,33,2,196.19,0.066,122.16
1904,1053,47,1,169.65,0.0492,89.54
1905,1054,1,1,139.5,0.1633,91.78
1906,1055,47,1,133.06,0.0987,89.54
1907,1055,19,2,338.63,0.0363,137.57
1908,1055,41,1,261.73,0.0812,180.53
1909,1056,40,1,98.53,0.0649,53.25
1910,1056,36,1,105.88,0.0334,66.1
1911,1057,14,2,192.33,0.0562,105.23
1912,1058,46,2,133.92,0.1938,81.26
1913,1059,5,1,220.58,0.0852,185.65
1914,1059,4,1,230.9,0.0644,160.15
1915,1060,53,1,286.62,0.0711,152.79
1916,1061,30,1,284.35,0.1076,145.7
1917,1061,17,1,185.69,0.1419,127.08
1918,1062,23,1,57.02,0.1853,43.89
1919,1063,33,1,196.19,0.0418,122.16
1920,1064,46,1,157.56,0.1496,81.26
1921,1065,4,1,201.22,0.0671,160.15
1922,1066,32,1,271.88,0.0424,130.06
1923,1066,23,1,76.98,0.1994,43.89
1924,1066,5,1,259.51,0.0837,185.65
1925,1067,45,1,72.93,0.2379,39.57
1926,1067,25,2,34.2,0.1705,16.13
1927,1068,30,1,379.13,0.0949,145.7
1928,1069,9,1,143.42,0.0787,108.49
1929,1069,18,1,408.21,0.1311,173.9
1930,1070,6,2,87.36,0.231,52.6
1931,1071,6,1,64.57,0.069,52.6
1932,1071,15,1,40.93,0.0848,22.05
1933,1072,46,2,157.56,0.1041,81.26
1934,1073,13,1,160.77,0.1735,77.45
1935,1073,5,3,311.41,0.1856,185.65
1936,1074,6,1,79.76,0.038,52.6
1937,1074,36,1,130.51,0.0752,66.1
1938,1074,23,1,80.83,0.1652,43.89
1939,1074,1,1,172.33,0.1655,91.78
1940,1075,40,1,104.1,0.1089,53.25
1941,1076,17,1,137.55,0.2642,127.08
1942,1076,38,2,70.42,0.2165,48.05
1943,1076,1,1,109.41,0.3231,91.78
1944,1077,38,2,89.79,0.1608,48.05
1945,1078,12,1,535.99,0.1754,209.52
1946,1079,45,3,76.57,0.0512,39.57
1947,1079,14,1,192.33,0.1036,105.23
1948,1080,8,1,72.36,0.1917,43.6
1949,1080,29,3,166.35,0.2306,78.75
1950,1081,8,1,53.48,0.1652,43.6
1951,1081,6,1,64.57,0.2133,52.6
1952,1082,24,1,454.45,0.2037,217.31
1953,1082,5,1,259.51,0.2321,185.65
1954,1083,19,2,609.54,0.0826,137.57
1955,1083,28,2,315.2,0.0761,142.78
1956,1083,44,1,270.64,0.0333,119.7
1957,1084,11,2,282.88,0.0487,139.55
1958,1085,36,1,105.65,0.188,66.1
1959,1086,23,1,69.28,0.1264,43.89
1960,1086,45,1,65.63,0.077,39.57
1961,1086,30,1,284.35,0.0873,145.7
1962,1087,6,1,64.57,0.1893,52.6
1963,1087,5,2,220.58,0.219,185.65
1964,1088,43,3,412.46,0.1125,182.69
1965,1088,5,3,272.49,0.0866,185.65
1966,1089,21,3,179.97,0.2186,94.68
1967,1090,43,1,333.9,0.0605,182.69
1968,1090,44,2,191.7,0.0692,119.7
1969,1090,41,1,333.7,0.0706,180.53
1970,1091,16,1,289.82,0.0734,150.82
1971,1092,45,1,56.72,0.1823,39.57
1972,1092,46,2,122.55,0.1696,81.26
1973,1092,10,2,185.52,0.1952,120.42
1974,1093,5,1,311.41,0.074,185.65
1975,1093,20,2,113.01,0.0848,55.18
1976,1094,12,1,559.29,0.0575,209.52
1977,1094,35,2,184.29,0.1074,79.44
1978,1094,3,1,69.55,0.096,26.91
1979,1095,48,3,133.07,0.0939,66.62
1980,1096,44,1,225.53,0.1043,119.7
1981,1096,45,1,72.93,0.1011,39.57
1982,1097,25,2,21.53,0.1059,16.13
1983,1098,7,1,169.61,0.0769,103.55
1984,1099,37,2,111.83,0.0465,61.9
1985,1099,26,2,360.99,0.0944,164.45
1986,1099,10,2,250.46,0.0678,120.42
1987,1100,46,1,133.92,0.0734,81.26
1988,1101,3,1,49.26,0.0998,26.91
1989,1101,5,1,220.58,0.0884,185.65
1990,1102,7,1,197.88,0.1463,103.55
1991,1103,46,1,165.44,0.1025,81.26
1992,1104,45,1,83.87,0.1086,39.57
1993,1104,39,1,598.55,0.108,144.85
1994,1105,51,2,306.97,0.184,201.19
1995,1106,46,2,133.92,0.1684,81.26
1996,1107,6,1,91.16,0.0628,52.6
1997,1107,8,1,75.51,0.0997,43.6
1998,1107,5,1,311.41,0.077,185.65
1999,1108,21,2,145.69,0.2224,94.68
2000,1108,1,1,139.5,0.2832,91.78
2001,1108,17,1,175.37,0.3522,127.08
2002,1109,33,1,196.62,0.05,122.16
2003,1110,9,2,205.01,0.102,108.49
2004,1111,48,1,133.07,0.0816,66.62
2005,1111,6,1,50.64,0.0491,52.6
2006,1112,15,1,43.34,0.0828,22.05
2007,1112,53,1,286.62,0.0495,152.79
2008,1112,38,1,95.07,0.1033,48.05
2009,1113,5,1,272.49,0.1419,185.65
2010,1113,17,1,216.64,0.221,127.08
2011,1113,20,1,98.88,0.0908,55.18
2012,1114,36,1,149.15,0.1708,66.1
2013,1115,17,1,216.64,0.1632,127.08
2014,1116,49,1,111.11,0.1442,73.39
2015,1117,12,1,419.47,0.0704,209.52
2016,1117,6,1,68.37,0.0462,52.6
2017,1118,5,2,272.49,0.0804,185.65
2018,1119,5,1,259.51,0.0657,185.65
2019,1120,22,2,240.93,0.1039,88.13
2020,1120,38,1,105.64,0.0385,48.05
2021,1120,6,2,75.96,0.0934,52.6
2022,1121,48,1,169.67,0.1873,66.62
2023,1121,5,1,220.58,0.183,185.65
2024,1122,6,1,75.96,0.1374,52.6
2025,1123,16,1,289.82,0.118,150.82
2026,1123,49,1,131.25,0.1007,73.39
2027,1123,23,1,80.83,0.2575,43.89
2028,1124,43,1,333.9,0.0242,182.69
2029,1124,6,1,64.57,0.074,52.6
2030,1125,40,2,115.67,0.1022,53.25
2031,1126,29,2,151.89,0.1288,78.75
2032,1127,52,1,200.89,0.1134,115.34
2033,1127,6,1,59.08,0.0718,52.6
2034,1128,50,1,171.54,0.2197,118.05
2035,1129,13,2,140.67,0.0909,77.45
2036,1130,36,1,105.65,0.0411,66.1
2037,1130,21,2,145.69,0.1043,94.68
2038,1131,36,1,130.51,0.0873,66.1
2039,1131,5,1,272.49,0.1011,185.65
2040,1132,6,3,87.36,0.0529,52.6
2041,1133,46,1,141.8,0.0445,81.26
2042,1134,34,1,61.44,0.1031,37.12
2043,1135,17,2,185.69,0.2274,127.08
2044,1136,49,1,125.0,0.0737,73.39
2045,1137,5,1,192.23,0.2081,185.65
2046,1138,1,2,121.57,0.2144,91.78
2047,1138,5,2,192.23,0.0558,185.65
2048,1138,4,1,201.22,0.0347,160.15
2049,1138,16,2,204.46,0.0884,150.82
2050,1139,20,1,62.78,0.0709,55.18
2051,1140,17,2,129.91,0.1794,127.08
2052,1140,22,1,151.7,0.1097,88.13
2053,1140,20,1,59.3,0.0929,55.18
2054,1141,6,1,68.37,0.1393,52.6
2055,1141,45,1,65.63,0.0838,39.57
2056,1142,5,1,233.56,0.1955,185.65
2057,1142,21,1,154.26,0.2136,94.68
2058,1142,18,3,583.5,0.1669,173.9
2059,1143,48,1,229.55,0.2117,66.62
2060,1144,32,1,285.47,0.2059,130.06
2061,1144,3,3,60.85,0.2293,26.91
2062,1144,13,1,140.67,0.2181,77.45
2063,1145,52,1,271.2,0.0973,115.34
2064,1146,51,1,361.14,0.0709,201.19
2065,1147,5,3,163.4,0.1222,185.65
2066,1147,29,1,91.08,0.0965,78.75
2067,1148,8,1,75.51,0.1605,43.6
2068,1149,6,1,79.76,0.0715,52.6
2069,1149,3,2,60.85,0.0918,26.91
2070,1150,26,3,229.2,0.1756,164.45
2071,1150,5,1,173.01,0.1936,185.65
2072,1150,6,2,50.64,0.2204,52.6
2073,1151,5,1,298.44,0.0449,185.65
2074,1152,9,1,227.79,0.0518,108.49
2075,1152,33,1,230.81,0.0383,122.16
2076,1153,37,1,94.67,0.2317,61.9
2077,1154,39,1,598.55,0.2005,144.85
2078,1154,49,1,143.75,0.2138,73.39
2079,1155,10,1,238.53,0.1435,120.42
2080,1156,25,3,35.91,0.1965,16.13
2081,1156,36,1,130.51,0.1888,66.1
2082,1156,31,1,85.22,0.1821,39.52
2083,1157,47,2,177.41,0.0644,89.54
2084,1157,16,2,245.35,0.0645,150.82
2085,1158,52,1,309.94,0.1905,115.34
2086,1158,4,1,325.98,0.2103,160.15
2087,1159,6,1,75.96,0.203,52.6
2088,1159,17,1,206.32,0.3585,127.08
2089,1160,51,3,307.64,0.0599,201.19
2090,1161,20,1,80.05,0.2043,55.18
2091,1162,21,1,179.97,0.0515,94.68
2092,1163,9,1,193.62,0.0775,108.49
2093,1163,17,1,175.37,0.143,127.08
2094,1164,51,1,433.37,0.2063,201.19
2095,1164,5,3,311.41,0.1934,185.65
2096,1165,12,1,489.38,0.0616,209.52
2097,1166,28,1,262.67,0.1024,142.78
2098,1167,46,1,105.04,0.1693,81.26
2099,1168,12,1,489.38,0.2078,209.52
2100,1168,50,1,211.9,0.2217,118.05
2101,1168,4,1,285.23,0.1614,160.15
2102,1169,49,1,125.0,0.1917,73.39
2103,1169,13,3,133.97,0.2008,77.45
2104,1169,41,1,392.59,0.2138,180.53
2105,1170,15,2,48.15,0.1493,22.05
2106,1170,5,1,259.51,0.132,185.65
2107,1171,3,1,52.16,0.1715,26.91
2108,1171,5,1,233.56,0.2063,185.65
2109,1172,13,1,140.67,0.2096,77.45
2110,1172,25,2,35.91,0.1666,16.13
2111,1173,50,2,171.54,0.1285,118.05
2112,1174,1,1,147.71,0.1236,91.78
2113,1175,5,1,272.49,0.1857,185.65
2114,1176,44,1,225.53,0.0475,119.7
2115,1177,46,2,189.07,0.2332,81.26
2116,1177,16,1,331.23,0.2314,150.82
2117,1178,52,1,219.54,0.0729,115.34
2118,1178,42,1,57.13,0.043,37.56
2119,1179,39,1,598.55,0.0455,144.85
2120,1179,45,1,83.87,0.1022,39.57
2121,1179,17,1,237.27,0.1538,127.08
2122,1179,22,1,277.07,0.0799,88.13
2123,1180,8,1,53.48,0.1954,43.6
2124,1181,5,2,192.23,0.1402,185.65
2125,1181,21,1,126.96,0.0943,94.68
2126,1182,30,1,315.94,0.0829,145.7
2127,1182,38,1,105.64,0.0356,48.05
2128,1183,50,1,201.81,0.039,118.05
2129,1183,45,1,72.93,0.0321,39.57
2130,1184,22,1,187.39,0.24,88.13
2131,1184,4,1,211.28,0.2005,160.15
2132,1185,37,3,127.8,0.1783,61.9
2133,1186,35,1,184.29,0.1686,79.44
2134,1187,51,1,306.97,0.0678,201.19
2135,1187,40,1,98.32,0.0313,53.25
2136,1188,17,3,216.64,0.1707,127.08
2137,1188,28,1,275.8,0.0547,142.78
2138,1189,43,1,392.82,0.1865,182.69
2139,1189,21,1,171.4,0.1662,94.68
2140,1189,35,1,153.58,0.2157,79.44
2141,1189,26,3,343.8,0.237,164.45
2142,1190,43,1,247.33,0.035,182.69
2143,1191,34,1,78.34,0.104,37.12
2144,1191,31,1,68.99,0.0695,39.52
2145,1192,29,1,122.95,0.1191,78.75
2146,1192,8,3,53.48,0.124,43.6
2147,1193,17,1,206.32,0.1863,127.08
2148,1193,52,1,258.28,0.048,115.34
2149,1194,6,2,91.16,0.0732,52.6
2150,1195,50,1,201.81,0.1717,118.05
2151,1195,4,2,271.65,0.1827,160.15
2152,1195,15,2,48.15,0.2137,22.05
2153,1196,45,1,76.57,0.2254,39.57
2154,1197,45,2,65.63,0.1003,39.57
2155,1197,14,1,164.85,0.1042,105.23
2156,1197,10,1,214.68,0.0422,120.42
2157,1198,43,1,471.39,0.1359,182.69
2158,1199,45,1,72.93,0.0391,39.57
2159,1199,23,1,76.98,0.1615,43.89
2160,1199,48,1,199.61,0.0624,66.62
2161,1200,20,1,113.01,0.0945,55.18
2162,1200,8,2,75.51,0.0891,43.6
2163,1201,7,1,169.61,0.103,103.55
2164,1202,14,1,122.11,0.2267,105.23
2165,1202,6,1,50.64,0.1802,52.6
2166,1203,22,1,277.07,0.1974,88.13
2167,1204,38,1,89.79,0.0741,48.05
2168,1205,23,3,88.52,0.3316,43.89
2169,1205,8,2,72.36,0.1938,43.6
2170,1205,13,1,154.07,0.2387,77.45
2171,1205,31,1,93.34,0.1859,39.52
2172,1206,17,2,237.27,0.1667,127.08
2173,1207,47,1,169.65,0.1436,89.54
2174,1208,38,1,126.77,0.2208,48.05
2175,1209,32,1,285.47,0.0877,130.06
2176,1210,6,1,64.57,0.1383,52.6
2177,1210,38,1,89.79,0.1392,48.05
2178,1210,25,1,29.07,0.1222,16.13
2179,1210,17,1,175.37,0.2095,127.08
2180,1211,6,2,64.71,0.0919,52.6
2181,1211,8,1,53.6,0.0966,43.6
2182,1211,7,1,160.54,0.0503,103.55
2183,1212,19,2,431.76,0.1023,137.57
2184,1213,7,1,216.73,0.2275,103.55
2185,1213,44,1,259.36,0.2233,119.7
2186,1213,32,1,312.66,0.223,130.06
2187,1214,5,3,272.49,0.0624,185.65
2188,1214,4,1,285.23,0.0782,160.15
2189,1214,28,1,275.8,0.0646,142.78
2190,1214,36,1,130.51,0.0352,66.1
2191,1215,20,2,80.05,0.1299,55.18
2192,1215,10,2,202.75,0.0829,120.42
2193,1216,9,1,239.17,0.1884,108.49
2194,1216,5,2,272.49,0.1743,185.65
2195,1217,8,3,56.63,0.0872,43.6
2196,1217,6,1,68.37,0.0419,52.6
2197,1217,36,1,111.87,0.0536,66.1
2198,1217,16,2,248.42,0.0653,150.82
2199,1218,3,1,49.26,0.1068,26.91
2200,1218,19,3,431.76,0.0811,137.57
2201,1219,37,2,78.89,0.0333,61.9
2202,1219,6,2,56.27,0.0575,52.6
2203,1220,6,1,68.37,0.1913,52.6
2204,1220,5,1,233.56,0.2238,185.65
2205,1221,20,1,80.05,0.1407,55.18
2206,1222,34,1,71.68,0.0613,37.12
2207,1222,44,3,175.41,0.0581,119.7
2208,1222,29,2,112.51,0.0375,78.75
2209,1223,35,1,184.29,0.2116,79.44
2210,1224,6,1,91.16,0.0718,52.6
2211,1224,5,1,311.41,0.0359,185.65
2212,1224,28,2,315.2,0.0818,142.78
2213,1224,52,1,309.94,0.0805,115.34
2214,1225,23,1,80.83,0.3068,43.89
2215,1226,12,2,489.38,0.2385,209.52
2216,1226,16,2,289.82,0.1959,150.82
2217,1226,47,1,209.56,0.232,89.54
2218,1227,29,3,151.89,0.1834,78.75
2219,1228,25,3,41.03,0.031,16.13
2220,1228,8,2,75.51,0.0605,43.6
2221,1229,52,1,191.32,0.0623,115.34
2222,1229,10,1,176.69,0.1016,120.42
2223,1230,24,1,386.28,0.034,217.31
2224,1230,20,1,80.05,0.1087,55.18
2225,1230,31,1,68.99,0.0722,39.52
2226,1231,39,2,598.55,0.0512,144.85
2227,1231,5,1,298.44,0.0771,185.65
2228,1232,35,2,96.7,0.0401,79.44
2229,1233,9,2,227.79,0.0897,108.49
2230,1234,10,1,238.53,0.0771,120.42
2231,1234,51,3,361.14,0.1005,201.19
2232,1235,3,1,66.65,0.1098,26.91
2233,1235,45,3,83.87,0.1052,39.57
2234,1236,47,2,209.56,0.0851,89.54
2235,1236,14,1,192.33,0.0657,105.23
2236,1236,23,1,80.83,0.1955,43.89
2237,1236,20,1,98.88,0.1004,55.18
2238,1237,49,1,131.25,0.1052,73.39
2239,1238,43,1,412.46,0.1741,182.69
2240,1239,40,2,138.8,0.0795,53.25
2241,1240,34,1,96.77,0.0879,37.12
2242,1240,36,3,130.51,0.1257,66.1
2243,1241,47,2,229.52,0.0964,89.54
2244,1241,32,1,312.66,0.032,130.06
2245,1241,22,3,277.07,0.1068,88.13
2246,1241,42,1,77.3,0.1094,37.56
2247,1242,53,3,334.39,0.2156,152.79
2248,1242,40,3,121.45,0.1853,53.25
2249,1242,30,1,331.74,0.2284,145.7
2250,1242,23,1,80.83,0.341,43.89
2251,1243,51,1,361.14,0.0636,201.19
2252,1244,1,1,121.57,0.3294,91.78
2253,1245,13,1,154.07,0.2285,77.45
2254,1246,12,1,419.47,0.1425,209.52
2255,1247,48,1,155.25,0.163,66.62
2256,1247,36,2,96.67,0.2318,66.1
2257,1247,52,1,200.89,0.1886,115.34
2258,1248,23,1,76.98,0.1831,43.89
2259,1249,50,1,211.9,0.1774,118.05
2260,1249,1,1,172.33,0.3061,91.78
2261,1250,28,1,275.8,0.2109,142.78
2262,1251,48,1,169.67,0.0358,66.62
2263,1252,47,2,147.84,0.1646,89.54
2264,1252,1,1,121.57,0.3254,91.78
2265,1253,37,2,127.8,0.1771,61.9
2266,1254,40,2,104.1,0.0548,53.25
2267,1255,21,2,154.26,0.0522,94.68
2268,1256,15,3,40.93,0.0517,22.05
2269,1256,39,2,442.41,0.1043,144.85
2270,1257,27,1,226.76,0.1906,88.49
2271,1258,22,2,240.93,0.0715,88.13
2272,1258,46,2,157.56,0.0504,81.26
2273,1258,35,2,153.58,0.0809,79.44
2274,1259,6,2,79.76,0.0369,52.6
2275,1259,45,1,76.57,0.0775,39.57
2276,1259,38,2,110.92,0.0768,48.05
2277,1260,13,1,99.24,0.1156,77.45
2278,1260,14,1,135.68,0.0902,105.23
2279,1260,6,2,56.27,0.0723,52.6
2280,1260,50,1,149.49,0.1175,118.05
2281,1261,24,1,386.28,0.2258,217.31
2282,1261,8,2,53.48,0.2222,43.6
2283,1262,1,1,196.94,0.2654,91.78
2284,1262,5,1,311.41,0.2009,185.65
2285,1262,24,3,545.34,0.1699,217.31
2286,1263,24,1,286.14,0.2122,217.31
2287,1263,21,1,107.92,0.2039,94.68
2288,1263,6,1,47.83,0.1766,52.6
2289,1263,30,1,198.93,0.1821,145.7
2290,1264,27,1,201.56,0.1856,88.49
2291,1265,5,1,259.51,0.23,185.65
2292,1265,50,3,201.81,0.2089,118.05
2293,1265,42,1,67.22,0.2204,37.56
2294,1266,47,1,155.23,0.083,89.54
2295,1266,23,1,59.87,0.197,43.89
2296,1266,16,1,214.68,0.0343,150.82
2297,1266,6,1,59.08,0.0453,52.6
2298,1267,33,3,207.73,0.0469,122.16
2299,1268,9,1,205.01,0.047,108.49
2300,1269,25,1,34.2,0.0469,16.13
2301,1270,8,1,72.36,0.068,43.6
2302,1270,26,1,395.38,0.0643,164.45
2303,1271,45,3,72.93,0.0497,39.57
2304,1272,26,2,360.99,0.0908,164.45
2305,1273,5,3,259.51,0.0453,185.65
2306,1274,24,2,386.28,0.0549,217.31
2307,1275,46,2,165.44,0.0383,81.26
2308,1276,32,1,326.25,0.1809,130.06
2309,1276,38,2,126.77,0.1615,48.05
2310,1277,45,3,56.72,0.1711,39.57
2311,1277,3,1,45.08,0.2132,26.91
2312,1277,26,3,267.4,0.2278,164.45
2313,1277,6,1,59.08,0.2058,52.6
2314,1278,6,1,87.36,0.2261,52.6
2315,1278,47,1,229.52,0.2266,89.54
2316,1278,11,1,282.88,0.2308,139.55
2317,1279,6,1,79.76,0.099,52.6
2318,1279,5,1,272.49,0.1082,185.65
2319,1280,5,1,311.41,0.2335,185.65
2320,1281,42,2,57.13,0.1011,37.56
2321,1281,45,1,61.99,0.0706,39.57
2322,1282,35,1,130.54,0.054,79.44
2323,1283,3,1,60.85,0.0676,26.91
2324,1283,52,1,271.2,0.0758,115.34
2325,1284,40,1,77.11,0.2252,53.25
2326,1285,17,2,185.69,0.1835,127.08
2327,1285,24,1,409.01,0.075,217.31
2328,1286,9,1,239.17,0.2317,108.49
2329,1286,6,2,79.76,0.1649,52.6
2330,1287,44,1,236.81,0.1653,119.7
2331,1287,36,1,130.51,0.1727,66.1
2332,1287,5,2,272.49,0.1792,185.65
2333,1288,28,1,275.8,0.0798,142.78
2334,1288,17,1,216.64,0.1841,127.08
2335,1289,49,1,97.22,0.1266,73.39
2336,1289,6,1,59.08,0.127,52.6
2337,1289,44,2,175.41,0.0914,119.7
2338,1290,12,1,559.29,0.237,209.52
2339,1291,14,1,219.8,0.0408,105.23
2340,1291,38,1,126.77,0.0387,48.05
2341,1292,3,1,69.55,0.0695,26.91
2342,1292,39,1,624.57,0.0716,144.85
2343,1292,6,1,91.16,0.0565,52.6
2344,1293,53,1,382.16,0.1068,152.79
2345,1293,20,1,113.01,0.1226,55.18
2346,1293,51,1,433.37,0.0784,201.19
2347,1294,9,3,193.62,0.0661,108.49
2348,1294,20,1,80.05,0.0702,55.18
2349,1295,34,1,105.99,0.198,37.12
2350,1296,41,1,412.22,0.0723,180.53
2351,1296,8,1,66.07,0.0483,43.6
2352,1297,38,1,105.64,0.1076,48.05
2353,1298,5,1,259.51,0.0551,185.65
2354,1299,28,3,275.8,0.2356,142.78
2355,1300,11,1,245.98,0.059,139.55
2356,1301,20,2,69.76,0.1936,55.18
2357,1301,9,1,168.73,0.1647,108.49
2358,1301,39,1,385.54,0.1636,144.85
2359,1302,31,1,81.16,0.2013,39.52
2360,1303,38,1,110.92,0.2212,48.05
2361,1303,42,1,70.58,0.2366,37.56
2362,1304,31,2,73.05,0.099,39.52
2363,1305,5,1,272.49,0.2038,185.65
2364,1306,27,1,192.75,0.0859,88.49
2365,1306,8,1,53.48,0.0885,43.6
2366,1306,42,3,57.13,0.09,37.56
2367,1307,6,3,79.76,0.1771,52.6
2368,1308,44,2,259.36,0.2217,119.7
2369,1308,5,1,298.44,0.2152,185.65
2370,1309,27,1,226.76,0.0859,88.49
2371,1309,5,3,259.51,0.036,185.65
2372,1309,47,1,199.58,0.0491,89.54
2373,1310,29,3,122.95,0.109,78.75
2374,1311,26,1,309.42,0.0898,164.45
2375,1311,8,1,56.63,0.0542,43.6
2376,1312,37,1,90.53,0.2212,61.9
2377,1312,39,1,442.41,0.1982,144.85
2378,1313,35,1,153.58,0.0838,79.44
2379,1313,26,1,343.8,0.0968,164.45
2380,1313,2,1,358.37,0.0796,137.72
2381,1313,14,1,183.17,0.0589,105.23
2382,1314,28,1,223.27,0.2389,142.78
2383,1315,5,1,233.56,0.0691,185.65
2384,1315,38,1,95.07,0.0909,48.05
2385,1315,41,1,353.33,0.0572,180.53
2386,1315,14,1,164.85,0.0875,105.23
2387,1316,5,3,220.58,0.0665,185.65
2388,1317,44,1,191.7,0.1414,119.7
2389,1318,17,1,137.55,0.3179,127.08
2390,1318,8,2,41.95,0.185,43.6
2391,1318,45,1,48.62,0.2248,39.57
2392,1319,49,1,131.25,0.0942,73.39
2393,1320,39,3,624.57,0.2001,144.85
2394,1320,38,1,126.77,0.2272,48.05
2395,1320,5,1,311.41,0.1934,185.65
2396,1320,7,1,226.15,0.188,103.55
2397,1321,18,3,680.75,0.1732,173.9
2398,1321,30,3,331.74,0.1914,145.7
2399,1321,36,2,130.51,0.2058,66.1
2400,1322,16,1,289.82,0.2029,150.82
2401,1323,45,1,87.51,0.2345,39.57
2402,1324,6,1,79.76,0.0911,52.6
2403,1325,43,1,471.39,0.1652,182.69
2404,1326,49,2,78.7,0.1058,73.39
2405,1326,4,1,171.04,0.0894,160.15
2406,1326,37,1,67.06,0.0805,61.9
2407,1327,6,2,75.96,0.0918,52.6
2408,1328,31,1,51.1,0.1939,39.52
2409,1328,29,1,91.08,0.24,78.75
2410,1329,1,2,139.5,0.1866,91.78
2411,1330,9,1,227.79,0.0627,108.49
2412,1330,53,1,318.47,0.0633,152.79
2413,1331,1,1,139.5,0.2176,91.78
2414,1332,15,2,50.56,0.0728,22.05
2415,1332,13,3,140.67,0.1219,77.45
2416,1333,10,1,214.68,0.2174,120.42
2417,1333,12,1,419.47,0.1665,209.52
2418,1333,4,1,244.48,0.1902,160.15
2419,1334,15,1,43.34,0.0836,22.05
2420,1335,17,1,216.64,0.3065,127.08
2421,1336,27,2,238.1,0.2336,88.49
2422,1337,9,1,227.79,0.1717,108.49
2423,1338,42,1,57.13,0.0893,37.56
2424,1338,47,1,169.65,0.0938,89.54
2425,1338,15,1,40.93,0.0693,22.05
2426,1338,6,2,64.57,0.0455,52.6
2427,1339,51,2,325.02,0.2005,201.19
2428,1339,1,2,147.71,0.3084,91.78
2429,1340,1,1,188.74,0.1895,91.78
2430,1341,26,2,360.99,0.2091,164.45
2431,1342,7,1,169.61,0.1909,103.55
2432,1342,46,2,141.8,0.1672,81.26
2433,1342,45,1,65.63,0.1709,39.57
2434,1343,6,1,87.36,0.1079,52.6
2435,1343,50,2,232.08,0.0686,118.05
2436,1344,35,1,113.76,0.0996,79.44
2437,1344,40,2,85.68,0.064,53.25
2438,1344,47,2,147.84,0.0994,89.54
2439,1344,33,3,170.97,0.1062,122.16
2440,1345,5,1,311.41,0.1755,185.65
2441,1346,8,1,56.63,0.2199,43.6
2442,1347,29,1,144.65,0.086,78.75
2443,1347,36,2,124.29,0.0309,66.1
2444,1348,31,1,93.34,0.0581,39.52
2445,1349,18,2,583.5,0.2038,173.9
2446,1350,52,1,219.54,0.083,115.34
2447,1351,32,1,231.1,0.0485,130.06
2448,1351,12,3,396.16,0.0698,209.52
2449,1352,29,3,151.89,0.0522,78.75
2450,1352,27,2,238.1,0.0765,88.49
2451,1353,1,2,164.12,0.1456,91.78
2452,1353,22,1,240.93,0.0485,88.13
2453,1353,7,3,188.46,0.0392,103.55
2454,1354,13,1,133.97,0.0395,77.45
2455,1354,16,1,276.02,0.0742,150.82
2456,1354,37,1,106.5,0.0321,61.9
2457,1354,5,2,259.51,0.0316,185.65
2458,1355,14,1,155.69,0.0479,105.23
2459,1356,1,1,139.5,0.2347,91.78
2460,1356,37,1,90.53,0.1234,61.9
2461,1356,22,1,204.79,0.1159,88.13
2462,1357,38,2,105.64,0.1002,48.05
2463,1357,53,2,318.47,0.1016,152.79
2464,1358,15,1,40.93,0.0457,22.05
2465,1358,25,1,29.07,0.0478,16.13
2466,1359,27,1,238.1,0.2035,88.49
2467,1360,36,1,78.26,0.2062,66.1
2468,1360,40,1,72.83,0.2013,53.25
2469,1361,17,1,247.58,0.2149,127.08
2470,1362,23,1,80.83,0.1988,43.89
2471,1363,21,2,171.4,0.0551,94.68
2472,1364,17,1,216.64,0.1609,127.08
2473,1365,6,3,64.57,0.2089,52.6
2474,1366,49,1,106.25,0.2278,73.39
2475,1367,6,1,64.57,0.0694,52.6
2476,1367,5,1,220.58,0.0377,185.65
2477,1368,29,1,151.89,0.092,78.75
2478,1369,31,3,73.05,0.0807,39.52
2479,1370,12,1,397.03,0.0551,209.52
2480,1371,5,1,233.56,0.1407,185.65
2481,1371,21,2,154.26,0.0893,94.68
2482,1372,26,1,412.57,0.0639,164.45
2483,1372,6,1,91.16,0.078,52.6
2484,1372,5,2,311.41,0.0442,185.65
2485,1372,38,1,126.77,0.0736,48.05
2486,1373,29,1,151.89,0.1692,78.75
2487,1374,49,1,112.5,0.0938,73.39
2488,1374,29,1,130.19,0.0626,78.75
2489,1374,46,1,141.8,0.0768,81.26
2490,1375,8,3,62.92,0.2321,43.6
2491,1376,6,2,75.96,0.1072,52.6
2492,1377,9,1,193.62,0.1791,108.49
2493,1377,16,1,234.62,0.2272,150.82
2494,1377,43,1,333.9,0.1706,182.69
2495,1378,1,1,103.33,0.159,91.78
2496,1378,5,2,163.4,0.0904,185.65
2497,1379,17,1,206.32,0.2126,127.08
2498,1379,49,1,125.0,0.0902,73.39
2499,1379,53,2,318.47,0.1047,152.79
2500,1380,49,3,143.75,0.0849,73.39
2501,1381,12,2,396.16,0.2198,209.52
2502,1382,42,1,67.22,0.1837,37.56
2503,1382,46,1,157.56,0.1988,81.26
2504,1382,3,2,57.96,0.2361,26.91
2505,1383,25,1,29.07,0.1005,16.13
2506,1384,1,1,172.33,0.1316,91.78
2507,1384,32,1,285.47,0.0475,130.06
2508,1384,10,1,250.46,0.1038,120.42
2509,1385,21,1,197.11,0.137,94.68
2510,1385,13,2,154.07,0.1132,77.45
2511,1386,34,1,92.16,0.1245,37.12
2512,1387,1,1,172.33,0.1734,91.78
2513,1388,6,1,87.36,0.1419,52.6
2514,1388,43,1,451.75,0.1015,182.69
2515,1389,23,1,51.32,0.2088,43.89
2516,1390,12,3,559.29,0.0838,209.52
2517,1390,23,1,92.37,0.1424,43.89
2518,1390,5,1,311.41,0.0544,185.65
2519,1391,52,1,309.94,0.0949,115.34
2520,1392,7,1,188.46,0.0342,103.55
2521,1392,23,1,76.98,0.119,43.89
2522,1392,12,1,466.07,0.0302,209.52
2523,1393,14,1,183.17,0.0304,105.23
2524,1393,31,1,81.16,0.0638,39.52
2525,1394,31,1,68.99,0.0905,39.52
2526,1395,1,1,164.12,0.2307,91.78
2527,1395,13,2,133.97,0.0414,77.45
2528,1395,46,1,157.56,0.0784,81.26
2529,1395,5,1,259.51,0.0539,185.65
2530,1396,19,1,431.76,0.0749,137.57
2531,1396,46,2,133.92,0.0777,81.26
2532,1397,12,3,466.07,0.1793,209.52
2533,1398,26,2,360.99,0.1037,164.45
2534,1399,40,2,98.32,0.0884,53.25
2535,1399,18,2,551.09,0.0729,173.9
2536,1400,25,1,34.2,0.0628,16.13
2537,1400,9,1,227.79,0.0852,108.49
2538,1401,23,3,80.83,0.224,43.89
2539,1401,51,1,379.2,0.1109,201.19
2540,1402,51,1,306.97,0.1815,201.19
2541,1402,31,1,68.99,0.1746,39.52
2542,1403,41,1,353.33,0.079,180.53
2543,1403,26,1,309.42,0.1095,164.45
2544,1403,7,1,169.61,0.0869,103.55
2545,1403,1,1,147.71,0.1572,91.78
2546,1404,21,2,145.69,0.097,94.68
2547,1404,7,2,160.19,0.0519,103.55
2548,1404,38,1,89.79,0.0631,48.05
2549,1404,8,1,53.48,0.0434,43.6
2550,1405,18,2,745.59,0.1654,173.9
2551,1405,32,1,312.66,0.2257,130.06
2552,1405,52,1,297.02,0.2165,115.34
2553,1406,3,1,57.96,0.142,26.91
2554,1406,23,1,76.98,0.2139,43.89
2555,1406,5,1,259.51,0.1239,185.65
2556,1407,8,1,53.48,0.188,43.6
2557,1407,17,1,175.37,0.3306,127.08
2558,1408,4,1,230.9,0.107,160.15
2559,1408,45,3,61.99,0.0956,39.57
2560,1409,43,2,261.88,0.0886,182.69
2561,1409,47,1,133.06,0.0364,89.54
2562,1409,35,1,102.38,0.0342,79.44
2563,1409,5,1,173.01,0.0615,185.65
2564,1410,38,2,121.48,0.1993,48.05
2565,1410,17,1,237.27,0.3557,127.08
2566,1411,45,1,56.72,0.0377,39.57
2567,1411,48,1,155.25,0.077,66.62
2568,1412,7,1,226.15,0.1497,103.55
2569,1413,51,1,325.02,0.2278,201.19
2570,1413,52,1,232.45,0.1897,115.34
2571,1414,44,1,225.53,0.1073,119.7
2572,1414,15,1,48.15,0.0844,22.05
2573,1414,47,1,199.58,0.0513,89.54
2574,1414,12,1,466.07,0.1083,209.52
2575,1415,38,1,95.07,0.1045,48.05
2576,1415,17,2,185.69,0.1636,127.08
2577,1415,29,1,130.19,0.0572,78.75
2578,1415,5,1,233.56,0.0704,185.65
2579,1416,34,1,82.95,0.0316,37.12
2580,1417,46,1,157.56,0.2303,81.26
2581,1418,3,1,52.16,0.1046,26.91
2582,1419,45,1,54.02,0.1327,39.57
2583,1419,42,1,49.79,0.1211,37.56
2584,1420,16,2,317.42,0.1949,150.82
2585,1420,32,2,312.66,0.2166,130.06
2586,1420,5,1,298.44,0.2063,185.65
2587,1421,23,2,69.28,0.1693,43.89
2588,1422,22,1,187.39,0.0887,88.13
2589,1422,16,1,214.68,0.0571,150.82
2590,1423,9,3,227.79,0.1071,108.49
2591,1423,49,1,125.0,0.108,73.39
2592,1423,8,1,62.92,0.0475,43.6
2593,1424,5,1,259.51,0.1745,185.65
2594,1425,45,1,72.93,0.1967,39.57
2595,1426,42,2,57.13,0.0959,37.56
2596,1426,14,1,155.69,0.1469,105.23
2597,1427,21,2,179.97,0.0323,94.68
2598,1427,26,2,360.99,0.0612,164.45
2599,1428,3,1,57.96,0.1145,26.91
2600,1429,36,2,130.51,0.0661,66.1
2601,1429,40,1,121.45,0.0548,53.25
2602,1430,46,1,165.44,0.1347,81.26
2603,1430,5,1,272.49,0.1007,185.65
2604,1430,17,1,216.64,0.2218,127.08
2605,1430,24,2,477.17,0.0972,217.31
2606,1431,5,1,311.41,0.0913,185.65
2607,1432,3,1,49.26,0.0548,26.91
2608,1432,9,1,193.62,0.0958,108.49
2609,1433,12,1,466.07,0.1499,209.52
2610,1433,28,1,262.67,0.1458,142.78
2611,1433,5,2,259.51,0.1478,185.65
2612,1434,18,1,648.34,0.1654,173.9
2613,1435,8,1,53.48,0.0946,43.6
2614,1436,8,3,72.36,0.0853,43.6
2615,1436,46,1,181.19,0.0303,81.26
2616,1436,38,1,121.48,0.046,48.05
2617,1437,12,1,535.99,0.0441,209.52
2618,1438,23,1,65.43,0.1588,43.89
2619,1438,13,1,113.88,0.0534,77.45
2620,1438,8,1,53.48,0.0925,43.6
2621,1439,25,1,29.07,0.2326,16.13
2622,1439,40,2,98.32,0.2231,53.25
2623,1440,17,2,185.69,0.1711,127.08
2624,1440,18,1,583.5,0.0971,173.9
2625,1441,4,1,325.98,0.0855,160.15
2626,1441,13,1,160.77,0.0911,77.45
2627,1441,37,1,127.8,0.0976,61.9
2628,1442,45,2,87.51,0.2124,39.57
2629,1442,5,1,311.41,0.2379,185.65
2630,1443,1,1,147.71,0.1633,91.78
2631,1443,27,1,204.08,0.0454,88.49
2632,1443,46,1,141.8,0.0614,81.26
2633,1444,1,1,196.94,0.2618,91.78
2634,1444,8,1,75.51,0.0866,43.6
2635,1445,23,1,76.98,0.1969,43.89
2636,1445,8,1,62.92,0.0945,43.6
2637,1445,6,1,75.96,0.0775,52.6
2638,1446,16,1,331.23,0.2065,150.82
2639,1446,40,2,138.8,0.1617,53.25
2640,1447,18,1,680.75,0.0569,173.9
2641,1448,8,1,39.62,0.0337,43.6
2642,1448,7,1,118.66,0.06,103.55
2643,1448,29,2,91.08,0.0946,78.75
2644,1449,42,1,60.49,0.0339,37.56
2645,1450,49,1,125.0,0.0726,73.39
2646,1451,47,1,179.63,0.1729,89.54
2647,1451,18,1,583.5,0.217,173.9
2648,1452,49,1,143.75,0.1098,73.39
2649,1453,17,2,216.64,0.3293,127.08
2650,1453,43,1,412.46,0.1625,182.69
2651,1454,43,1,353.54,0.2166,182.69
2652,1454,31,1,73.05,0.1673,39.52
2653,1455,52,2,219.54,0.1978,115.34
2654,1456,5,1,259.51,0.0355,185.65
2655,1457,5,1,220.58,0.093,185.65
2656,1457,32,1,231.1,0.086,130.06
2657,1458,36,1,105.65,0.2369,66.1
2658,1459,2,2,412.13,0.0603,137.72
2659,1459,47,1,229.52,0.0887,89.54
2660,1460,49,1,92.59,0.2244,73.39
2661,1461,3,2,57.96,0.184,26.91
2662,1462,21,1,171.4,0.0748,94.68
2663,1462,12,1,466.07,0.0425,209.52
2664,1463,9,1,239.17,0.188,108.49
2665,1464,5,3,298.44,0.086,185.65
2666,1464,3,1,66.65,0.1051,26.91
2667,1464,10,1,274.31,0.1083,120.42
2668,1464,28,1,302.07,0.0903,142.78
2669,1465,5,2,233.56,0.0426,185.65
2670,1465,4,1,244.48,0.1083,160.15
2671,1466,35,1,153.58,0.1164,79.44
2672,1467,12,2,559.29,0.196,209.52
2673,1467,5,1,311.41,0.1622,185.65
2674,1467,17,1,247.58,0.3045,127.08
2675,1468,49,1,97.22,0.0769,73.39
2676,1468,5,2,201.84,0.0409,185.65
2677,1468,16,2,214.68,0.0788,150.82
2678,1469,5,1,311.41,0.1857,185.65
2679,1470,29,1,173.58,0.0827,78.75
2680,1471,1,1,172.33,0.1703,91.78
2681,1472,45,1,61.99,0.142,39.57
2682,1473,14,2,164.85,0.044,105.23
2683,1473,45,2,65.63,0.0653,39.57
2684,1474,45,3,65.63,0.0476,39.57
2685,1475,6,1,64.57,0.2154,52.6
2686,1475,51,1,306.97,0.2314,201.19
2687,1476,51,1,267.51,0.2391,201.19
2688,1476,52,3,191.32,0.2112,115.34
2689,1477,33,3,153.87,0.067,122.16
2690,1477,6,2,50.64,0.0672,52.6
2691,1477,3,1,38.64,0.0319,26.91
2692,1477,5,1,173.01,0.0649,185.65
2693,1478,51,1,240.76,0.2215,201.19
2694,1478,17,1,137.55,0.2921,127.08
2695,1478,34,2,61.44,0.2347,37.12
2696,1478,8,1,41.95,0.1984,43.6
2697,1479,23,1,80.83,0.3326,43.89
2698,1480,15,1,50.56,0.0676,22.05
2699,1481,43,2,392.82,0.0629,182.69
2700,1482,18,1,583.5,0.146,173.9
2701,1482,23,1,69.28,0.1988,43.89
2702,1483,22,1,240.93,0.1384,88.13
2703,1483,47,1,199.58,0.1267,89.54
2704,1484,27,2,192.75,0.0729,88.49
2705,1485,30,1,268.55,0.0904,145.7
2706,1486,27,3,192.75,0.1158,88.49
2707,1487,17,1,216.64,0.3336,127.08
2708,1488,24,1,522.62,0.0833,217.31
2709,1489,40,3,115.67,0.0981,53.25
2710,1490,6,2,68.37,0.1372,52.6
2711,1490,8,1,56.63,0.1396,43.6
2712,1491,44,1,236.81,0.2025,119.7
2713,1491,50,1,211.9,0.1999,118.05
2714,1492,5,2,259.51,0.0753,185.65
2715,1493,36,2,149.15,0.1761,66.1
2716,1494,52,1,172.19,0.0306,115.34
2717,1495,28,1,262.67,0.0515,142.78
2718,1495,32,1,271.88,0.0657,130.06
2719,1496,17,3,175.37,0.3368,127.08
2720,1496,46,1,133.92,0.2348,81.26
2721,1497,3,1,60.85,0.1008,26.91
2722,1497,28,2,275.8,0.0779,142.78
2723,1497,14,1,192.33,0.068,105.23
2724,1498,3,3,60.85,0.0706,26.91
2725,1499,7,1,226.15,0.0452,103.55
2726,1500,42,2,67.22,0.1012,37.56
2727,1501,9,1,205.01,0.2387,108.49
2728,1502,32,1,271.88,0.1761,130.06
2729,1502,7,1,188.46,0.1719,103.55
2730,1503,13,2,113.88,0.0786,77.45
2731,1504,30,1,284.35,0.0402,145.7
2732,1505,53,1,286.62,0.204,152.79
2733,1506,8,2,53.48,0.1219,43.6
2734,1507,42,1,80.66,0.1029,37.56
2735,1507,14,2,219.8,0.1336,105.23
2736,1507,1,1,196.94,0.2518,91.78
2737,1508,20,1,84.76,0.052,55.18
2738,1509,5,1,220.58,0.0703,185.65
2739,1509,41,1,333.7,0.069,180.53
2740,1510,40,1,138.8,0.0884,53.25
2741,1510,47,1,239.5,0.0362,89.54
2742,1510,27,1,272.11,0.0539,88.49
2743,1511,40,1,121.45,0.0856,53.25
2744,1512,8,3,53.48,0.0661,43.6
2745,1512,3,1,49.26,0.0717,26.91
2746,1512,5,1,220.58,0.0555,185.65
2747,1513,8,2,66.07,0.046,43.6
2748,1514,6,3,56.27,0.0862,52.6
2749,1515,45,1,62.12,0.073,39.57
2750,1515,21,1,146.0,0.1012,94.68
2751,1516,47,1,229.52,0.0325,89.54
2752,1517,53,1,366.23,0.0391,152.79
2753,1517,47,1,229.52,0.0439,89.54
2754,1518,45,1,54.02,0.2133,39.57
2755,1519,23,2,88.52,0.3174,43.89
2756,1520,5,1,272.49,0.0513,185.65
2757,1520,18,1,680.75,0.1066,173.9
2758,1521,3,1,57.96,0.1198,26.91
2759,1522,51,1,240.76,0.0399,201.19
2760,1522,12,1,310.72,0.0516,209.52
2761,1522,5,1,173.01,0.106,185.65
2762,1523,8,1,56.63,0.188,43.6
2763,1523,1,3,147.71,0.3236,91.78
2764,1524,11,2,182.21,0.0712,139.55
2765,1525,8,1,66.07,0.2218,43.6
2766,1526,5,1,233.56,0.0484,185.65
2767,1526,16,1,248.42,0.0922,150.82
2768,1526,8,3,56.63,0.0559,43.6
2769,1526,20,1,84.76,0.0506,55.18
2770,1527,5,2,298.44,0.0765,185.65
2771,1528,25,1,29.07,0.0523,16.13
2772,1528,12,1,396.16,0.0473,209.52
2773,1529,49,1,125.0,0.0901,73.39
2774,1530,6,1,75.96,0.0535,52.6
2775,1531,49,2,131.25,0.0985,73.39
2776,1532,49,1,106.25,0.1057,73.39
2777,1533,8,1,75.51,0.0883,43.6
2778,1533,9,1,273.34,0.1243,108.49
2779,1533,33,2,276.97,0.124,122.16
2780,1534,8,1,56.63,0.0504,43.6
2781,1535,3,2,49.26,0.2295,26.91
2782,1535,52,1,219.54,0.1749,115.34
2783,1536,53,2,286.62,0.2206,152.79
2784,1536,8,1,56.63,0.1678,43.6
2785,1537,39,1,442.41,0.0588,144.85
2786,1538,49,3,112.5,0.041,73.39
2787,1538,46,1,141.8,0.0344,81.26
2788,1538,1,1,147.71,0.1798,91.78
2789,1539,28,1,275.8,0.057,142.78
2790,1540,25,1,35.91,0.0728,16.13
2791,1541,29,1,151.89,0.0814,78.75
2792,1542,5,1,298.44,0.0471,185.65
2793,1543,17,1,206.32,0.2783,127.08
2794,1544,37,1,127.8,0.084,61.9
2795,1545,7,1,169.61,0.058,103.55
2796,1545,15,1,43.34,0.0333,22.05
2797,1546,45,1,83.87,0.0712,39.57
2798,1546,1,1,188.74,0.1328,91.78
2799,1547,38,1,89.79,0.1019,48.05
2800,1547,25,2,29.07,0.0389,16.13
2801,1547,8,2,53.48,0.0657,43.6
2802,1548,22,1,289.12,0.0656,88.13
2803,1549,28,2,223.27,0.0747,142.78
2804,1549,16,1,234.62,0.0314,150.82
2805,1549,52,1,219.54,0.0738,115.34
2806,1549,10,1,202.75,0.0632,120.42
2807,1550,3,1,69.55,0.236,26.91
2808,1550,1,2,196.94,0.2621,91.78
2809,1551,51,1,415.31,0.2079,201.19
2810,1552,1,1,188.74,0.2015,91.78
2811,1553,46,1,141.8,0.0534,81.26
2812,1554,5,2,311.41,0.2396,185.65
2813,1554,46,1,189.07,0.1675,81.26
2814,1554,32,1,326.25,0.1859,130.06
2815,1555,21,1,205.68,0.0849,94.68
2816,1555,24,1,545.34,0.0933,217.31
2817,1556,1,1,172.33,0.2275,91.78
2818,1556,5,1,272.49,0.0425,185.65
2819,1557,51,2,306.97,0.0802,201.19
2820,1557,1,1,139.5,0.1579,91.78
2821,1558,14,2,183.17,0.0865,105.23
2822,1559,23,1,76.98,0.2661,43.89
2823,1560,29,2,166.35,0.0953,78.75
2824,1561,1,1,188.74,0.2804,91.78
2825,1562,47,1,209.56,0.098,89.54
2826,1562,1,1,172.33,0.2022,91.78
2827,1563,32,1,326.25,0.1256,130.06
2828,1564,14,1,210.64,0.0578,105.23
2829,1564,32,2,312.66,0.0548,130.06
2830,1565,53,1,334.39,0.2074,152.79
2831,1566,23,3,65.43,0.2202,43.89
2832,1567,6,1,79.76,0.0613,52.6
2833,1567,30,2,331.74,0.1019,145.7
2834,1567,25,1,35.91,0.0606,16.13
2835,1568,9,2,193.62,0.0615,108.49
2836,1568,8,1,53.48,0.0728,43.6
2837,1568,21,1,145.69,0.1032,94.68
2838,1568,24,2,386.28,0.0664,217.31
2839,1569,50,1,201.81,0.1082,118.05
2840,1569,7,2,188.46,0.0883,103.55
2841,1570,18,1,648.34,0.0537,173.9
2842,1571,5,3,233.56,0.0774,185.65
2843,1571,9,1,205.01,0.0641,108.49
2844,1572,53,1,334.39,0.0731,152.79
2845,1572,46,3,165.44,0.0738,81.26
2846,1573,13,1,140.67,0.2268,77.45
2847,1574,35,1,184.29,0.1708,79.44
2848,1574,4,1,325.98,0.2083,160.15
2849,1574,49,1,150.0,0.206,73.39
2850,1575,14,2,183.17,0.0311,105.23
2851,1575,16,1,276.02,0.1039,150.82
2852,1576,3,1,69.55,0.1628,26.91
2853,1576,7,2,226.15,0.2336,103.55
2854,1577,27,3,142.77,0.0684,88.49
2855,1577,21,1,107.92,0.0912,94.68
2856,1577,24,1,286.14,0.0869,217.31
2857,1577,17,1,129.91,0.1702,127.08
2858,1578,46,1,140.05,0.1195,81.26
2859,1578,47,1,177.41,0.0924,89.54
2860,1578,22,1,214.16,0.0875,88.13
2861,1579,6,1,75.96,0.0545,52.6
2862,1579,5,1,259.51,0.0501,185.65
2863,1579,12,1,466.07,0.0609,209.52
2864,1580,41,2,333.7,0.0864,180.53
2865,1581,46,3,133.92,0.038,81.26
2866,1581,30,1,268.55,0.1082,145.7
2867,1582,36,2,82.86,0.2248,66.1
2868,1582,5,1,173.01,0.1841,185.65
2869,1582,3,2,38.64,0.202,26.91
2870,1583,44,1,259.36,0.0583,119.7
2871,1584,16,1,276.02,0.04,150.82
2872,1584,37,1,106.5,0.0469,61.9
2873,1584,4,1,271.65,0.0818,160.15
2874,1585,28,1,223.27,0.0558,142.78
2875,1585,1,1,139.5,0.144,91.78
2876,1585,12,1,396.16,0.0474,209.52
2877,1586,11,1,245.98,0.1079,139.55
2878,1587,24,1,545.34,0.0677,217.31
2879,1587,13,1,160.77,0.0512,77.45
2880,1588,51,1,306.97,0.0757,201.19
2881,1588,34,1,78.34,0.1432,37.12
2882,1588,12,1,396.16,0.1429,209.52
2883,1589,46,2,165.44,0.2095,81.26
2884,1589,36,1,130.51,0.2337,66.1
2885,1589,5,1,272.49,0.1792,185.65
2886,1590,35,1,130.54,0.1291,79.44
2887,1590,8,1,53.48,0.1344,43.6
2888,1590,12,2,396.16,0.1211,209.52
2889,1590,15,2,40.93,0.0837,22.05
2890,1591,26,3,229.2,0.2285,164.45
2891,1591,44,1,150.35,0.2309,119.7
2892,1591,52,1,172.19,0.2281,115.34
2893,1592,16,1,331.23,0.2139,150.82
2894,1593,45,1,61.99,0.1139,39.57
2895,1593,12,1,396.16,0.0918,209.52
2896,1594,50,2,171.54,0.1989,118.05
2897,1595,36,1,149.15,0.0832,66.1
2898,1595,28,1,315.2,0.0701,142.78
2899,1596,45,1,72.93,0.0901,39.57
2900,1597,52,2,271.2,0.2398,115.34
2901,1597,9,1,239.17,0.1848,108.49
2902,1598,12,1,559.29,0.0476,209.52
2903,1599,7,1,118.66,0.1046,103.55
2904,1599,29,2,91.08,0.0467,78.75
2905,1599,45,1,45.92,0.0444,39.57
2906,1600,5,2,311.41,0.2043,185.65
2907,1600,24,3,545.34,0.1681,217.31
2908,1601,12,1,559.29,0.085,209.52
2909,1602,24,1,454.45,0.0524,217.31
2910,1602,12,1,466.07,0.0442,209.52
2911,1603,20,1,84.76,0.1947,55.18
2912,1603,17,1,185.69,0.3427,127.08
2913,1604,8,1,72.36,0.0952,43.6
2914,1605,49,1,125.0,0.2198,73.39
2915,1606,31,1,97.39,0.0856,39.52
2916,1606,6,3,91.16,0.0784,52.6
2917,1606,5,2,311.41,0.12,185.65
2918,1606,49,1,150.0,0.0971,73.39
2919,1607,38,1,126.77,0.0532,48.05
2920,1608,5,1,298.44,0.092,185.65
2921,1608,8,3,72.36,0.1024,43.6
2922,1609,21,1,114.26,0.0835,94.68
2923,1609,6,1,50.64,0.0818,52.6
2924,1609,36,1,82.86,0.0566,66.1
2925,1610,47,1,169.65,0.0322,89.54
2926,1610,8,1,53.48,0.0768,43.6
2927,1610,1,2,139.5,0.1901,91.78
2928,1610,31,1,68.99,0.0335,39.52
2929,1611,40,2,98.32,0.064,53.25
2930,1611,26,1,292.23,0.0633,164.45
2931,1612,47,2,169.65,0.0511,89.54
2932,1612,29,1,122.95,0.0975,78.75
2933,1613,52,1,258.28,0.1431,115.34
2934,1614,9,2,227.79,0.0385,108.49
2935,1614,35,2,153.58,0.0458,79.44
2936,1614,42,2,67.22,0.0883,37.56
2937,1615,51,2,433.37,0.0384,201.19
2938,1615,37,1,127.8,0.0414,61.9
2939,1616,3,1,60.85,0.2267,26.91
2940,1616,38,1,110.92,0.2267,48.05
2941,1617,48,1,169.67,0.0442,66.62
2942,1618,8,2,72.36,0.2259,43.6
2943,1619,35,2,153.58,0.101,79.44
2944,1620,31,1,73.05,0.04,39.52
2945,1620,21,3,154.26,0.0911,94.68
2946,1620,5,3,233.56,0.0329,185.65
2947,1621,40,1,121.45,0.1947,53.25
2948,1622,7,1,216.73,0.0548,103.55
2949,1622,1,1,188.74,0.1791,91.78
2950,1623,7,2,169.61,0.0801,103.55
2951,1624,41,1,412.22,0.1077,180.53
2952,1624,29,1,151.89,0.0604,78.75
2953,1625,36,1,111.87,0.033,66.1
2954,1626,1,1,164.12,0.1844,91.78
2955,1626,8,1,62.92,0.1062,43.6
2956,1626,25,1,34.2,0.1066,16.13
2957,1626,30,1,315.94,0.0351,145.7
2958,1627,36,1,111.87,0.0397,66.1
2959,1627,3,1,52.16,0.0829,26.91
2960,1628,53,1,366.23,0.0825,152.79
2961,1629,29,1,130.19,0.0671,78.75
2962,1629,17,1,185.69,0.1878,127.08
2963,1630,5,1,311.41,0.2395,185.65
2964,1631,51,3,227.38,0.0398,201.19
2965,1632,4,1,312.39,0.0539,160.15
2966,1633,28,1,302.07,0.2242,142.78
2967,1633,7,2,216.73,0.2158,103.55
2968,1634,17,1,216.64,0.1444,127.08
2969,1634,6,1,79.76,0.1011,52.6
2970,1635,30,1,331.74,0.1662,145.7
2971,1636,25,2,30.78,0.0765,16.13
2972,1636,11,1,221.39,0.1077,139.55
2973,1637,25,1,41.03,0.2336,16.13
2974,1638,1,1,147.71,0.1932,91.78
2975,1638,26,2,309.42,0.0579,164.45
2976,1638,2,2,322.53,0.0333,137.72
2977,1639,6,2,64.57,0.2001,52.6
2978,1639,7,1,160.19,0.1962,103.55
2979,1640,6,1,91.16,0.2073,52.6
2980,1640,13,1,160.77,0.2123,77.45
2981,1640,38,2,126.77,0.2165,48.05
2982,1641,40,1,133.02,0.1612,53.25
2983,1641,37,1,122.48,0.2065,61.9
2984,1642,45,1,61.99,0.2329,39.57
2985,1643,38,1,121.48,0.0806,48.05
2986,1644,51,1,361.14,0.1045,201.19
2987,1644,40,1,115.67,0.0957,53.25
2988,1644,16,1,276.02,0.0455,150.82
2989,1645,52,2,219.54,0.0839,115.34
2990,1646,16,1,276.02,0.0899,150.82
2991,1647,29,1,144.65,0.2178,78.75
2992,1648,1,1,188.74,0.3612,91.78
2993,1648,17,1,237.27,0.2834,127.08
2994,1649,5,1,311.41,0.0549,185.65
2995,1649,23,2,92.37,0.1501,43.89
2996,1650,49,3,131.25,0.2136,73.39
2997,1650,52,3,271.2,0.1924,115.34
2998,1651,7,1,160.19,0.0783,103.55
2999,1651,21,3,145.69,0.0829,94.68
3000,1652,14,1,155.69,0.0664,105.23
3001,1652,25,1,29.07,0.0731,16.13
3002,1653,16,1,248.42,0.2306,150.82
3003,1653,40,3,104.1,0.1718,53.25
3004,1654,38,1,121.48,0.1665,48.05
3005,1654,33,2,265.43,0.2399,122.16
3006,1654,50,1,232.08,0.1647,118.05
3007,1655,16,2,276.02,0.176,150.82
3008,1655,6,1,75.96,0.1649,52.6
3009,1656,40,2,98.32,0.0825,53.25
3010,1656,5,1,220.58,0.0713,185.65
3011,1657,41,3,412.22,0.0349,180.53
3012,1658,17,2,175.37,0.1471,127.08
3013,1659,5,1,272.49,0.0661,185.65
3014,1660,53,1,270.7,0.035,152.79
3015,1660,1,1,139.5,0.1885,91.78
3016,1661,39,1,624.57,0.0714,144.85
3017,1662,5,1,311.41,0.1068,185.65
3018,1662,31,3,97.39,0.1022,39.52
3019,1662,50,2,242.17,0.1019,118.05
3020,1663,7,1,169.61,0.2371,103.55
3021,1663,21,3,154.26,0.2203,94.68
3022,1664,28,1,223.27,0.1217,142.78
3023,1664,53,1,270.7,0.1387,152.79
3024,1665,6,1,91.16,0.0727,52.6
3025,1666,45,2,61.99,0.0942,39.57
3026,1666,30,1,268.55,0.1356,145.7
3027,1667,47,1,239.5,0.0397,89.54
3028,1667,36,1,149.15,0.037,66.1
3029,1668,4,1,230.9,0.0743,160.15
3030,1668,29,2,122.95,0.0808,78.75
3031,1668,5,1,220.58,0.1027,185.65
3032,1668,8,2,53.48,0.0993,43.6
3033,1669,50,2,232.08,0.052,118.05
3034,1669,25,1,39.32,0.0865,16.13
3035,1670,11,1,295.18,0.2142,139.55
3036,1671,12,2,419.47,0.0919,209.52
3037,1672,9,1,261.95,0.0555,108.49
3038,1672,1,2,188.74,0.1706,91.78
3039,1672,6,2,87.36,0.0703,52.6
3040,1673,6,1,59.08,0.0841,52.6
3041,1673,5,1,201.84,0.0974,185.65
3042,1674,41,1,333.7,0.1867,180.53
3043,1674,5,1,220.58,0.2235,185.65
3044,1675,13,3,140.67,0.2341,77.45
3045,1676,8,2,56.63,0.0277,43.6
3046,1677,29,3,151.89,0.1888,78.75
3047,1678,21,1,205.68,0.0764,94.68
3048,1678,48,1,239.53,0.1067,66.62
3049,1679,7,1,197.88,0.0978,103.55
3050,1680,1,3,139.5,0.3359,91.78
3051,1680,30,1,268.55,0.2056,145.7
3052,1681,10,1,250.46,0.0886,120.42
3053,1682,21,1,126.96,0.1043,94.68
3054,1682,11,2,182.21,0.0933,139.55
3055,1683,14,1,183.17,0.065,105.23
3056,1683,21,2,171.4,0.0393,94.68
3057,1684,14,1,183.17,0.2266,105.23
3058,1684,23,2,76.98,0.2886,43.89
3059,1684,36,2,124.29,0.1836,66.1
3060,1684,3,1,57.96,0.1806,26.91
3061,1685,47,1,179.63,0.239,89.54
3062,1685,43,1,353.54,0.1844,182.69
3063,1685,12,1,419.47,0.1948,209.52
3064,1686,10,1,274.31,0.0808,120.42
3065,1686,34,1,105.99,0.0523,37.12
3066,1687,35,1,153.58,0.0496,79.44
3067,1688,31,3,68.99,0.1355,39.52
3068,1688,1,1,139.5,0.2319,91.78
3069,1688,32,1,231.1,0.1259,130.06
3070,1688,18,1,551.09,0.0724,173.9
3071,1689,6,1,79.76,0.2251,52.6
3072,1689,53,1,334.39,0.2207,152.79
3073,1690,8,1,66.07,0.2279,43.6
3074,1691,17,2,237.27,0.175,127.08
3075,1691,45,1,83.87,0.046,39.57
3076,1692,31,1,93.34,0.0478,39.52
3077,1692,16,2,317.42,0.0856,150.82
3078,1693,5,1,233.56,0.0988,185.65
3079,1693,48,2,179.65,0.0746,66.62
3080,1694,38,1,89.79,0.0674,48.05
3081,1695,40,1,115.67,0.0609,53.25
3082,1695,5,1,259.51,0.1057,185.65
3083,1695,8,1,62.92,0.0925,43.6
3084,1696,29,1,130.19,0.0426,78.75
3085,1696,44,1,202.98,0.0657,119.7
3086,1696,12,2,419.47,0.0372,209.52
3087,1697,36,1,124.29,0.1703,66.1
3088,1697,1,2,164.12,0.3309,91.78
3089,1697,12,2,466.07,0.1719,209.52
3090,1698,40,1,98.32,0.0432,53.25
3091,1698,35,2,130.54,0.0943,79.44
3092,1698,26,1,292.23,0.0651,164.45
3093,1699,17,1,247.58,0.2775,127.08
3094,1700,5,1,173.01,0.1217,185.65
3095,1701,37,2,122.48,0.1722,61.9
3096,1701,5,1,298.44,0.1685,185.65
3097,1702,17,1,206.32,0.2814,127.08
3098,1703,8,1,62.92,0.0478,43.6
3099,1703,28,1,262.67,0.0938,142.78
3100,1704,29,3,166.35,0.0829,78.75
3101,1705,46,1,133.92,0.2246,81.26
3102,1705,53,1,270.7,0.1989,152.79
3103,1706,15,1,40.93,0.1005,22.05
3104,1706,11,2,209.09,0.0944,139.55
3105,1706,50,1,171.54,0.1135,118.05
3106,1707,45,1,62.12,0.2248,39.57
3107,1708,14,1,164.85,0.1014,105.23
3108,1708,6,1,68.37,0.0791,52.6
3109,1708,37,1,95.85,0.0416,61.9
3110,1709,33,2,265.43,0.0682,122.16
3111,1710,14,2,219.8,0.0381,105.23
3112,1710,6,3,91.16,0.0726,52.6
3113,1710,45,3,87.51,0.0656,39.57
3114,1711,11,1,258.28,0.1781,139.55
3115,1711,5,2,272.49,0.1634,185.65
3116,1712,34,2,82.95,0.0822,37.12
3117,1712,45,1,65.63,0.0723,39.57
3118,1712,12,1,419.47,0.098,209.52
3119,1713,17,1,237.27,0.2,127.08
3120,1713,34,1,105.99,0.0994,37.12
3121,1713,5,1,298.44,0.0581,185.65
3122,1714,5,2,272.49,0.2272,185.65
3123,1714,49,1,131.25,0.1735,73.39
3124,1714,25,1,35.91,0.1982,16.13
3125,1715,46,2,116.71,0.2317,81.26
3126,1715,4,3,201.22,0.2064,160.15
3127,1716,36,1,124.29,0.0406,66.1
3128,1717,6,2,75.96,0.1836,52.6
3129,1717,1,1,164.12,0.256,91.78
3130,1717,5,2,259.51,0.2367,185.65
3131,1718,5,2,272.49,0.0789,185.65
3132,1718,6,1,79.76,0.0774,52.6
3133,1718,16,1,289.82,0.0682,150.82
3134,1719,1,1,196.94,0.1886,91.78
3135,1719,40,1,138.8,0.0424,53.25
3136,1720,5,1,163.4,0.035,185.65
3137,1720,17,1,129.91,0.1462,127.08
3138,1721,2,2,358.37,0.0673,137.72
3139,1722,42,2,57.13,0.0406,37.56
3140,1723,5,1,233.56,0.0552,185.65
3141,1723,19,1,457.16,0.1036,137.57
3142,1724,16,1,289.82,0.1853,150.82
3143,1725,32,1,271.88,0.0922,130.06
3144,1725,5,2,259.51,0.1278,185.65
3145,1725,42,1,67.22,0.0893,37.56
3146,1725,11,1,245.98,0.1006,139.55
3147,1726,16,2,331.23,0.0314,150.82
3148,1726,1,1,196.94,0.176,91.78
3149,1726,35,2,184.29,0.0643,79.44
3150,1727,53,1,286.62,0.1457,152.79
3151,1728,22,1,240.93,0.1022,88.13
3152,1728,35,1,153.58,0.1188,79.44
3153,1729,31,1,73.05,0.1799,39.52
3154,1729,24,1,409.01,0.1727,217.31
3155,1729,6,3,68.37,0.2082,52.6
3156,1729,43,1,353.54,0.2363,182.69
3157,1730,39,1,624.57,0.1817,144.85
3158,1731,12,1,535.99,0.0496,209.52
3159,1732,5,1,220.58,0.0302,185.65
3160,1733,5,1,272.49,0.1965,185.65
3161,1733,52,1,271.2,0.172,115.34
3162,1733,34,1,96.77,0.2064,37.12
3163,1734,26,1,292.23,0.0635,164.45
3164,1734,51,1,306.97,0.095,201.19
3165,1734,5,2,220.58,0.0836,185.65
3166,1735,10,1,238.53,0.0837,120.42
3167,1735,17,1,206.32,0.2123,127.08
3168,1736,44,2,150.35,0.0654,119.7
3169,1737,47,1,179.63,0.0565,89.54
3170,1738,34,1,82.95,0.0841,37.12
3171,1738,52,2,232.45,0.0516,115.34
3172,1738,40,1,104.1,0.0625,53.25
3173,1739,39,1,598.55,0.0465,144.85
3174,1739,49,1,143.75,0.065,73.39
3175,1740,23,1,80.83,0.2262,43.89
3176,1741,8,3,66.07,0.0554,43.6
3177,1742,49,2,106.25,0.0344,73.39
3178,1742,6,2,64.57,0.035,52.6
3179,1742,41,1,333.7,0.0835,180.53
3180,1743,15,2,43.34,0.2098,22.05
3181,1744,7,2,169.61,0.0954,103.55
3182,1745,42,1,57.13,0.044,37.56
3183,1746,13,1,113.88,0.1153,77.45
3184,1747,14,2,192.33,0.1988,105.23
3185,1747,12,2,489.38,0.2309,209.52
3186,1748,50,1,179.39,0.2126,118.05
3187,1748,48,1,177.43,0.2263,66.62
3188,1749,4,1,312.39,0.0788,160.15
3189,1749,28,1,302.07,0.1034,142.78
3190,1750,40,1,115.67,0.1475,53.25
3191,1750,22,1,240.93,0.1164,88.13
3192,1750,10,1,238.53,0.0874,120.42
3193,1751,32,1,201.39,0.2232,130.06
3194,1751,5,1,192.23,0.1733,185.65
3195,1752,25,2,35.91,0.0764,16.13
3196,1752,49,1,131.25,0.0668,73.39
3197,1753,51,1,379.2,0.0399,201.19
3198,1753,3,1,60.85,0.0533,26.91
3199,1754,13,1,113.88,0.2135,77.45
3200,1755,15,1,43.34,0.0747,22.05
3201,1755,5,1,233.56,0.1098,185.65
3202,1756,12,1,559.29,0.0737,209.52
3203,1757,50,1,171.54,0.0377,118.05
3204,1758,12,1,396.16,0.0526,209.52
3205,1758,13,1,113.88,0.0607,77.45
3206,1758,45,1,61.99,0.0428,39.57
3207,1758,5,1,220.58,0.0752,185.65
3208,1759,47,1,209.56,0.0575,89.54
3209,1759,14,2,192.33,0.0471,105.23
3210,1759,10,1,250.46,0.1042,120.42
3211,1760,38,2,89.79,0.1374,48.05
3212,1760,5,2,220.58,0.1041,185.65
3213,1761,15,1,50.56,0.1868,22.05
3214,1761,7,1,197.88,0.1919,103.55
3215,1761,32,1,285.47,0.2168,130.06
3216,1762,39,3,624.57,0.1362,144.85
3217,1762,16,3,331.23,0.1401,150.82
3218,1763,45,2,83.87,0.0311,39.57
3219,1763,43,2,451.75,0.052,182.69
3220,1764,8,1,56.63,0.2155,43.6
3221,1764,31,1,73.05,0.2039,39.52
3222,1765,12,2,466.07,0.2282,209.52
3223,1765,19,2,507.95,0.1647,137.57
3224,1765,3,1,57.96,0.1867,26.91
3225,1766,17,1,175.37,0.3193,127.08
3226,1766,36,1,105.65,0.162,66.1
3227,1766,6,3,64.57,0.1701,52.6
3228,1766,42,2,57.13,0.2122,37.56
3229,1767,2,1,304.62,0.2176,137.72
3230,1767,32,2,231.1,0.1897,130.06
3231,1767,7,2,160.19,0.1955,103.55
3232,1768,38,1,126.77,0.0954,48.05
3233,1769,45,1,72.93,0.0582,39.57
3234,1770,5,1,272.49,0.0572,185.65
3235,1770,48,1,209.59,0.0722,66.62
3236,1770,6,1,79.76,0.0693,52.6
3237,1771,6,2,75.96,0.1858,52.6
3238,1771,5,1,259.51,0.219,185.65
3239,1772,20,1,113.01,0.1132,55.18
3240,1773,31,1,68.99,0.2077,39.52
3241,1774,6,1,79.76,0.2245,52.6
3242,1774,25,1,35.91,0.172,16.13
3243,1774,1,1,172.33,0.2755,91.78
3244,1775,1,1,188.74,0.1417,91.78
3245,1775,29,2,166.35,0.1069,78.75
3246,1776,41,1,392.59,0.1476,180.53
3247,1776,6,2,75.96,0.09,52.6
3248,1776,18,1,648.34,0.1123,173.9
3249,1777,38,1,89.79,0.058,48.05
3250,1777,17,1,175.37,0.1328,127.08
3251,1778,6,1,75.96,0.0368,52.6
3252,1779,15,1,30.32,0.23,22.05
3253,1780,28,1,262.67,0.0554,142.78
3254,1780,10,1,238.53,0.0605,120.42
3255,1781,34,1,78.34,0.2032,37.12
3256,1781,17,2,175.37,0.3324,127.08
3257,1782,5,1,259.51,0.1977,185.65
3258,1782,3,1,57.96,0.2113,26.91
3259,1783,6,1,64.57,0.0534,52.6
3260,1783,13,1,113.88,0.03,77.45
3261,1783,5,1,220.58,0.0646,185.65
3262,1784,4,1,312.39,0.1767,160.15
3263,1785,29,1,173.58,0.0507,78.75
3264,1785,35,1,184.29,0.045,79.44
3265,1786,14,1,164.85,0.0331,105.23
3266,1786,47,3,179.63,0.1072,89.54
3267,1787,3,1,49.26,0.0941,26.91
3268,1788,28,1,315.2,0.2148,142.78
3269,1788,35,1,184.29,0.2349,79.44
3270,1789,6,2,87.36,0.0467,52.6
3271,1789,42,1,77.3,0.0434,37.56
3272,1789,45,1,83.87,0.0329,39.57
3273,1790,7,1,188.46,0.0593,103.55
3274,1790,22,1,240.93,0.0323,88.13
3275,1790,31,1,81.16,0.0726,39.52
3276,1791,26,2,343.8,0.0716,164.45
3277,1792,49,3,143.75,0.2272,73.39
3278,1793,37,1,95.85,0.0834,61.9
3279,1793,22,1,216.84,0.0967,88.13
3280,1793,32,1,244.69,0.1055,130.06
3281,1794,4,1,271.65,0.1003,160.15
3282,1795,25,1,30.78,0.2194,16.13
3283,1795,26,3,309.42,0.2168,164.45
3284,1796,4,3,325.98,0.2383,160.15
3285,1796,23,1,92.37,0.2955,43.89
3286,1797,26,2,309.42,0.0303,164.45
3287,1797,8,1,56.63,0.0828,43.6
3288,1798,39,2,468.43,0.0306,144.85
3289,1798,5,1,233.56,0.0713,185.65
3290,1799,1,1,139.5,0.2111,91.78
3291,1800,5,1,220.58,0.1633,185.65
3292,1800,20,1,80.05,0.1721,55.18
3293,1801,42,2,60.49,0.1798,37.56
3294,1801,43,2,353.54,0.1797,182.69
3295,1802,8,1,53.48,0.0636,43.6
3296,1803,20,2,80.05,0.1092,55.18
3297,1804,8,1,56.63,0.2064,43.6
3298,1804,44,1,202.98,0.2285,119.7
3299,1805,17,2,175.37,0.3001,127.08
3300,1805,40,1,98.32,0.1859,53.25
3301,1806,7,3,188.46,0.1964,103.55
3302,1806,28,2,262.67,0.2215,142.78
3303,1806,5,2,259.51,0.2262,185.65
3304,1807,36,1,149.15,0.105,66.1
3305,1808,13,1,120.58,0.1083,77.45
3306,1809,12,1,489.38,0.1703,209.52
3307,1809,44,1,236.81,0.2207,119.7
3308,1809,53,1,334.39,0.1808,152.79
3309,1810,37,1,122.48,0.0805,61.9
3310,1810,23,2,88.52,0.1543,43.89
3311,1811,15,2,43.34,0.0525,22.05
3312,1811,17,2,185.69,0.2142,127.08
3313,1812,4,1,244.48,0.1927,160.15
3314,1813,38,1,95.07,0.0862,48.05
3315,1813,14,2,164.85,0.0957,105.23
3316,1813,31,1,73.05,0.0511,39.52
3317,1814,15,1,55.38,0.2037,22.05
3318,1814,53,1,366.23,0.1722,152.79
3319,1815,8,1,53.48,0.0404,43.6
3320,1815,34,1,78.34,0.0567,37.12
3321,1816,23,1,48.47,0.2159,43.89
3322,1816,32,2,171.18,0.1177,130.06
3323,1816,53,3,200.52,0.1393,152.79
3324,1817,29,1,173.58,0.0902,78.75
3325,1818,34,2,78.34,0.1911,37.12
3326,1818,29,1,122.95,0.2254,78.75
3327,1818,44,1,191.7,0.2343,119.7
3328,1819,2,1,358.37,0.2366,137.72
3329,1819,1,1,164.12,0.2778,91.78
3330,1819,43,1,392.82,0.2014,182.69
3331,1820,31,1,68.99,0.0698,39.52
3332,1820,36,1,105.65,0.0332,66.1
3333,1821,47,2,199.58,0.0871,89.54
3334,1821,40,1,115.67,0.1291,53.25
3335,1822,1,1,164.12,0.1769,91.78
3336,1822,11,1,245.98,0.0894,139.55
3337,1823,23,1,80.83,0.3166,43.89
3338,1824,45,2,72.93,0.2145,39.57
3339,1825,8,1,56.63,0.0615,43.6
3340,1826,5,1,220.58,0.0486,185.65
3341,1827,8,1,75.51,0.0561,43.6
3342,1827,5,3,311.41,0.1005,185.65
3343,1827,13,2,160.77,0.0619,77.45
3344,1828,8,1,66.07,0.0855,43.6
3345,1828,53,2,334.39,0.0681,152.79
3346,1828,6,1,79.76,0.0697,52.6
3347,1828,14,1,192.33,0.0826,105.23
3348,1829,25,2,29.07,0.0954,16.13
3349,1830,31,1,60.12,0.1183,39.52
3350,1831,32,1,211.46,0.0604,130.06
3351,1831,7,1,146.58,0.0318,103.55
3352,1831,23,1,59.87,0.2141,43.89
3353,1832,6,1,79.76,0.2259,52.6
3354,1832,23,3,80.83,0.3083,43.89
3355,1833,19,2,431.76,0.1215,137.57
3356,1834,5,1,233.56,0.1062,185.65
3357,1835,16,1,317.42,0.1017,150.82
3358,1835,34,3,105.99,0.0875,37.12
3359,1835,10,1,274.31,0.0956,120.42
3360,1836,20,2,84.76,0.0556,55.18
3361,1836,6,1,68.37,0.0805,52.6
3362,1837,20,1,59.3,0.071,55.18
3363,1838,22,2,204.79,0.2106,88.13
3364,1838,2,1,304.62,0.1696,137.72
3365,1838,30,1,268.55,0.1769,145.7
3366,1838,36,2,105.65,0.1848,66.1
3367,1839,49,1,131.25,0.1852,73.39
3368,1839,4,1,285.23,0.1616,160.15
3369,1839,10,1,250.46,0.2307,120.42
3370,1840,25,1,34.2,0.0972,16.13
3371,1840,35,3,153.58,0.0756,79.44
3372,1840,51,1,361.14,0.0424,201.19
3373,1841,29,1,151.89,0.0918,78.75
3374,1842,37,1,106.5,0.0988,61.9
3375,1843,10,3,274.31,0.1997,120.42
3376,1843,47,2,229.52,0.2361,89.54
3377,1843,8,1,72.36,0.1935,43.6
3378,1843,46,2,181.19,0.184,81.26
3379,1844,7,1,188.46,0.2025,103.55
3380,1844,20,3,94.18,0.1724,55.18
3381,1845,29,1,128.58,0.1877,78.75
3382,1846,30,1,331.74,0.0348,145.7
3383,1847,41,2,392.59,0.1017,180.53
3384,1847,23,2,76.98,0.2043,43.89
3385,1848,17,1,216.64,0.2913,127.08
3386,1848,5,1,272.49,0.2258,185.65
3387,1849,30,1,315.94,0.2399,145.7
3388,1849,7,2,188.46,0.1647,103.55
3389,1850,13,2,120.58,0.1016,77.45
3390,1850,45,1,65.63,0.0421,39.57
3391,1850,50,1,181.63,0.069,118.05
3392,1850,49,1,112.5,0.0842,73.39
3393,1851,9,1,239.17,0.2396,108.49
3394,1852,16,2,289.82,0.0505,150.82
3395,1852,52,1,271.2,0.0325,115.34
3396,1852,13,1,140.67,0.0549,77.45
3397,1853,36,1,105.65,0.0725,66.1
3398,1854,4,1,230.9,0.11,160.15
3399,1855,5,1,220.58,0.1857,185.65
3400,1856,31,1,97.39,0.099,39.52
3401,1856,52,1,309.94,0.0902,115.34
3402,1856,5,1,311.41,0.1214,185.65
3403,1857,38,1,110.92,0.06,48.05
3404,1858,5,1,311.41,0.0708,185.65
3405,1858,12,1,559.29,0.0744,209.52
3406,1859,43,1,392.82,0.1902,182.69
3407,1860,6,2,75.96,0.1767,52.6
3408,1861,25,2,34.2,0.0779,16.13
3409,1861,42,1,67.22,0.0595,37.56
3410,1862,44,1,225.53,0.0795,119.7
3411,1863,40,2,104.1,0.0859,53.25
3412,1863,35,1,138.22,0.1429,79.44
3413,1863,4,2,244.48,0.0875,160.15
3414,1863,5,2,233.56,0.0738,185.65
3415,1864,4,1,230.9,0.0813,160.15
3416,1865,27,1,192.75,0.2002,88.49
3417,1865,5,2,220.58,0.2201,185.65
3418,1866,40,1,138.8,0.0434,53.25
3419,1866,51,1,433.37,0.0905,201.19
3420,1867,5,2,201.84,0.228,185.65
3421,1867,7,3,146.58,0.2225,103.55
3422,1867,17,1,160.47,0.2805,127.08
3423,1867,43,1,305.53,0.1799,182.69
3424,1868,46,1,133.92,0.1341,81.26
3425,1869,51,1,415.31,0.1959,201.19
3426,1869,1,1,188.74,0.3035,91.78
3427,1870,51,1,325.02,0.0945,201.19
3428,1871,5,2,272.49,0.0654,185.65
3429,1872,8,2,62.92,0.067,43.6
3430,1873,45,1,83.87,0.2392,39.57
3431,1873,2,1,412.13,0.2291,137.72
3432,1874,49,2,112.5,0.0861,73.39
3433,1874,32,2,244.69,0.0704,130.06
3434,1874,42,1,60.49,0.0427,37.56
3435,1875,24,2,386.28,0.0938,217.31
3436,1875,19,2,431.76,0.0771,137.57
3437,1875,25,3,29.07,0.0538,16.13
3438,1875,10,1,202.75,0.0494,120.42
3439,1876,41,1,451.48,0.1641,180.53
3440,1876,39,2,598.55,0.166,144.85
3441,1877,43,1,392.82,0.0502,182.69
3442,1877,33,1,230.81,0.0549,122.16
3443,1877,47,1,199.58,0.0323,89.54
3444,1877,5,1,259.51,0.0497,185.65
3445,1878,11,3,221.39,0.1049,139.55
3446,1879,41,1,451.48,0.2033,180.53
3447,1880,40,2,72.83,0.2366,53.25
3448,1880,6,1,47.83,0.2228,52.6
3449,1881,1,1,172.33,0.1319,91.78
3450,1882,9,3,273.34,0.0909,108.49
3451,1882,24,1,545.34,0.0847,217.31
3452,1882,1,1,196.94,0.1384,91.78
3453,1883,50,1,181.63,0.1321,118.05
3454,1884,11,1,258.28,0.0734,139.55
3455,1885,5,2,259.51,0.2364,185.65
3456,1885,14,2,183.17,0.2276,105.23
3457,1885,36,3,124.29,0.2043,66.1
3458,1886,21,1,197.11,0.1898,94.68
3459,1887,50,1,171.54,0.0946,118.05
3460,1888,53,1,286.62,0.1344,152.79
3461,1889,45,2,87.51,0.1679,39.57
3462,1889,8,2,75.51,0.1688,43.6
3463,1889,16,2,331.23,0.1821,150.82
3464,1890,24,1,477.17,0.0354,217.31
3465,1890,5,1,272.49,0.0311,185.65
3466,1891,27,1,226.76,0.1802,88.49
3467,1891,8,2,62.92,0.2213,43.6
3468,1892,5,3,259.51,0.2245,185.65
3469,1892,6,1,75.96,0.2034,52.6
3470,1893,40,1,115.67,0.1015,53.25
3471,1893,6,1,75.96,0.083,52.6
3472,1893,36,1,124.29,0.0922,66.1
3473,1894,8,1,53.48,0.228,43.6
3474,1895,21,1,197.11,0.1019,94.68
3475,1896,5,1,259.51,0.0329,185.65
3476,1897,47,1,147.84,0.1896,89.54
3477,1897,8,2,46.61,0.1656,43.6
3478,1897,6,1,56.27,0.2156,52.6
3479,1898,7,3,160.19,0.1786,103.55
3480,1898,34,1,78.34,0.181,37.12
3481,1898,36,1,105.65,0.1736,66.1
3482,1899,5,1,220.58,0.0904,185.65
3483,1899,46,1,133.92,0.0341,81.26
3484,1900,12,1,535.99,0.0327,209.52
3485,1901,23,1,80.83,0.1726,43.89
3486,1901,36,1,130.51,0.0852,66.1
3487,1901,5,1,272.49,0.0812,185.65
3488,1901,9,1,239.17,0.0672,108.49
3489,1902,47,2,169.65,0.0484,89.54
3490,1902,14,1,155.69,0.0389,105.23
3491,1902,8,1,53.48,0.0363,43.6
3492,1903,17,1,247.58,0.3259,127.08
3493,1903,27,1,272.11,0.19,88.49
3494,1903,49,1,150.0,0.1727,73.39
3495,1903,53,1,382.16,0.2037,152.79
3496,1904,6,3,75.96,0.1889,52.6
3497,1904,38,1,105.64,0.1937,48.05
3498,1905,29,1,173.58,0.0576,78.75
3499,1906,33,2,207.73,0.1995,122.16
3500,1906,38,1,95.07,0.1779,48.05
3501,1906,16,2,248.42,0.2317,150.82
3502,1907,9,2,273.34,0.1039,108.49
3503,1908,1,3,147.71,0.2737,91.78
3504,1908,48,1,179.65,0.1624,66.62
3505,1909,31,2,68.99,0.0922,39.52
3506,1910,34,1,105.99,0.0696,37.12
3507,1910,14,2,210.64,0.0881,105.23
3508,1910,5,1,298.44,0.0776,185.65
3509,1910,6,1,87.36,0.0619,52.6
3510,1911,5,2,220.58,0.1983,185.65
3511,1911,34,1,78.34,0.2089,37.12
3512,1912,37,1,122.48,0.0323,61.9
3513,1913,47,1,169.65,0.0748,89.54
3514,1914,12,1,466.07,0.0796,209.52
3515,1915,5,1,272.49,0.0497,185.65
3516,1916,4,1,230.9,0.0833,160.15
3517,1917,9,1,227.79,0.0577,108.49
3518,1918,7,2,197.88,0.0893,103.55
3519,1918,30,1,331.74,0.0979,145.7
3520,1919,5,1,233.56,0.0733,185.65
3521,1920,38,1,70.42,0.0578,48.05
3522,1921,17,1,206.32,0.2073,127.08
3523,1922,1,1,196.94,0.2928,91.78
3524,1922,21,3,205.68,0.1759,94.68
3525,1922,50,3,242.17,0.213,118.05
3526,1923,6,2,87.36,0.0489,52.6
3527,1923,38,1,121.48,0.0701,48.05
3528,1924,8,1,66.07,0.2281,43.6
3529,1925,42,2,70.58,0.0404,37.56
3530,1925,41,1,412.22,0.1088,180.53
3531,1926,52,3,232.45,0.0792,115.34
3532,1926,15,1,43.34,0.0542,22.05
3533,1927,14,2,183.17,0.1104,105.23
3534,1928,21,1,145.69,0.2349,94.68
3535,1928,6,1,64.57,0.1734,52.6
3536,1928,41,1,333.7,0.164,180.53
3537,1929,15,1,55.38,0.2312,22.05
3538,1929,5,1,298.44,0.1757,185.65
3539,1930,16,1,276.02,0.2321,150.82
3540,1930,3,1,57.96,0.2252,26.91
3541,1931,12,1,559.29,0.0497,209.52
3542,1932,23,1,76.98,0.2032,43.89
3543,1933,38,2,89.79,0.2329,48.05
3544,1934,23,2,51.32,0.1717,43.89
3545,1934,14,1,122.11,0.0585,105.23
3546,1935,11,1,282.88,0.0732,139.55
3547,1935,5,1,298.44,0.1062,185.65
3548,1936,25,1,35.91,0.0902,16.13
3549,1937,19,1,609.54,0.0339,137.57
3550,1938,45,1,83.87,0.0489,39.57
3551,1939,27,2,272.11,0.2122,88.49
3552,1940,43,1,353.54,0.036,182.69
3553,1940,30,1,284.35,0.033,145.7
3554,1941,17,1,237.27,0.2658,127.08
3555,1942,5,1,259.51,0.0622,185.65
3556,1943,46,1,133.92,0.0561,81.26
3557,1944,5,1,233.56,0.0965,185.65
3558,1945,50,3,181.63,0.0414,118.05
3559,1945,24,2,409.01,0.0698,217.31
3560,1946,33,2,207.73,0.1789,122.16
3561,1946,5,1,233.56,0.1633,185.65
3562,1947,25,1,35.91,0.0514,16.13
3563,1948,47,1,239.5,0.2178,89.54
3564,1948,28,1,315.2,0.2296,142.78
3565,1949,52,1,297.02,0.0754,115.34
3566,1950,20,2,98.88,0.0382,55.18
3567,1950,47,1,209.56,0.0553,89.54
3568,1950,38,1,110.92,0.087,48.05
3569,1951,8,1,53.48,0.1733,43.6
3570,1951,7,1,160.19,0.2092,103.55
3571,1952,46,1,133.92,0.0346,81.26
3572,1952,31,1,68.99,0.0905,39.52
3573,1952,1,1,139.5,0.1648,91.78
3574,1952,35,3,130.54,0.0884,79.44
3575,1953,23,1,92.37,0.1277,43.89
3576,1954,30,2,331.74,0.1738,145.7
3577,1954,47,1,209.56,0.2034,89.54
3578,1954,1,1,172.33,0.3424,91.78
3579,1954,46,1,165.44,0.1656,81.26
3580,1955,40,2,104.1,0.1289,53.25
3581,1955,21,1,154.26,0.1016,94.68
3582,1956,1,2,147.71,0.2684,91.78
3583,1956,3,1,52.16,0.1826,26.91
3584,1956,43,1,353.54,0.1601,182.69
3585,1956,7,1,169.61,0.1867,103.55
3586,1957,42,2,80.66,0.0909,37.56
3587,1957,11,1,295.18,0.0861,139.55
3588,1957,1,1,196.94,0.1385,91.78
3589,1958,1,1,196.94,0.2717,91.78
3590,1959,15,1,43.34,0.0815,22.05
3591,1959,32,1,244.69,0.0468,130.06
3592,1960,20,2,108.3,0.046,55.18
3593,1960,1,1,188.74,0.179,91.78
3594,1960,28,1,302.07,0.1007,142.78
3595,1960,31,1,93.34,0.1002,39.52
3596,1961,28,1,233.48,0.039,142.78
3597,1962,51,1,361.14,0.0702,201.19
3598,1962,8,1,62.92,0.0337,43.6
3599,1962,4,2,271.65,0.0486,160.15
3600,1963,49,2,143.75,0.1006,73.39
3601,1963,35,3,176.61,0.0971,79.44
3602,1963,1,1,188.74,0.1893,91.78
3603,1964,24,1,386.28,0.2031,217.31
3604,1964,8,1,53.48,0.1877,43.6
3605,1964,13,2,113.88,0.2068,77.45
3606,1964,29,1,122.95,0.2379,78.75
3607,1965,35,1,138.22,0.2265,79.44
3608,1965,6,2,68.37,0.1914,52.6
3609,1965,5,2,233.56,0.2034,185.65
3610,1965,26,1,309.42,0.2159,164.45
3611,1966,9,1,261.95,0.0409,108.49
3612,1966,8,1,72.36,0.093,43.6
3613,1966,32,1,312.66,0.0629,130.06
3614,1967,8,1,56.63,0.0331,43.6
3615,1967,17,1,185.69,0.1804,127.08
3616,1968,8,1,53.48,0.0735,43.6
3617,1968,1,1,139.5,0.215,91.78
3618,1968,11,1,209.09,0.0473,139.55
3619,1969,17,3,216.64,0.1982,127.08
3620,1969,36,1,130.51,0.0447,66.1
3621,1969,47,1,209.56,0.0689,89.54
3622,1970,12,1,489.38,0.044,209.52
3623,1970,9,2,239.17,0.094,108.49
3624,1970,3,1,60.85,0.0689,26.91
3625,1970,30,1,331.74,0.0579,145.7
3626,1971,11,1,295.18,0.103,139.55
3627,1972,27,2,192.75,0.1694,88.49
3628,1972,1,1,139.5,0.2722,91.78
3629,1972,17,1,175.37,0.2729,127.08
3630,1973,8,1,62.92,0.0953,43.6
3631,1973,38,1,105.64,0.0566,48.05
3632,1974,15,1,50.56,0.2163,22.05
3633,1975,15,2,55.38,0.1624,22.05
3634,1976,47,1,199.58,0.0509,89.54
3635,1976,6,2,75.96,0.0708,52.6
3636,1976,4,1,271.65,0.0767,160.15
3637,1977,5,1,233.56,0.2116,185.65
3638,1978,16,2,331.23,0.1927,150.82
3639,1979,1,1,147.71,0.1953,91.78
3640,1980,41,1,333.7,0.126,180.53
3641,1980,53,1,270.7,0.1476,152.79
3642,1981,13,1,154.07,0.1764,77.45
3643,1982,37,1,122.48,0.0678,61.9
3644,1982,16,1,317.42,0.0904,150.82
3645,1983,47,1,179.63,0.2046,89.54
3646,1983,6,1,68.37,0.1946,52.6
3647,1983,11,1,221.39,0.1694,139.55
3648,1984,36,1,124.29,0.2283,66.1
3649,1985,25,3,29.07,0.138,16.13
3650,1985,47,2,169.65,0.1075,89.54
3651,1985,44,1,191.7,0.1429,119.7
3652,1986,22,2,277.07,0.0901,88.13
3653,1987,16,1,234.62,0.2064,150.82
3654,1987,31,3,68.99,0.1825,39.52
3655,1987,46,1,133.92,0.2013,81.26
3656,1988,47,1,209.56,0.2269,89.54
3657,1988,5,2,272.49,0.1759,185.65
3658,1988,33,3,242.35,0.2147,122.16
3659,1989,5,1,220.58,0.1087,185.65
3660,1990,51,2,306.97,0.0727,201.19
3661,1990,5,1,220.58,0.0824,185.65
3662,1990,27,1,192.75,0.0579,88.49
3663,1991,33,3,242.35,0.0509,122.16
3664,1991,5,1,272.49,0.0833,185.65
3665,1992,29,1,144.65,0.0252,78.75
3666,1993,3,1,66.65,0.0681,26.91
3667,1993,5,2,298.44,0.0844,185.65
3668,1994,20,2,98.88,0.0713,55.18
3669,1994,11,1,258.28,0.1038,139.55
3670,1994,16,1,289.82,0.1051,150.82
3671,1995,45,1,61.99,0.0987,39.57
3672,1996,5,1,163.4,0.0403,185.65
3673,1996,30,2,198.93,0.0668,145.7
3674,1997,9,2,227.79,0.1036,108.49
3675,1998,4,1,171.04,0.2213,160.15
3676,1998,10,2,150.19,0.2216,120.42
3677,1998,47,2,125.66,0.2275,89.54
3678,1999,6,1,75.96,0.0571,52.6
3679,1999,42,1,67.22,0.109,37.56
3680,2000,6,2,64.57,0.0882,52.6
3681,2000,1,1,139.5,0.1389,91.78
3682,2001,14,1,192.33,0.043,105.23
3683,2001,5,2,272.49,0.0947,185.65
3684,2001,41,2,412.22,0.031,180.53
3685,2002,26,1,292.23,0.0865,164.45
3686,2002,5,1,220.58,0.0726,185.65
3687,2002,46,3,133.92,0.0564,81.26
3688,2003,21,1,179.97,0.0514,94.68
3689,2004,34,2,110.6,0.0668,37.12
3690,2004,31,1,97.39,0.0805,39.52
3691,2005,20,1,94.18,0.1092,55.18
3692,2005,28,2,262.67,0.064,142.78
3693,2006,46,1,165.44,0.1905,81.26
3694,2007,22,1,178.47,0.2207,88.13
3695,2007,36,2,92.07,0.1648,66.1
3696,2007,42,1,49.79,0.1919,37.56
3697,2007,6,2,56.27,0.1937,52.6
3698,2008,21,1,197.11,0.037,94.68
3699,2008,17,1,237.27,0.2163,127.08
3700,2009,45,1,61.99,0.0997,39.57
3701,2010,7,1,197.88,0.0761,103.55
3702,2011,22,1,252.98,0.2312,88.13
3703,2012,5,2,272.49,0.2148,185.65
3704,2012,48,1,209.59,0.2088,66.62
3705,2012,30,1,331.74,0.2157,145.7
3706,2013,25,1,30.78,0.0813,16.13
3707,2013,18,1,583.5,0.0809,173.9
3708,2013,51,2,325.02,0.08,201.19
3709,2014,32,1,231.1,0.2234,130.06
3710,2014,50,1,171.54,0.1905,118.05
3711,2014,27,1,192.75,0.1839,88.49
3712,2015,25,1,41.03,0.2292,16.13
3713,2016,1,1,139.5,0.2274,91.78
3714,2017,5,1,259.51,0.2124,185.65
3715,2017,52,1,258.28,0.2324,115.34
3716,2018,41,1,412.22,0.0748,180.53
3717,2018,49,2,131.25,0.0673,73.39
3718,2018,53,1,334.39,0.0408,152.79
3719,2018,17,1,216.64,0.1585,127.08
3720,2019,10,1,238.53,0.0789,120.42
3721,2020,16,2,276.02,0.0646,150.82
3722,2021,28,1,262.67,0.0361,142.78
3723,2021,17,2,206.32,0.1354,127.08
3724,2021,5,2,259.51,0.087,185.65
3725,2022,8,1,66.07,0.1408,43.6
3726,2022,5,1,272.49,0.1155,185.65
3727,2023,11,2,245.98,0.0978,139.55
3728,2023,35,1,153.58,0.0965,79.44
3729,2024,50,3,211.9,0.0551,118.05
3730,2025,6,2,91.16,0.0856,52.6
3731,2025,30,2,379.13,0.0549,145.7
3732,2025,25,1,41.03,0.0944,16.13
3733,2026,9,2,193.62,0.1038,108.49
3734,2027,5,1,233.56,0.0639,185.65
3735,2028,28,1,236.4,0.0495,142.78
3736,2028,22,2,216.84,0.0654,88.13
3737,2028,42,1,60.49,0.101,37.56
3738,2029,6,1,87.36,0.2003,52.6
3739,2029,19,3,584.14,0.168,137.57
3740,2030,7,1,169.61,0.0603,103.55
3741,2031,11,1,245.98,0.2221,139.55
3742,2032,8,1,66.07,0.0438,43.6
3743,2032,30,1,331.74,0.0609,145.7
3744,2032,29,1,151.89,0.066,78.75
3745,2032,17,1,216.64,0.1271,127.08
3746,2033,16,1,289.82,0.2389,150.82
3747,2033,40,1,121.45,0.1647,53.25
3748,2034,47,1,209.56,0.1738,89.54
3749,2034,32,1,285.47,0.1978,130.06
3750,2035,29,1,173.58,0.1011,78.75
3751,2035,12,1,559.29,0.088,209.52
3752,2035,8,1,75.51,0.0703,43.6
3753,2035,17,1,247.58,0.2141,127.08
3754,2036,28,1,315.2,0.2345,142.78
3755,2036,1,1,196.94,0.2844,91.78
3756,2037,47,1,169.65,0.1992,89.54
3757,2038,42,1,67.22,0.0715,37.56
3758,2039,5,1,259.51,0.0621,185.65
3759,2039,25,1,34.2,0.0905,16.13
3760,2040,13,1,160.77,0.0876,77.45
3761,2041,24,1,522.62,0.0862,217.31
3762,2042,22,2,216.84,0.058,88.13
3763,2043,11,1,245.98,0.1785,139.55
3764,2043,24,2,454.45,0.1746,217.31
3765,2044,12,3,310.72,0.0575,209.52
3766,2044,45,2,48.62,0.0826,39.57
3767,2045,49,1,112.5,0.0874,73.39
3768,2045,38,1,95.07,0.0389,48.05
3769,2046,45,1,83.87,0.0437,39.57
3770,2047,6,3,91.16,0.0967,52.6
3771,2047,5,1,311.41,0.0707,185.65
3772,2048,32,1,285.47,0.095,130.06
3773,2048,6,1,79.76,0.1168,52.6
3774,2049,24,1,454.45,0.2148,217.31
3775,2050,4,1,285.23,0.037,160.15
3776,2050,7,1,197.88,0.0563,103.55
3777,2051,28,1,262.67,0.1075,142.78
3778,2051,1,1,164.12,0.2184,91.78
3779,2052,8,2,66.07,0.1855,43.6
3780,2052,51,2,379.2,0.1729,201.19
3781,2053,53,2,318.47,0.1814,152.79
3782,2054,42,1,77.3,0.1784,37.56
3783,2055,24,1,545.34,0.1009,217.31
3784,2055,5,2,311.41,0.0964,185.65
3785,2055,8,1,75.51,0.0763,43.6
3786,2056,49,1,106.25,0.1003,73.39
3787,2057,5,3,272.49,0.1008,185.65
3788,2057,24,2,477.17,0.0498,217.31
3789,2057,38,2,110.92,0.0435,48.05
3790,2058,25,1,39.32,0.0413,16.13
3791,2059,5,1,259.51,0.0554,185.65
3792,2060,35,1,161.25,0.189,79.44
3793,2061,31,2,81.16,0.0628,39.52
3794,2061,35,1,153.58,0.0856,79.44
3795,2061,20,1,94.18,0.0451,55.18
3796,2062,46,1,141.8,0.0384,81.26
3797,2063,3,1,52.16,0.0819,26.91
3798,2063,47,1,179.63,0.0446,89.54
3799,2064,23,1,80.83,0.2951,43.89
3800,2065,44,1,270.64,0.2044,119.7
3801,2065,5,1,311.41,0.1702,185.65
3802,2066,36,1,124.29,0.2145,66.1
3803,2067,25,1,39.32,0.1689,16.13
3804,2068,29,3,151.89,0.1083,78.75
3805,2069,18,1,551.09,0.0913,173.9
3806,2070,50,2,171.54,0.0996,118.05
3807,2070,5,3,220.58,0.0568,185.65
3808,2071,25,3,30.78,0.0498,16.13
3809,2072,38,2,110.92,0.085,48.05
3810,2072,31,1,85.22,0.0422,39.52
3811,2073,38,1,89.79,0.1761,48.05
3812,2074,25,1,35.91,0.0669,16.13
3813,2075,40,1,121.45,0.2227,53.25
3814,2075,38,1,110.92,0.1629,48.05
3815,2075,30,1,331.74,0.1716,145.7
3816,2075,23,2,80.83,0.3318,43.89
3817,2076,50,3,171.54,0.0941,118.05
3818,2076,25,2,29.07,0.0931,16.13
3819,2076,24,1,386.28,0.0333,217.31
3820,2077,38,2,126.77,0.1173,48.05
3821,2077,5,1,311.41,0.0928,185.65
3822,2077,24,1,545.34,0.0894,217.31
3823,2078,33,3,242.35,0.189,122.16
3824,2079,12,1,396.16,0.2262,209.52
3825,2079,17,1,175.37,0.2799,127.08
3826,2079,53,2,270.7,0.1635,152.79
3827,2079,14,1,155.69,0.1877,105.23
3828,2080,25,3,41.03,0.1492,16.13
3829,2080,36,2,149.15,0.1111,66.1
3830,2081,5,1,311.41,0.0357,185.65
3831,2082,23,1,80.83,0.2982,43.89
3832,2083,18,1,648.34,0.1399,173.9
3833,2083,53,1,318.47,0.1286,152.79
3834,2083,3,1,57.96,0.0732,26.91
3835,2083,5,1,259.51,0.1207,185.65
3836,2084,31,1,73.05,0.1675,39.52
3837,2084,5,1,233.56,0.2076,185.65
3838,2084,10,1,214.68,0.1983,120.42
3839,2085,11,3,295.18,0.1283,139.55
3840,2085,26,1,412.57,0.0869,164.45
3841,2085,9,1,273.34,0.131,108.49
3842,2086,4,1,230.9,0.0816,160.15
3843,2087,32,2,285.47,0.0864,130.06
3844,2087,9,1,239.17,0.0335,108.49
3845,2087,42,1,70.58,0.1056,37.56
3846,2088,29,1,151.89,0.0363,78.75
3847,2088,39,1,546.5,0.1089,144.85
3848,2089,48,3,209.59,0.1959,66.62
3849,2089,36,1,130.51,0.1811,66.1
3850,2090,45,1,72.93,0.1849,39.57
3851,2091,53,1,318.47,0.0431,152.79
3852,2091,14,1,183.17,0.0881,105.23
3853,2092,3,2,66.65,0.1058,26.91
3854,2093,29,1,122.95,0.1941,78.75
3855,2094,40,1,121.45,0.2208,53.25
3856,2094,24,2,477.17,0.187,217.31
3857,2095,2,2,358.37,0.0875,137.72
3858,2095,42,2,67.22,0.0815,37.56
3859,2095,22,2,240.93,0.0341,88.13
3860,2096,36,1,92.07,0.0551,66.1
3861,2097,5,3,220.58,0.078,185.65
3862,2098,40,1,121.45,0.127,53.25
3863,2099,22,3,204.79,0.11,88.13
3864,2099,40,1,98.32,0.1217,53.25
3865,2099,1,2,139.5,0.1843,91.78
3866,2099,36,1,105.65,0.1097,66.1
3867,2100,35,1,138.22,0.1683,79.44
3868,2101,15,2,40.93,0.0979,22.05
3869,2101,21,1,145.69,0.1023,94.68
3870,2101,28,3,223.27,0.0774,142.78
3871,2102,33,1,196.19,0.1777,122.16
3872,2103,20,2,98.88,0.2204,55.18
3873,2104,46,1,157.56,0.1014,81.26
3874,2104,7,2,188.46,0.1152,103.55
3875,2104,38,1,105.64,0.075,48.05
3876,2105,17,3,237.27,0.2093,127.08
3877,2106,38,1,121.48,0.0841,48.05
3878,2107,15,1,50.56,0.07,22.05
3879,2107,50,1,211.9,0.1006,118.05
3880,2107,49,1,131.25,0.0596,73.39
3881,2108,5,1,259.51,0.0932,185.65
3882,2108,12,1,466.07,0.0465,209.52
3883,2108,13,1,133.97,0.0605,77.45
3884,2109,5,1,259.51,0.0949,185.65
3885,2109,21,3,171.4,0.1031,94.68
3886,2109,1,1,164.12,0.2253,91.78
3887,2110,4,2,230.9,0.1021,160.15
3888,2110,31,2,68.99,0.09,39.52
3889,2110,6,1,64.57,0.0953,52.6
3890,2110,43,1,333.9,0.1018,182.69
3891,2111,5,1,298.44,0.1788,185.65
3892,2112,6,1,79.76,0.1812,52.6
3893,2112,31,1,85.22,0.2204,39.52
3894,2113,11,1,209.09,0.2301,139.55
3895,2113,40,1,98.32,0.2119,53.25
3896,2113,33,1,196.19,0.1962,122.16
3897,2114,17,1,206.32,0.2892,127.08
3898,2115,1,2,164.12,0.2027,91.78
3899,2115,35,2,153.58,0.1328,79.44
3900,2116,47,3,209.56,0.1736,89.54
3901,2117,30,2,268.55,0.0664,145.7
3902,2118,41,2,333.7,0.0634,180.53
3903,2119,1,1,172.33,0.2986,91.78
3904,2120,14,2,192.33,0.0871,105.23
3905,2121,10,1,274.31,0.1924,120.42
3906,2122,38,1,89.79,0.1322,48.05
3907,2122,47,2,169.65,0.1188,89.54
3908,2122,27,1,192.75,0.1355,88.49
3909,2122,14,1,155.69,0.0877,105.23
3910,2123,45,1,61.99,0.1025,39.57
3911,2124,30,2,268.55,0.166,145.7
3912,2125,22,2,252.98,0.1252,88.13
3913,2125,8,2,66.07,0.0926,43.6
3914,2125,37,1,111.83,0.1391,61.9
3915,2126,33,1,242.35,0.1778,122.16
3916,2127,53,1,318.47,0.0794,152.79
3917,2127,49,1,125.0,0.0411,73.39
3918,2127,28,1,262.67,0.0591,142.78
3919,2128,22,2,289.12,0.1109,88.13
3920,2128,3,1,69.55,0.1245,26.91
3921,2129,6,2,64.57,0.0447,52.6
3922,2129,8,1,53.48,0.0684,43.6
3923,2130,52,1,232.45,0.2062,115.34
3924,2131,9,1,205.01,0.1863,108.49
3925,2132,6,1,75.96,0.0921,52.6
3926,2132,12,2,466.07,0.0334,209.52
3927,2132,8,1,62.92,0.0449,43.6
3928,2132,3,1,57.96,0.0698,26.91
3929,2133,27,2,192.75,0.097,88.49
3930,2133,45,1,61.99,0.0822,39.57
3931,2134,47,1,179.63,0.1081,89.54
3932,2135,34,1,58.03,0.1386,37.12
3933,2136,20,2,84.76,0.2397,55.18
3934,2137,40,2,98.32,0.237,53.25
3935,2138,21,1,145.69,0.0942,94.68
3936,2139,6,2,64.57,0.2313,52.6
3937,2139,14,3,155.69,0.2355,105.23
3938,2140,13,2,160.77,0.2195,77.45
3939,2140,38,2,126.77,0.1888,48.05
3940,2141,40,1,98.32,0.2344,53.25
3941,2141,49,1,106.25,0.2263,73.39
3942,2142,6,1,64.57,0.0926,52.6
3943,2143,5,1,220.58,0.0955,185.65
3944,2144,36,1,142.94,0.0425,66.1
3945,2145,12,2,559.29,0.1425,209.52
3946,2145,28,1,315.2,0.1371,142.78
3947,2145,39,1,624.57,0.1155,144.85
3948,2145,5,1,311.41,0.1077,185.65
3949,2146,42,2,70.58,0.1936,37.56
3950,2146,6,1,79.76,0.2202,52.6
3951,2147,46,1,165.44,0.1021,81.26
3952,2148,5,1,220.58,0.1045,185.65
3953,2149,5,1,233.56,0.0302,185.65
3954,2150,38,1,95.07,0.2057,48.05
3955,2151,46,2,181.19,0.1608,81.26
3956,2151,38,1,121.48,0.1939,48.05
3957,2152,8,1,53.48,0.1947,43.6
3958,2152,37,1,90.53,0.1708,61.9
3959,2152,6,1,64.57,0.2134,52.6
3960,2153,7,1,160.19,0.0811,103.55
3961,2154,20,1,94.18,0.1872,55.18
3962,2154,23,1,76.98,0.2896,43.89
3963,2154,35,2,153.58,0.2099,79.44
3964,2154,34,1,92.16,0.2066,37.12
3965,2155,53,1,334.39,0.1966,152.79
3966,2155,6,1,79.76,0.2099,52.6
3967,2155,41,1,412.22,0.2103,180.53
3968,2156,35,1,138.22,0.1867,79.44
3969,2156,6,1,68.37,0.1714,52.6
3970,2156,49,1,112.5,0.2248,73.39
3971,2157,1,1,147.71,0.192,91.78
3972,2157,11,1,221.39,0.1196,139.55
3973,2157,12,1,419.47,0.1398,209.52
3974,2157,17,1,185.69,0.1652,127.08
3975,2158,5,3,311.41,0.1964,185.65
3976,2159,8,1,48.94,0.0915,43.6
3977,2159,49,1,97.22,0.0774,73.39
3978,2160,38,1,110.92,0.1874,48.05
3979,2161,29,1,130.19,0.0868,78.75
3980,2162,13,1,160.77,0.0402,77.45
3981,2162,20,1,113.01,0.0304,55.18
3982,2162,38,2,126.77,0.0669,48.05
3983,2162,9,1,273.34,0.0511,108.49
3984,2163,41,1,412.22,0.1758,180.53
3985,2164,6,1,79.76,0.179,52.6
3986,2165,9,2,193.62,0.0693,108.49
3987,2165,39,1,442.41,0.1035,144.85
3988,2166,29,1,130.19,0.0544,78.75
3989,2166,5,1,233.56,0.052,185.65
3990,2167,29,2,151.89,0.1983,78.75
3991,2167,28,2,275.8,0.2247,142.78
3992,2167,3,1,60.85,0.1811,26.91
3993,2168,13,2,133.97,0.1609,77.45
3994,2168,31,1,81.16,0.2296,39.52
3995,2168,30,1,315.94,0.1683,145.7
3996,2168,40,1,115.67,0.1827,53.25
3997,2169,5,1,259.51,0.1294,185.65
3998,2170,14,2,183.17,0.2197,105.23
3999,2170,6,1,75.96,0.1827,52.6
4000,2171,5,1,259.51,0.0859,185.65
4001,2171,30,1,315.94,0.0699,145.7
4002,2171,40,1,115.67,0.0817,53.25
4003,2172,31,1,81.16,0.0375,39.52
4004,2172,7,1,188.46,0.0832,103.55
4005,2172,45,2,72.93,0.0661,39.57
4006,2173,5,1,298.44,0.0779,185.65
4007,2174,21,1,154.26,0.0402,94.68
4008,2174,38,2,95.07,0.0366,48.05
4009,2175,51,1,433.37,0.1905,201.19
4010,2175,40,3,138.8,0.2148,53.25
4011,2176,5,2,233.56,0.1194,185.65
4012,2176,4,1,244.48,0.1345,160.15
4013,2177,14,2,183.17,0.0321,105.23
4014,2177,16,1,276.02,0.0337,150.82
4015,2178,8,1,53.48,0.0593,43.6
4016,2179,47,1,169.65,0.1166,89.54
4017,2179,1,2,139.5,0.2694,91.78
4018,2180,9,1,227.79,0.0689,108.49
4019,2180,30,2,315.94,0.0833,145.7
4020,2180,8,1,62.92,0.0261,43.6
4021,2180,15,1,48.15,0.0582,22.05
4022,2181,45,2,61.99,0.0472,39.57
4023,2181,1,2,139.5,0.1541,91.78
4024,2182,41,2,392.59,0.0807,180.53
4025,2183,5,1,233.56,0.195,185.65
4026,2184,3,1,49.26,0.1015,26.91
4027,2185,38,1,95.07,0.0306,48.05
4028,2185,6,1,68.37,0.0558,52.6
4029,2186,35,1,153.58,0.045,79.44
4030,2187,16,3,234.62,0.0826,150.82
4031,2187,21,1,145.69,0.0438,94.68
4032,2188,6,1,91.16,0.2117,52.6
4033,2188,42,1,80.66,0.2328,37.56
4034,2189,36,2,105.65,0.0333,66.1
4035,2189,13,1,113.88,0.081,77.45
4036,2190,7,2,197.88,0.069,103.55
4037,2190,32,1,285.47,0.1006,130.06
4038,2190,25,2,35.91,0.093,16.13
4039,2191,49,2,131.25,0.0553,73.39
4040,2191,17,2,216.64,0.222,127.08
4041,2191,25,3,35.91,0.0713,16.13
4042,2192,6,3,68.37,0.0408,52.6
4043,2193,1,1,109.41,0.3538,91.78
4044,2194,32,1,231.1,0.123,130.06
4045,2195,21,1,179.97,0.1975,94.68
4046,2196,39,1,546.5,0.2122,144.85
4047,2196,29,1,151.89,0.2226,78.75
4048,2196,22,2,252.98,0.2057,88.13
4049,2197,8,1,62.92,0.2267,43.6
4050,2197,3,1,57.96,0.2174,26.91
4051,2198,52,1,271.2,0.1879,115.34
4052,2199,41,1,333.7,0.0883,180.53
4053,2199,40,1,98.32,0.0381,53.25
4054,2199,38,1,89.79,0.0427,48.05
4055,2200,42,1,80.66,0.0596,37.56
4056,2201,1,3,196.94,0.1311,91.78
4057,2201,6,2,91.16,0.097,52.6
4058,2202,12,1,489.38,0.1264,209.52
4059,2203,22,1,240.93,0.198,88.13
4060,2204,4,1,312.39,0.0606,160.15
4061,2204,23,2,88.52,0.1853,43.89
4062,2205,25,2,39.32,0.0584,16.13
4063,2205,12,1,535.99,0.0351,209.52
4064,2205,29,1,166.35,0.0585,78.75
4065,2206,38,1,110.92,0.2031,48.05
4066,2206,52,1,271.2,0.1628,115.34
4067,2206,5,1,272.49,0.183,185.65
4068,2207,12,1,489.38,0.1137,209.52
4069,2207,30,1,331.74,0.1438,145.7
4070,2207,53,1,334.39,0.1026,152.79
4071,2207,8,1,66.07,0.1157,43.6
4072,2208,25,1,35.91,0.0584,16.13
4073,2209,6,1,64.57,0.0644,52.6
4074,2209,9,1,193.62,0.0959,108.49
4075,2210,17,1,247.58,0.2531,127.08
4076,2211,10,1,274.31,0.0302,120.42
4077,2211,8,1,72.36,0.0401,43.6
4078,2212,44,1,270.64,0.2246,119.7
4079,2213,31,2,81.16,0.0867,39.52
4080,2213,5,1,259.51,0.1326,185.65
4081,2214,8,1,62.92,0.1044,43.6
4082,2214,27,1,226.76,0.0568,88.49
4083,2215,8,1,62.92,0.1681,43.6
4084,2216,14,1,155.69,0.0374,105.23
4085,2217,6,2,79.76,0.2105,52.6
4086,2218,12,1,535.99,0.0996,209.52
4087,2218,17,1,237.27,0.1869,127.08
4088,2218,20,1,108.3,0.0604,55.18
4089,2219,31,1,85.22,0.063,39.52
4090,2220,1,1,188.74,0.2711,91.78
4091,2220,45,3,83.87,0.2285,39.57
4092,2221,6,1,79.76,0.2302,52.6
4093,2222,8,1,56.63,0.084,43.6
4094,2222,38,1,95.07,0.0854,48.05
4095,2223,37,3,127.8,0.2223,61.9
4096,2224,47,1,179.63,0.0695,89.54
4097,2224,50,3,181.63,0.0606,118.05
4098,2225,12,1,489.38,0.081,209.52
4099,2225,38,3,110.92,0.0677,48.05
4100,2226,7,2,160.19,0.106,103.55
4101,2226,29,1,122.95,0.0554,78.75
4102,2227,11,1,245.98,0.1327,139.55
4103,2227,12,1,466.07,0.1375,209.52
4104,2227,46,2,157.56,0.1089,81.26
4105,2227,5,1,259.51,0.1476,185.65
4106,2228,8,1,53.48,0.0409,43.6
4107,2228,35,1,130.54,0.0869,79.44
4108,2228,23,1,65.43,0.1979,43.89
4109,2229,17,3,175.37,0.1484,127.08
4110,2229,51,1,306.97,0.084,201.19
4111,2230,6,1,91.16,0.2064,52.6
4112,2230,25,1,41.03,0.1935,16.13
4113,2231,5,1,311.41,0.2077,185.65
4114,2232,14,1,183.17,0.0416,105.23
4115,2233,38,1,126.77,0.2331,48.05
4116,2234,5,1,259.51,0.079,185.65
4117,2235,9,1,177.17,0.1011,108.49
4118,2235,47,1,155.23,0.0718,89.54
4119,2236,21,1,205.68,0.1113,94.68
4120,2237,5,1,259.51,0.0914,185.65
4121,2237,3,3,57.96,0.0514,26.91
4122,2238,17,1,216.64,0.3585,127.08
4123,2239,49,3,131.25,0.1804,73.39
4124,2240,26,1,412.57,0.1875,164.45
4125,2240,39,1,624.57,0.1926,144.85
4126,2240,47,1,239.5,0.2057,89.54
4127,2241,28,1,302.07,0.2294,142.78
4128,2241,13,3,154.07,0.1668,77.45
4129,2241,3,2,66.65,0.1807,26.91
4130,2242,25,1,29.07,0.0549,16.13
4131,2242,34,1,78.34,0.0553,37.12
4132,2242,32,2,231.1,0.0961,130.06
4133,2243,51,1,433.37,0.056,201.19
4134,2243,6,1,91.16,0.1056,52.6
4135,2243,44,1,270.64,0.0588,119.7
4136,2244,8,1,75.51,0.2269,43.6
4137,2244,5,1,311.41,0.1662,185.65
4138,2245,12,1,396.16,0.2344,209.52
4139,2245,32,1,231.1,0.2156,130.06
4140,2245,28,3,223.27,0.1696,142.78
4141,2245,5,1,220.58,0.1779,185.65
4142,2246,34,2,105.99,0.0324,37.12
4143,2246,23,1,88.52,0.2205,43.89
4144,2247,52,1,271.2,0.172,115.34
4145,2247,16,1,289.82,0.2015,150.82
4146,2248,5,1,272.49,0.0472,185.65
4147,2249,35,1,153.58,0.0567,79.44
4148,2250,17,3,216.64,0.2516,127.08
4149,2251,5,1,220.58,0.2003,185.65
4150,2251,7,1,160.19,0.2005,103.55
4151,2251,29,1,122.95,0.2384,78.75
4152,2252,1,1,196.94,0.2973,91.78
4153,2253,35,1,138.22,0.0385,79.44
4154,2254,53,1,318.47,0.1,152.79
4155,2254,31,1,81.16,0.09,39.52
4156,2255,47,1,199.58,0.0481,89.54
4157,2255,29,2,144.65,0.0661,78.75
4158,2255,32,2,271.88,0.0611,130.06
4159,2255,24,1,454.45,0.0273,217.31
4160,2256,9,1,193.62,0.0423,108.49
4161,2257,10,1,286.24,0.2227,120.42
4162,2257,49,1,150.0,0.2102,73.39
4163,2257,11,2,295.18,0.1978,139.55
4164,2257,24,1,545.34,0.1796,217.31
4165,2258,52,1,271.2,0.1162,115.34
4166,2258,41,1,412.22,0.0898,180.53
4167,2259,49,1,125.0,0.0704,73.39
4168,2260,51,2,325.02,0.2286,201.19
4169,2260,38,1,95.07,0.235,48.05
4170,2260,23,1,69.28,0.2449,43.89
4171,2261,45,1,72.93,0.0767,39.57
4172,2261,38,2,105.64,0.0505,48.05
4173,2262,1,1,164.12,0.325,91.78
4174,2262,48,3,199.61,0.2389,66.62
4175,2263,13,1,133.97,0.1061,77.45
4176,2264,10,1,250.46,0.05,120.42
4177,2265,8,1,66.07,0.2356,43.6
4178,2265,38,1,110.92,0.1697,48.05
4179,2265,31,1,85.22,0.1703,39.52
4180,2265,35,1,161.25,0.1782,79.44
4181,2266,25,2,29.07,0.1837,16.13
4182,2267,32,2,326.25,0.0548,130.06
4183,2268,1,2,188.74,0.3471,91.78
4184,2268,20,1,108.3,0.2025,55.18
4185,2269,5,1,259.51,0.1786,185.65
4186,2270,8,1,53.48,0.1667,43.6
4187,2271,13,1,160.77,0.0634,77.45
4188,2272,27,2,238.1,0.1676,88.49
4189,2273,51,1,361.14,0.0569,201.19
4190,2273,31,1,81.16,0.0495,39.52
4191,2273,13,1,133.97,0.036,77.45
4192,2274,28,2,262.67,0.1633,142.78
4193,2274,40,1,115.67,0.2225,53.25
4194,2274,5,1,259.51,0.1924,185.65
4195,2274,31,3,81.16,0.2394,39.52
4196,2275,13,1,113.88,0.092,77.45
4197,2276,52,3,309.94,0.1648,115.34
4198,2276,12,1,559.29,0.2194,209.52
4199,2276,6,1,91.16,0.2148,52.6
4200,2277,4,1,325.98,0.0636,160.15
4201,2278,49,1,112.5,0.0954,73.39
4202,2279,5,1,233.56,0.1943,185.65
4203,2279,41,1,353.33,0.2045,180.53
4204,2280,32,3,326.25,0.036,130.06
4205,2281,6,1,75.96,0.0836,52.6
4206,2282,7,3,188.46,0.0529,103.55
4207,2282,16,1,276.02,0.0422,150.82
4208,2282,5,2,259.51,0.0449,185.65
4209,2283,31,1,81.16,0.0894,39.52
4210,2283,25,2,34.2,0.061,16.13
4211,2284,40,1,133.02,0.1072,53.25
4212,2285,5,1,259.51,0.0377,185.65
4213,2285,17,2,206.32,0.2153,127.08
4214,2285,10,1,238.53,0.0918,120.42
4215,2286,23,1,92.37,0.1925,43.89
4216,2286,39,1,624.57,0.0826,144.85
4217,2286,8,1,75.51,0.0541,43.6
4218,2286,37,2,127.8,0.0907,61.9
4219,2287,25,1,35.91,0.1839,16.13
4220,2288,5,2,298.44,0.1789,185.65
4221,2288,6,2,87.36,0.1815,52.6
4222,2289,53,1,334.39,0.0327,152.79
4223,2289,52,1,271.2,0.105,115.34
4224,2290,5,1,259.51,0.1634,185.65
4225,2291,8,1,53.48,0.2357,43.6
4226,2291,32,1,231.1,0.23,130.06
4227,2292,8,3,53.48,0.1919,43.6
4228,2292,7,1,160.19,0.1935,103.55
4229,2293,13,1,133.97,0.0976,77.45
4230,2293,38,1,105.64,0.1043,48.05
4231,2293,33,2,230.81,0.105,122.16
4232,2294,51,1,325.02,0.2245,201.19
4233,2294,5,1,233.56,0.2012,185.65
4234,2294,8,2,56.63,0.1908,43.6
4235,2295,5,1,272.49,0.0877,185.65
4236,2296,6,2,64.57,0.2198,52.6
4237,2297,51,1,325.02,0.2226,201.19
4238,2298,21,1,145.69,0.0751,94.68
4239,2298,5,3,220.58,0.0327,185.65
4240,2299,34,1,78.34,0.0351,37.12
4241,2299,20,1,80.05,0.0494,55.18
4242,2300,25,1,34.2,0.2091,16.13
4243,2300,38,1,105.64,0.2318,48.05
4244,2301,39,1,442.41,0.0621,144.85
4245,2302,53,3,286.62,0.0281,152.79
4246,2302,13,1,120.58,0.0779,77.45
4247,2303,3,1,69.55,0.1067,26.91
4248,2304,21,1,145.69,0.0766,94.68
4249,2305,3,2,66.65,0.1706,26.91
4250,2305,15,2,55.38,0.2029,22.05
4251,2306,8,1,53.48,0.1002,43.6
4252,2306,18,1,551.09,0.1015,173.9
4253,2307,51,3,361.14,0.0992,201.19
4254,2308,8,2,72.36,0.0823,43.6
4255,2308,26,1,395.38,0.0414,164.45
4256,2308,21,1,197.11,0.0337,94.68
4257,2309,6,1,64.57,0.0235,52.6
4258,2310,45,1,72.93,0.034,39.57
4259,2311,17,1,185.69,0.2228,127.08
4260,2311,5,1,233.56,0.0404,185.65
4261,2312,1,1,172.33,0.1594,91.78
4262,2312,37,1,111.83,0.0391,61.9
4263,2313,43,1,451.75,0.0388,182.69
4264,2313,35,2,176.61,0.0852,79.44
4265,2314,8,3,66.07,0.0469,43.6
4266,2314,1,1,172.33,0.2141,91.78
4267,2315,46,1,165.44,0.1716,81.26
4268,2315,17,2,216.64,0.2777,127.08
4269,2315,31,1,85.22,0.1868,39.52
4270,2315,23,1,80.83,0.3271,43.89
4271,2316,17,1,247.58,0.1565,127.08
4272,2317,13,1,120.58,0.0462,77.45
4273,2317,42,1,60.49,0.089,37.56
4274,2318,2,1,322.53,0.0855,137.72
4275,2318,40,2,104.1,0.0394,53.25
4276,2319,16,1,234.62,0.0459,150.82
4277,2320,49,1,106.25,0.0685,73.39
4278,2321,27,1,192.75,0.1376,88.49
4279,2322,14,1,155.69,0.0823,105.23
4280,2322,45,1,61.99,0.0734,39.57
4281,2323,32,1,231.1,0.0923,130.06
4282,2324,53,2,286.62,0.2137,152.79
4283,2325,22,1,240.93,0.0499,88.13
4284,2325,20,1,94.18,0.0906,55.18
4285,2325,10,1,238.53,0.0341,120.42
4286,2326,23,1,76.98,0.2805,43.89
4287,2326,33,2,230.81,0.1737,122.16
4288,2327,29,1,122.95,0.1836,78.75
4289,2328,27,2,260.77,0.0481,88.49
4290,2328,25,2,39.32,0.0743,16.13
4291,2328,1,3,188.74,0.163,91.78
4292,2329,4,3,312.39,0.0685,160.15
4293,2329,26,2,395.38,0.0972,164.45
4294,2329,8,2,72.36,0.0667,43.6
4295,2329,1,2,188.74,0.1598,91.78
4296,2330,12,2,466.07,0.1837,209.52
4297,2330,52,1,258.28,0.1785,115.34
4298,2331,53,1,286.62,0.0392,152.79
4299,2331,12,1,419.47,0.0729,209.52
4300,2332,23,2,69.28,0.2008,43.89
4301,2333,41,2,451.48,0.0826,180.53
4302,2334,36,1,130.51,0.2174,66.1
4303,2335,5,3,272.49,0.042,185.65
4304,2335,31,1,85.22,0.0674,39.52
4305,2336,37,1,106.5,0.2161,61.9
4306,2336,1,1,164.12,0.3492,91.78
4307,2336,7,1,188.46,0.2337,103.55
4308,2336,17,2,206.32,0.2977,127.08
4309,2337,6,2,64.57,0.0416,52.6
4310,2337,13,1,113.88,0.0734,77.45
4311,2337,21,2,145.69,0.0757,94.68
4312,2337,46,1,133.92,0.0912,81.26
4313,2338,46,1,181.19,0.2029,81.26
4314,2339,36,1,142.94,0.2329,66.1
4315,2340,5,1,259.51,0.0557,185.65
4316,2341,4,1,244.48,0.0626,160.15
4317,2341,42,1,60.49,0.059,37.56
4318,2341,21,2,154.26,0.0589,94.68
4319,2341,1,1,147.71,0.2106,91.78
4320,2342,15,1,57.79,0.1286,22.05
4321,2343,53,2,318.47,0.0876,152.79
4322,2344,6,1,50.64,0.0916,52.6
4323,2344,21,1,114.26,0.0717,94.68
4324,2345,36,1,105.65,0.0828,66.1
4325,2345,31,1,68.99,0.0672,39.52
4326,2346,47,1,229.52,0.0981,89.54
4327,2347,41,1,333.7,0.0688,180.53
4328,2348,16,1,317.42,0.1008,150.82
4329,2348,7,1,216.73,0.041,103.55
4330,2348,4,1,312.39,0.0538,160.15
4331,2349,5,3,220.58,0.0969,185.65
4332,2349,21,2,145.69,0.0714,94.68
4333,2350,6,1,68.37,0.0716,52.6
4334,2351,33,1,196.19,0.0655,122.16
4335,2352,49,2,131.25,0.0632,73.39
4336,2353,37,1,122.48,0.0764,61.9
4337,2354,7,1,188.46,0.0337,103.55
4338,2354,3,1,57.96,0.0769,26.91
4339,2355,23,2,65.43,0.3393,43.89
4340,2355,50,2,171.54,0.2162,118.05
4341,2355,6,1,64.57,0.1967,52.6
4342,2355,13,1,113.88,0.1925,77.45
4343,2356,5,1,259.51,0.1341,185.65
4344,2357,20,2,84.76,0.0627,55.18
4345,2358,11,3,209.09,0.0834,139.55
4346,2359,26,2,292.23,0.2314,164.45
4347,2360,44,3,202.98,0.0707,119.7
4348,2361,5,1,259.51,0.1933,185.65
4349,2362,52,1,219.54,0.0309,115.34
4350,2363,35,2,138.22,0.2106,79.44
4351,2363,17,3,185.69,0.3097,127.08
4352,2364,25,3,34.2,0.133,16.13
4353,2365,50,1,232.08,0.0902,118.05
4354,2365,8,1,72.36,0.0971,43.6
4355,2366,4,1,325.98,0.1926,160.15
4356,2367,20,1,94.18,0.2163,55.18
4357,2367,10,1,238.53,0.2248,120.42
4358,2368,29,1,173.58,0.0492,78.75
4359,2369,45,3,76.57,0.221,39.57
4360,2369,49,1,131.25,0.2297,73.39
4361,2370,26,1,292.23,0.1023,164.45
4362,2371,38,2,82.16,0.0586,48.05
4363,2372,1,1,172.33,0.1776,91.78
4364,2372,31,1,85.22,0.0959,39.52
4365,2373,41,1,353.33,0.0979,180.53
4366,2374,45,1,61.99,0.1623,39.57
4367,2375,14,1,219.8,0.135,105.23
4368,2375,5,1,311.41,0.1282,185.65
4369,2376,12,1,466.07,0.1982,209.52
4370,2377,35,1,130.54,0.07,79.44
4371,2377,1,1,139.5,0.1578,91.78
4372,2377,12,1,396.16,0.0497,209.52
4373,2377,17,1,175.37,0.138,127.08
4374,2378,48,2,179.65,0.0985,66.62
4375,2379,13,1,160.77,0.1983,77.45
4376,2379,6,2,91.16,0.2052,52.6
4377,2379,18,2,778.0,0.2011,173.9
4378,2380,5,3,311.41,0.057,185.65
4379,2380,4,2,325.98,0.0864,160.15
4380,2381,31,2,73.05,0.0794,39.52
4381,2381,22,1,216.84,0.0735,88.13
4382,2381,39,1,468.43,0.0756,144.85
4383,2381,29,1,130.19,0.0486,78.75
4384,2382,46,2,157.56,0.1899,81.26
4385,2383,9,1,239.17,0.1764,108.49
4386,2383,6,2,79.76,0.2194,52.6
4387,2384,17,1,206.32,0.117,127.08
4388,2384,1,1,164.12,0.203,91.78
4389,2384,9,2,227.79,0.0323,108.49
4390,2384,3,2,57.96,0.035,26.91
4391,2385,20,1,113.01,0.0711,55.18
4392,2386,2,1,304.62,0.1052,137.72
4393,2387,40,2,115.67,0.032,53.25
4394,2387,22,1,240.93,0.0489,88.13
4395,2388,21,1,145.69,0.1012,94.68
4396,2388,11,1,209.09,0.0902,139.55
4397,2388,22,3,204.79,0.0806,88.13
4398,2388,8,1,53.48,0.1055,43.6
4399,2389,8,3,66.07,0.2273,43.6
4400,2389,35,1,161.25,0.1854,79.44
4401,2390,45,1,65.63,0.2366,39.57
4402,2391,38,1,110.92,0.0683,48.05
4403,2391,33,3,242.35,0.0786,122.16
4404,2391,3,1,60.85,0.1095,26.91
4405,2392,10,1,214.68,0.1145,120.42
4406,2393,33,1,242.35,0.0903,122.16
4407,2394,6,2,91.16,0.186,52.6
4408,2394,3,1,69.55,0.2267,26.91
4409,2395,24,1,522.62,0.1955,217.31
4410,2396,24,1,386.28,0.1083,217.31
4411,2396,37,2,90.53,0.0429,61.9
4412,2397,50,1,211.9,0.2387,118.05
4413,2397,22,1,252.98,0.2389,88.13
4414,2398,33,1,242.35,0.088,122.16
4415,2399,46,1,157.56,0.0553,81.26
4416,2399,5,2,259.51,0.0656,185.65
4417,2400,5,1,298.44,0.1998,185.65
4418,2401,22,1,216.84,0.2351,88.13
4419,2401,50,1,181.63,0.2395,118.05
4420,2402,42,1,70.58,0.0434,37.56
4421,2403,9,2,193.62,0.2241,108.49
4422,2403,47,1,169.65,0.1657,89.54
4423,2404,52,1,232.45,0.0842,115.34
4424,2405,8,3,72.36,0.0521,43.6
4425,2405,36,2,142.94,0.065,66.1
4426,2405,22,1,277.07,0.0625,88.13
4427,2405,35,2,176.61,0.057,79.44
4428,2406,16,3,234.62,0.2334,150.82
4429,2406,26,1,292.23,0.1842,164.45
4430,2407,24,1,409.01,0.109,217.31
4431,2407,35,1,138.22,0.0638,79.44
4432,2407,17,3,185.69,0.1516,127.08
4433,2407,13,1,120.58,0.0602,77.45
4434,2408,14,2,192.33,0.0712,105.23
4435,2409,32,1,271.88,0.219,130.06
4436,2409,17,1,206.32,0.2703,127.08
4437,2410,5,2,220.58,0.0941,185.65
4438,2410,30,1,268.55,0.0848,145.7
4439,2410,24,1,386.28,0.0933,217.31
4440,2411,12,1,535.99,0.0697,209.52
4441,2412,28,1,302.07,0.0585,142.78
4442,2412,47,2,229.52,0.0398,89.54
4443,2412,29,1,166.35,0.073,78.75
4444,2413,31,2,81.16,0.1907,39.52
4445,2414,21,1,145.69,0.1877,94.68
4446,2415,14,1,183.17,0.0804,105.23
4447,2416,5,2,298.44,0.1077,185.65
4448,2416,49,1,143.75,0.0981,73.39
4449,2417,5,1,259.51,0.1863,185.65
4450,2417,49,3,125.0,0.2384,73.39
4451,2417,13,3,133.97,0.2164,77.45
4452,2418,32,3,271.88,0.0747,130.06
4453,2418,44,1,225.53,0.0742,119.7
4454,2418,21,1,171.4,0.1167,94.68
4455,2418,1,1,164.12,0.2722,91.78
4456,2419,14,1,192.33,0.0567,105.23
4457,2419,12,1,489.38,0.065,209.52
4458,2420,13,2,133.97,0.0737,77.45
4459,2421,13,1,120.58,0.101,77.45
4460,2421,49,1,112.5,0.0663,73.39
4461,2421,29,1,130.19,0.0874,78.75
4462,2422,9,1,193.62,0.1458,108.49
4463,2422,15,1,40.93,0.0818,22.05
4464,2423,13,1,140.67,0.0911,77.45
4465,2424,50,3,201.81,0.1214,118.05
4466,2424,23,1,76.98,0.2317,43.89
4467,2425,7,1,216.73,0.0657,103.55
4468,2425,9,1,261.95,0.1044,108.49
4469,2426,8,1,53.48,0.067,43.6
4470,2427,46,2,157.56,0.0348,81.26
4471,2428,20,1,94.18,0.231,55.18
4472,2428,12,2,466.07,0.2033,209.52
4473,2428,23,1,76.98,0.3006,43.89
4474,2428,36,1,124.29,0.1675,66.1
4475,2429,28,1,223.27,0.1635,142.78
4476,2430,46,1,133.92,0.0878,81.26
4477,2431,50,2,171.54,0.1763,118.05
4478,2431,5,1,220.58,0.2299,185.65
4479,2432,32,1,231.1,0.2065,130.06
4480,2432,36,1,105.65,0.1711,66.1
4481,2432,40,1,98.32,0.2225,53.25
4482,2433,1,1,139.5,0.2837,91.78
4483,2433,49,1,106.25,0.2241,73.39
4484,2434,29,2,122.95,0.0319,78.75
4485,2434,8,1,53.48,0.0607,43.6
4486,2435,5,1,272.49,0.0785,185.65
4487,2436,5,1,259.51,0.1713,185.65
4488,2436,36,1,124.29,0.2236,66.1
4489,2436,9,3,227.79,0.1865,108.49
4490,2437,4,1,271.65,0.0982,160.15
4491,2437,41,1,392.59,0.0886,180.53
4492,2438,22,1,240.93,0.0757,88.13
4493,2439,35,1,161.25,0.2143,79.44
4494,2439,15,1,50.56,0.1662,22.05
4495,2440,38,2,105.64,0.217,48.05
4496,2440,21,1,171.4,0.2085,94.68
4497,2441,15,1,50.56,0.1147,22.05
4498,2441,5,1,272.49,0.1274,185.65
4499,2442,16,1,234.62,0.2389,150.82
4500,2442,21,1,145.69,0.1687,94.68
4501,2443,12,1,396.16,0.1031,209.52
4502,2443,37,1,90.53,0.047,61.9
4503,2444,2,1,358.37,0.0934,137.72
4504,2444,50,1,201.81,0.0722,118.05
4505,2445,24,1,454.45,0.0711,217.31
4506,2446,48,1,239.53,0.1043,66.62
4507,2447,17,1,185.69,0.1564,127.08
4508,2447,14,3,164.85,0.0569,105.23
4509,2448,15,1,40.93,0.0621,22.05
4510,2449,21,2,171.4,0.0671,94.68
4511,2449,8,1,62.92,0.0746,43.6
4512,2449,33,1,230.81,0.1052,122.16
4513,2450,13,1,140.67,0.0316,77.45
4514,2450,49,1,131.25,0.0404,73.39
4515,2451,24,1,386.28,0.1764,217.31
4516,2451,33,1,196.19,0.2081,122.16
4517,2452,20,3,108.3,0.0517,55.18
4518,2453,42,2,57.13,0.041,37.56
4519,2454,8,1,75.51,0.2267,43.6
4520,2455,5,2,220.58,0.0488,185.65
4521,2455,12,1,396.16,0.0543,209.52
4522,2455,17,1,175.37,0.2155,127.08
4523,2456,53,1,334.39,0.2174,152.79
4524,2456,41,2,412.22,0.1931,180.53
4525,2457,5,1,220.58,0.2134,185.65
4526,2457,3,1,49.26,0.2202,26.91
4527,2457,1,1,139.5,0.3138,91.78
4528,2458,40,1,115.67,0.1877,53.25
4529,2458,5,3,259.51,0.2225,185.65
4530,2459,2,2,412.13,0.0551,137.72
4531,2460,8,3,66.07,0.0722,43.6
4532,2460,23,1,80.83,0.189,43.89
4533,2461,38,1,95.07,0.0851,48.05
4534,2461,51,1,325.02,0.0615,201.19
4535,2462,5,1,220.58,0.1817,185.65
4536,2462,12,2,396.16,0.1622,209.52
4537,2462,7,1,160.19,0.2163,103.55
4538,2463,41,2,392.59,0.0526,180.53
4539,2464,13,2,160.77,0.168,77.45
4540,2464,19,2,609.54,0.2346,137.57
4541,2464,35,1,184.29,0.1998,79.44
4542,2465,8,1,66.07,0.2342,43.6
4543,2466,19,1,533.35,0.0668,137.57
4544,2467,21,1,205.68,0.0763,94.68
4545,2468,51,1,433.37,0.0825,201.19
4546,2468,6,1,91.16,0.1059,52.6
4547,2468,43,2,471.39,0.0966,182.69
4548,2468,8,3,75.51,0.074,43.6
4549,2469,12,2,489.38,0.2161,209.52
4550,2469,27,1,238.1,0.2068,88.49
4551,2470,17,2,237.27,0.1926,127.08
4552,2470,13,1,154.07,0.1062,77.45
4553,2470,6,1,87.36,0.0917,52.6
4554,2471,4,1,230.9,0.1779,160.15
4555,2471,1,1,139.5,0.343,91.78
4556,2471,21,1,145.69,0.1716,94.68
4557,2472,6,1,79.76,0.1982,52.6
4558,2473,44,2,202.98,0.04,119.7
4559,2474,17,1,216.64,0.3164,127.08
4560,2475,35,1,153.58,0.0629,79.44
4561,2475,53,1,318.47,0.0988,152.79
4562,2476,47,1,199.58,0.1848,89.54
4563,2476,8,1,62.92,0.2157,43.6
4564,2477,40,3,121.45,0.1795,53.25
4565,2477,45,2,76.57,0.2329,39.57
4566,2477,28,2,275.8,0.1691,142.78
4567,2477,13,2,140.67,0.2131,77.45
4568,2478,29,1,166.35,0.0599,78.75
4569,2479,17,2,206.32,0.2108,127.08
4570,2479,8,1,62.92,0.1344,43.6
4571,2480,5,1,311.41,0.0475,185.65
4572,2480,25,1,41.03,0.1016,16.13
4573,2480,29,1,173.58,0.0914,78.75
4574,2481,26,1,292.23,0.1064,164.45
4575,2481,36,1,105.65,0.1453,66.1
4576,2482,10,1,250.46,0.2096,120.42
4577,2483,23,1,76.98,0.1371,43.89
4578,2483,9,1,227.79,0.051,108.49
4579,2484,22,1,289.12,0.0897,88.13
4580,2485,39,1,546.5,0.035,144.85
4581,2485,30,1,331.74,0.0581,145.7
4582,2485,24,1,477.17,0.0464,217.31
4583,2485,14,3,192.33,0.0361,105.23
4584,2486,20,2,84.76,0.0355,55.18
4585,2487,28,1,275.8,0.2115,142.78
4586,2487,23,1,80.83,0.3034,43.89
4587,2488,32,1,312.66,0.1906,130.06
4588,2489,5,1,298.44,0.1099,185.65
4589,2489,49,1,143.75,0.0359,73.39
4590,2490,18,2,648.34,0.037,173.9
4591,2491,21,1,145.69,0.0781,94.68
4592,2492,24,1,386.28,0.1886,217.31
4593,2492,6,2,64.57,0.2336,52.6
4594,2492,1,1,139.5,0.3268,91.78
4595,2493,6,1,91.16,0.2365,52.6
4596,2494,46,1,165.44,0.1625,81.26
4597,2494,16,1,289.82,0.2179,150.82
4598,2495,29,1,122.95,0.2185,78.75
4599,2495,36,2,105.65,0.2071,66.1
4600,2496,49,1,150.0,0.0471,73.39
4601,2496,7,1,226.15,0.0535,103.55
4602,2497,31,1,73.05,0.1061,39.52
4603,2497,4,1,244.48,0.044,160.15
4604,2498,51,1,361.14,0.0478,201.19
4605,2498,29,1,144.65,0.1041,78.75
4606,2498,8,1,62.92,0.1001,43.6
4607,2499,9,2,193.62,0.0339,108.49
4608,2499,7,1,160.19,0.0316,103.55
4609,2500,47,1,179.63,0.0597,89.54
4610,2501,26,1,309.42,0.1762,164.45
4611,2501,17,3,185.69,0.3386,127.08
4612,2501,23,1,69.28,0.3425,43.89
4613,2502,7,1,216.73,0.12,103.55
4614,2502,24,1,522.62,0.1294,217.31
4615,2502,16,2,317.42,0.1404,150.82
4616,2502,8,1,72.36,0.0749,43.6
4617,2503,12,1,489.38,0.2246,209.52
4618,2504,15,1,57.79,0.1321,22.05
4619,2504,25,2,41.03,0.0924,16.13
4620,2505,41,1,333.7,0.079,180.53
4621,2505,1,2,139.5,0.1764,91.78
4622,2505,5,1,220.58,0.1135,185.65
4623,2506,25,1,26.6,0.1917,16.13
4624,2507,47,1,209.56,0.0711,89.54
4625,2508,11,1,209.09,0.2145,139.55
4626,2508,28,1,223.27,0.1905,142.78
4627,2509,52,1,258.28,0.1835,115.34
4628,2509,40,1,115.67,0.1643,53.25
4629,2509,18,3,648.34,0.1939,173.9
4630,2509,21,3,171.4,0.2179,94.68
4631,2510,17,1,185.69,0.3043,127.08
4632,2511,39,1,598.55,0.0701,144.85
4633,2511,25,1,39.32,0.0513,16.13
4634,2512,12,2,535.99,0.0323,209.52
4635,2513,1,1,172.33,0.3336,91.78
4636,2513,37,2,111.83,0.2254,61.9
4637,2514,9,3,205.01,0.0903,108.49
4638,2514,8,2,56.63,0.1173,43.6
4639,2514,33,2,207.73,0.1052,122.16
4640,2515,31,1,81.16,0.0605,39.52
4641,2516,23,1,69.28,0.2163,43.89
4642,2516,15,1,43.34,0.032,22.05
4643,2516,40,1,104.1,0.0822,53.25
4644,2516,36,1,111.87,0.0321,66.1
4645,2517,34,2,82.95,0.2345,37.12
4646,2517,45,2,65.63,0.1717,39.57
4647,2518,29,3,122.95,0.1,78.75
4648,2519,27,3,260.77,0.2268,88.49
4649,2520,8,1,62.92,0.0916,43.6
4650,2520,5,1,259.51,0.0722,185.65
4651,2520,15,1,48.15,0.0608,22.05
4652,2521,16,3,331.23,0.081,150.82
4653,2522,8,1,72.36,0.0731,43.6
4654,2523,5,1,272.49,0.2295,185.65
4655,2524,8,1,72.36,0.035,43.6
4656,2525,16,1,276.02,0.0733,150.82
4657,2526,3,1,57.96,0.0345,26.91
4658,2526,17,1,206.32,0.2205,127.08
4659,2526,16,1,276.02,0.1052,150.82
4660,2527,45,1,83.87,0.0717,39.57
4661,2527,10,1,274.31,0.092,120.42
4662,2527,18,1,745.59,0.0325,173.9
4663,2528,50,1,201.81,0.0882,118.05
4664,2529,13,1,133.97,0.0978,77.45
4665,2530,44,1,236.81,0.1034,119.7
4666,2531,41,1,353.33,0.1031,180.53
4667,2532,49,3,143.75,0.1928,73.39
4668,2532,8,1,72.36,0.1886,43.6
4669,2533,1,1,188.74,0.2333,91.78
4670,2534,40,1,138.8,0.095,53.25
4671,2535,4,1,230.9,0.093,160.15
4672,2536,30,3,198.93,0.073,145.7
4673,2536,5,1,163.4,0.0788,185.65
4674,2536,3,1,36.49,0.0445,26.91
4675,2536,8,3,39.62,0.0904,43.6
4676,2537,16,2,289.82,0.2262,150.82
4677,2537,12,3,489.38,0.1778,209.52
4678,2538,29,1,151.89,0.0592,78.75
4679,2538,42,1,70.58,0.034,37.56
4680,2539,16,1,289.82,0.1938,150.82
4681,2540,38,1,95.07,0.1437,48.05
4682,2541,38,2,110.92,0.0926,48.05
4683,2542,1,2,188.74,0.3014,91.78
4684,2543,53,1,334.39,0.1764,152.79
4685,2544,9,1,205.01,0.0814,108.49
4686,2545,5,2,220.58,0.0824,185.65
4687,2546,20,3,80.05,0.2071,55.18
4688,2546,42,1,57.13,0.2222,37.56
4689,2547,5,3,311.41,0.0916,185.65
4690,2548,53,3,270.7,0.0534,152.79
4691,2549,23,1,65.43,0.2622,43.89
4692,2549,5,2,220.58,0.2044,185.65
4693,2549,31,1,68.99,0.2343,39.52
4694,2550,5,1,272.49,0.186,185.65
4695,2550,40,2,121.45,0.1791,53.25
4696,2550,37,1,111.83,0.2163,61.9
4697,2551,8,3,66.07,0.1665,43.6
4698,2552,32,1,312.66,0.2341,130.06
4699,2553,8,1,56.63,0.0714,43.6
4700,2553,1,1,147.71,0.1842,91.78
4701,2553,45,2,65.63,0.1024,39.57
4702,2554,6,3,68.37,0.2233,52.6
4703,2554,3,1,52.16,0.2222,26.91
4704,2555,21,1,154.26,0.0371,94.68
4705,2555,53,2,286.62,0.0471,152.79
4706,2556,4,1,230.9,0.2203,160.15
4707,2556,35,1,130.54,0.2209,79.44
4708,2556,13,2,113.88,0.1945,77.45
4709,2556,49,1,106.25,0.2377,73.39
4710,2557,3,2,52.16,0.1886,26.91
4711,2557,9,3,205.01,0.2396,108.49
4712,2557,14,1,164.85,0.2007,105.23
4713,2557,13,1,120.58,0.2064,77.45
4714,2558,4,1,325.98,0.1633,160.15
4715,2558,30,1,379.13,0.1949,145.7
4716,2559,23,2,65.43,0.1431,43.89
4717,2559,45,1,61.99,0.0531,39.57
4718,2560,26,1,343.8,0.0979,164.45
4719,2561,5,3,220.58,0.1899,185.65
4720,2561,42,1,57.13,0.1954,37.56
4721,2562,22,2,289.12,0.1194,88.13
4722,2563,5,1,259.51,0.189,185.65
4723,2563,15,3,48.15,0.1816,22.05
4724,2564,53,1,334.39,0.0991,152.79
4725,2565,3,1,57.96,0.2196,26.91
4726,2565,18,1,648.34,0.1733,173.9
4727,2566,31,1,68.99,0.0641,39.52
4728,2566,5,1,220.58,0.0739,185.65
4729,2567,6,2,79.76,0.0806,52.6
4730,2567,52,2,271.2,0.0976,115.34
4731,2568,17,1,175.37,0.3315,127.08
4732,2569,49,1,112.5,0.2153,73.39
4733,2570,49,2,143.75,0.2222,73.39
4734,2571,44,2,225.53,0.2363,119.7
4735,2571,27,1,226.76,0.1623,88.49
4736,2571,45,1,72.93,0.2343,39.57
4737,2572,34,1,96.77,0.0765,37.12
4738,2572,4,1,285.23,0.1054,160.15
4739,2572,3,1,60.85,0.0535,26.91
4740,2573,13,1,120.58,0.0806,77.45
4741,2574,51,1,306.97,0.1178,201.19
4742,2574,27,2,192.75,0.0739,88.49
4743,2574,5,1,220.58,0.1438,185.65
4744,2575,5,1,220.58,0.0596,185.65
4745,2575,51,1,306.97,0.1047,201.19
4746,2576,33,1,265.43,0.0663,122.16
4747,2577,39,1,346.99,0.0433,144.85
4748,2578,3,1,60.85,0.2343,26.91
4749,2579,4,1,325.98,0.0383,160.15
4750,2579,23,1,92.37,0.2137,43.89
4751,2579,37,1,127.8,0.0873,61.9
4752,2580,44,2,270.64,0.0944,119.7
4753,2581,46,1,133.92,0.2059,81.26
4754,2581,5,1,220.58,0.2017,185.65
4755,2582,41,1,412.22,0.052,180.53
4756,2583,31,1,68.99,0.1477,39.52
4757,2584,8,1,75.51,0.0407,43.6
4758,2584,38,2,126.77,0.08,48.05
4759,2585,6,2,79.76,0.161,52.6
4760,2586,29,2,122.95,0.1788,78.75
4761,2587,3,1,49.26,0.1681,26.91
4762,2587,7,1,160.19,0.2178,103.55
4763,2587,29,1,122.95,0.2159,78.75
4764,2588,31,2,93.34,0.0707,39.52
4765,2589,8,1,62.92,0.0716,43.6
4766,2590,45,2,72.93,0.1911,39.57
4767,2590,3,1,57.96,0.1818,26.91
4768,2590,8,1,62.92,0.1795,43.6
4769,2591,12,2,559.29,0.211,209.52
4770,2591,30,2,379.13,0.2337,145.7
4771,2591,47,2,239.5,0.2088,89.54
4772,2592,28,1,302.07,0.0965,142.78
4773,2593,8,1,72.36,0.093,43.6
4774,2594,16,1,289.82,0.0696,150.82
4775,2594,53,1,334.39,0.0492,152.79
4776,2595,45,1,87.51,0.2397,39.57
4777,2595,27,1,272.11,0.1843,88.49
4778,2596,9,1,273.34,0.0574,108.49
4779,2596,31,3,97.39,0.1067,39.52
4780,2596,35,2,184.29,0.0678,79.44
4781,2596,6,1,91.16,0.1033,52.6
4782,2597,47,1,179.63,0.0807,89.54
4783,2598,32,1,231.1,0.0871,130.06
4784,2599,7,2,160.19,0.0217,103.55
4785,2599,47,3,169.65,0.0959,89.54
4786,2600,46,2,181.19,0.1081,81.26
4787,2601,44,2,259.36,0.0837,119.7
4788,2602,43,1,392.82,0.1934,182.69
4789,2603,5,1,233.56,0.0549,185.65
4790,2603,52,1,232.45,0.0473,115.34
4791,2603,1,2,147.71,0.1405,91.78
4792,2604,23,1,80.83,0.2675,43.89
4793,2604,1,1,172.33,0.3189,91.78
4794,2604,14,1,192.33,0.2185,105.23
4795,2604,8,1,66.07,0.1698,43.6
4796,2605,32,1,271.88,0.0576,130.06
4797,2606,49,1,106.25,0.0304,73.39
4798,2607,49,3,150.0,0.2199,73.39
4799,2608,31,2,85.22,0.0564,39.52
4800,2609,50,1,181.63,0.0562,118.05
4801,2609,20,1,84.76,0.0231,55.18
4802,2609,6,2,68.37,0.0837,52.6
4803,2610,44,1,202.98,0.0914,119.7
4804,2610,21,2,154.26,0.0573,94.68
4805,2611,8,1,72.36,0.1829,43.6
4806,2611,21,1,197.11,0.1716,94.68
4807,2611,17,2,237.27,0.2967,127.08
4808,2612,3,1,69.55,0.1047,26.91
4809,2612,41,1,471.11,0.069,180.53
4810,2613,39,3,520.48,0.1076,144.85
4811,2613,16,3,276.02,0.0977,150.82
4812,2613,42,1,67.22,0.0346,37.56
4813,2614,22,1,252.98,0.0537,88.13
4814,2615,26,1,343.8,0.1344,164.45
4815,2615,46,1,157.56,0.0892,81.26
4816,2615,1,2,164.12,0.2386,91.78
4817,2616,6,1,87.36,0.0663,52.6
4818,2617,45,1,72.93,0.1068,39.57
4819,2617,38,1,105.64,0.1354,48.05
4820,2617,35,1,153.58,0.1313,79.44
4821,2618,15,2,43.34,0.2021,22.05
4822,2619,4,2,285.23,0.0475,160.15
4823,2620,7,1,169.61,0.1463,103.55
4824,2620,8,1,56.63,0.074,43.6
4825,2620,52,1,232.45,0.1081,115.34
4826,2621,6,1,75.96,0.0737,52.6
4827,2622,17,2,175.37,0.2147,127.08
4828,2623,16,1,234.62,0.0556,150.82
4829,2623,5,3,220.58,0.0812,185.65
4830,2623,21,1,145.69,0.0711,94.68
4831,2623,6,1,64.57,0.0998,52.6
4832,2624,6,1,64.57,0.0675,52.6
4833,2625,40,2,98.32,0.0983,53.25
4834,2625,46,1,133.92,0.1096,81.26
4835,2625,17,2,175.37,0.2313,127.08
4836,2626,27,2,192.75,0.0371,88.49
4837,2626,52,3,219.54,0.0802,115.34
4838,2626,30,1,268.55,0.061,145.7
4839,2627,37,1,106.5,0.0369,61.9
4840,2628,49,1,106.25,0.0603,73.39
4841,2628,5,1,220.58,0.075,185.65
4842,2628,10,1,202.75,0.0871,120.42
4843,2628,44,2,191.7,0.089,119.7
4844,2629,1,3,147.71,0.2037,91.78
4845,2630,50,1,181.63,0.046,118.05
4846,2630,5,3,233.56,0.0633,185.65
4847,2631,9,2,239.17,0.2091,108.49
4848,2631,34,1,96.77,0.1688,37.12
4849,2632,1,1,196.94,0.2337,91.78
4850,2632,35,2,184.29,0.0759,79.44
4851,2632,9,2,273.34,0.1019,108.49
4852,2632,21,2,205.68,0.1187,94.68
4853,2633,4,2,285.23,0.2034,160.15
4854,2633,20,3,98.88,0.1644,55.18
4855,2634,6,1,79.76,0.0391,52.6
4856,2634,42,2,70.58,0.0861,37.56
4857,2634,50,1,211.9,0.0656,118.05
4858,2635,32,2,271.88,0.0811,130.06
4859,2635,43,1,392.82,0.1035,182.69
4860,2636,46,1,157.56,0.0676,81.26
4861,2637,48,1,179.65,0.076,66.62
4862,2637,30,1,284.35,0.0813,145.7
4863,2637,17,1,185.69,0.1398,127.08
4864,2638,53,2,318.47,0.0849,152.79
